<Objs Version="1.1.0.1" xmlns="http://schemas.microsoft.com/powershell/2004/04">
  <Obj RefId="0">
    <TN RefId="0">
      <T>Microsoft.PowerShell.Commands.PSRepositoryItemInfo</T>
      <T>System.Management.Automation.PSCustomObject</T>
      <T>System.Object</T>
    </TN>
    <MS>
      <S N="Name">Az.PowerBIEmbedded</S>
      <S N="Version">1.1.2</S>
      <S N="Type">Module</S>
      <S N="Description">Microsoft Azure PowerShell - Power BI Embedded service management cmdlets for Azure Resource Manager in Windows PowerShell and PowerShell Core.  Creates and manages Power BI Embedded workspace collections and Power BI Dedicated Capacities in Azure Resource Manager._x000D__x000A__x000D__x000A_For more information on Power BI Embedded, please visit the following: https://docs.microsoft.com/azure/power-bi-embedded/</S>
      <S N="Author">Microsoft Corporation</S>
      <S N="CompanyName">azure-sdk</S>
      <S N="Copyright">Microsoft Corporation. All rights reserved.</S>
      <DT N="PublishedDate">2020-06-02T04:17:28-04:00</DT>
      <Nil N="InstalledDate" />
      <Nil N="UpdatedDate" />
      <URI N="LicenseUri">https://aka.ms/azps-license</URI>
      <URI N="ProjectUri">https://github.com/Azure/azure-powershell</URI>
      <Nil N="IconUri" />
      <Obj N="Tags" RefId="1">
        <TN RefId="1">
          <T>System.Object[]</T>
          <T>System.Array</T>
          <T>System.Object</T>
        </TN>
        <LST>
          <S>Azure</S>
          <S>ResourceManager</S>
          <S>ARM</S>
          <S>PowerBI</S>
          <S>PowerBIEmbedded</S>
          <S>PowerBIDedicated</S>
          <S>PowerBIEmbeddedCapacity</S>
          <S>PSModule</S>
          <S>PSEdition_Core</S>
          <S>PSEdition_Desktop</S>
        </LST>
      </Obj>
      <Obj N="Includes" RefId="2">
        <TN RefId="2">
          <T>System.Collections.Hashtable</T>
          <T>System.Object</T>
        </TN>
        <DCT>
          <En>
            <S N="Key">RoleCapability</S>
            <Obj N="Value" RefId="3">
              <TNRef RefId="1" />
              <LST />
            </Obj>
          </En>
          <En>
            <S N="Key">Command</S>
            <Obj N="Value" RefId="4">
              <TNRef RefId="1" />
              <LST>
                <S>Remove-AzPowerBIWorkspaceCollection</S>
                <S>Get-AzPowerBIWorkspaceCollection</S>
                <S>Get-AzPowerBIWorkspaceCollectionAccessKey</S>
                <S>Get-AzPowerBIWorkspace</S>
                <S>New-AzPowerBIWorkspaceCollection</S>
                <S>Reset-AzPowerBIWorkspaceCollectionAccessKey</S>
                <S>Resume-AzPowerBIEmbeddedCapacity</S>
                <S>Suspend-AzPowerBIEmbeddedCapacity</S>
                <S>Get-AzPowerBIEmbeddedCapacity</S>
                <S>Remove-AzPowerBIEmbeddedCapacity</S>
                <S>Update-AzPowerBIEmbeddedCapacity</S>
                <S>Test-AzPowerBIEmbeddedCapacity</S>
                <S>New-AzPowerBIEmbeddedCapacity</S>
              </LST>
            </Obj>
          </En>
          <En>
            <S N="Key">Cmdlet</S>
            <Obj N="Value" RefId="5">
              <TNRef RefId="1" />
              <LST>
                <S>Remove-AzPowerBIWorkspaceCollection</S>
                <S>Get-AzPowerBIWorkspaceCollection</S>
                <S>Get-AzPowerBIWorkspaceCollectionAccessKey</S>
                <S>Get-AzPowerBIWorkspace</S>
                <S>New-AzPowerBIWorkspaceCollection</S>
                <S>Reset-AzPowerBIWorkspaceCollectionAccessKey</S>
                <S>Resume-AzPowerBIEmbeddedCapacity</S>
                <S>Suspend-AzPowerBIEmbeddedCapacity</S>
                <S>Get-AzPowerBIEmbeddedCapacity</S>
                <S>Remove-AzPowerBIEmbeddedCapacity</S>
                <S>Update-AzPowerBIEmbeddedCapacity</S>
                <S>Test-AzPowerBIEmbeddedCapacity</S>
                <S>New-AzPowerBIEmbeddedCapacity</S>
              </LST>
            </Obj>
          </En>
          <En>
            <S N="Key">Function</S>
            <Ref N="Value" RefId="3" />
          </En>
          <En>
            <S N="Key">Workflow</S>
            <Ref N="Value" RefId="3" />
          </En>
          <En>
            <S N="Key">DscResource</S>
            <Ref N="Value" RefId="3" />
          </En>
        </DCT>
      </Obj>
      <Nil N="PowerShellGetFormatVersion" />
      <S N="ReleaseNotes">* Updated assembly version of PowerBI cmdlets</S>
      <Obj N="Dependencies" RefId="6">
        <TNRef RefId="1" />
        <LST>
          <Obj RefId="7">
            <TN RefId="3">
              <T>System.Collections.Specialized.OrderedDictionary</T>
              <T>System.Object</T>
            </TN>
            <DCT>
              <En>
                <S N="Key">Name</S>
                <S N="Value">Az.Accounts</S>
              </En>
              <En>
                <S N="Key">MinimumVersion</S>
                <S N="Value">1.8.1</S>
              </En>
              <En>
                <S N="Key">CanonicalId</S>
                <S N="Value">nuget:Az.Accounts/1.8.1</S>
              </En>
            </DCT>
          </Obj>
        </LST>
      </Obj>
      <S N="RepositorySourceLocation">https://www.powershellgallery.com/api/v2</S>
      <S N="Repository">PSGallery</S>
      <S N="PackageManagementProvider">NuGet</S>
      <Obj N="AdditionalMetadata" RefId="8">
        <TN RefId="4">
          <T>System.Management.Automation.PSCustomObject</T>
          <T>System.Object</T>
        </TN>
        <MS>
          <S N="copyright">Microsoft Corporation. All rights reserved.</S>
          <S N="description">Microsoft Azure PowerShell - Power BI Embedded service management cmdlets for Azure Resource Manager in Windows PowerShell and PowerShell Core.  Creates and manages Power BI Embedded workspace collections and Power BI Dedicated Capacities in Azure Resource Manager._x000D__x000A__x000D__x000A_For more information on Power BI Embedded, please visit the following: https://docs.microsoft.com/azure/power-bi-embedded/</S>
          <S N="requireLicenseAcceptance">True</S>
          <S N="releaseNotes">* Updated assembly version of PowerBI cmdlets</S>
          <S N="isLatestVersion">True</S>
          <S N="isAbsoluteLatestVersion">True</S>
          <S N="versionDownloadCount">572622</S>
          <S N="downloadCount">6283100</S>
          <S N="packageSize">156011</S>
          <S N="published">6/2/2020 4:17:28 AM -04:00</S>
          <S N="created">6/2/2020 4:17:28 AM -04:00</S>
          <S N="lastUpdated">7/8/2020 12:20:03 PM -04:00</S>
          <S N="tags">Azure ResourceManager ARM PowerBI PowerBIEmbedded PowerBIDedicated PowerBIEmbeddedCapacity PSModule PSEdition_Core PSEdition_Desktop PSCmdlet_Remove-AzPowerBIWorkspaceCollection PSCommand_Remove-AzPowerBIWorkspaceCollection PSCmdlet_Get-AzPowerBIWorkspaceCollection PSCommand_Get-AzPowerBIWorkspaceCollection PSCmdlet_Get-AzPowerBIWorkspaceCollectionAccessKey PSCommand_Get-AzPowerBIWorkspaceCollectionAccessKey PSCmdlet_Get-AzPowerBIWorkspace PSCommand_Get-AzPowerBIWorkspace PSCmdlet_New-AzPowerBIWorkspaceCollection PSCommand_New-AzPowerBIWorkspaceCollection PSCmdlet_Reset-AzPowerBIWorkspaceCollectionAccessKey PSCommand_Reset-AzPowerBIWorkspaceCollectionAccessKey PSCmdlet_Resume-AzPowerBIEmbeddedCapacity PSCommand_Resume-AzPowerBIEmbeddedCapacity PSCmdlet_Suspend-AzPowerBIEmbeddedCapacity PSCommand_Suspend-AzPowerBIEmbeddedCapacity PSCmdlet_Get-AzPowerBIEmbeddedCapacity PSCommand_Get-AzPowerBIEmbeddedCapacity PSCmdlet_Remove-AzPowerBIEmbeddedCapacity PSCommand_Remove-AzPowerBIEmbeddedCapacity PSCmdlet_Update-AzPowerBIEmbeddedCapacity PSCommand_Update-AzPowerBIEmbeddedCapacity PSCmdlet_Test-AzPowerBIEmbeddedCapacity PSCommand_Test-AzPowerBIEmbeddedCapacity PSCmdlet_New-AzPowerBIEmbeddedCapacity PSCommand_New-AzPowerBIEmbeddedCapacity PSIncludes_Cmdlet</S>
          <S N="developmentDependency">False</S>
          <S N="updated">2020-07-08T12:20:03Z</S>
          <S N="NormalizedVersion">1.1.2</S>
          <S N="Authors">Microsoft Corporation</S>
          <S N="IsPrerelease">false</S>
          <S N="ItemType">Module</S>
          <S N="FileList">Az.PowerBIEmbedded.nuspec|Az.PowerBIEmbedded.psd1|Az.PowerBIEmbedded.psm1|Microsoft.Azure.Management.PowerBIDedicated.dll|Microsoft.Azure.Management.PowerBIEmbedded.dll|Microsoft.Azure.PowerShell.Cmdlets.PowerBI.deps.json|Microsoft.Azure.PowerShell.Cmdlets.PowerBI.dll|Microsoft.Azure.PowerShell.Cmdlets.PowerBI.dll-Help.xml|Microsoft.Azure.PowerShell.Cmdlets.PowerBIEmbedded.deps.json|Microsoft.Azure.PowerShell.Cmdlets.PowerBIEmbedded.dll|Microsoft.Azure.PowerShell.Cmdlets.PowerBIEmbedded.dll-Help.xml</S>
          <S N="GUID">b45b352f-17bd-465e-b162-10724c318e14</S>
          <S N="PowerShellVersion">5.1</S>
          <S N="DotNetFrameworkVersion">4.7.2</S>
          <S N="CompanyName">Microsoft Corporation</S>
        </MS>
      </Obj>
      <S N="InstalledLocation">/Users/crenaud/git/assembly/abx/abx-powershell/Modules/Az.PowerBIEmbedded/1.1.2</S>
    </MS>
  </Obj>
</Objs>
