<Objs Version="1.1.0.1" xmlns="http://schemas.microsoft.com/powershell/2004/04">
  <Obj RefId="0">
    <TN RefId="0">
      <T>Microsoft.PowerShell.Commands.PSRepositoryItemInfo</T>
      <T>System.Management.Automation.PSCustomObject</T>
      <T>System.Object</T>
    </TN>
    <MS>
      <S N="Name">Az.Functions</S>
      <S N="Version">1.0.1</S>
      <S N="Type">Module</S>
      <S N="Description">Microsoft Azure PowerShell - Azure Functions service cmdlets for Azure Resource Manager in Windows PowerShell and PowerShell Core._x000D__x000A__x000D__x000A_For information on Azure Functions, please visit the following: https://docs.microsoft.com/azure/azure-functions/</S>
      <S N="Author">Microsoft Corporation</S>
      <S N="CompanyName">azure-sdk</S>
      <S N="Copyright">Microsoft Corporation. All rights reserved.</S>
      <DT N="PublishedDate">2020-06-23T06:20:33-04:00</DT>
      <Nil N="InstalledDate" />
      <Nil N="UpdatedDate" />
      <URI N="LicenseUri">https://aka.ms/azps-license</URI>
      <URI N="ProjectUri">https://github.com/Azure/azure-powershell</URI>
      <Nil N="IconUri" />
      <Obj N="Tags" RefId="1">
        <TN RefId="1">
          <T>System.Object[]</T>
          <T>System.Array</T>
          <T>System.Object</T>
        </TN>
        <LST>
          <S>Azure</S>
          <S>ResourceManager</S>
          <S>ARM</S>
          <S>PSModule</S>
          <S>Functions</S>
          <S>PSEdition_Core</S>
          <S>PSEdition_Desktop</S>
        </LST>
      </Obj>
      <Obj N="Includes" RefId="2">
        <TN RefId="2">
          <T>System.Collections.Hashtable</T>
          <T>System.Object</T>
        </TN>
        <DCT>
          <En>
            <S N="Key">RoleCapability</S>
            <Obj N="Value" RefId="3">
              <TNRef RefId="1" />
              <LST />
            </Obj>
          </En>
          <En>
            <S N="Key">Command</S>
            <Obj N="Value" RefId="4">
              <TNRef RefId="1" />
              <LST>
                <S>Get-AzFunctionApp</S>
                <S>Get-AzFunctionAppAvailableLocation</S>
                <S>Get-AzFunctionAppPlan</S>
                <S>Get-AzFunctionAppSetting</S>
                <S>New-AzFunctionApp</S>
                <S>New-AzFunctionAppPlan</S>
                <S>Remove-AzFunctionApp</S>
                <S>Remove-AzFunctionAppPlan</S>
                <S>Remove-AzFunctionAppSetting</S>
                <S>Restart-AzFunctionApp</S>
                <S>Start-AzFunctionApp</S>
                <S>Stop-AzFunctionApp</S>
                <S>Update-AzFunctionApp</S>
                <S>Update-AzFunctionAppPlan</S>
                <S>Update-AzFunctionAppSetting</S>
              </LST>
            </Obj>
          </En>
          <En>
            <S N="Key">Cmdlet</S>
            <Ref N="Value" RefId="3" />
          </En>
          <En>
            <S N="Key">Function</S>
            <Obj N="Value" RefId="5">
              <TNRef RefId="1" />
              <LST>
                <S>Get-AzFunctionApp</S>
                <S>Get-AzFunctionAppAvailableLocation</S>
                <S>Get-AzFunctionAppPlan</S>
                <S>Get-AzFunctionAppSetting</S>
                <S>New-AzFunctionApp</S>
                <S>New-AzFunctionAppPlan</S>
                <S>Remove-AzFunctionApp</S>
                <S>Remove-AzFunctionAppPlan</S>
                <S>Remove-AzFunctionAppSetting</S>
                <S>Restart-AzFunctionApp</S>
                <S>Start-AzFunctionApp</S>
                <S>Stop-AzFunctionApp</S>
                <S>Update-AzFunctionApp</S>
                <S>Update-AzFunctionAppPlan</S>
                <S>Update-AzFunctionAppSetting</S>
              </LST>
            </Obj>
          </En>
          <En>
            <S N="Key">Workflow</S>
            <Ref N="Value" RefId="3" />
          </En>
          <En>
            <S N="Key">DscResource</S>
            <Ref N="Value" RefId="3" />
          </En>
        </DCT>
      </Obj>
      <Nil N="PowerShellGetFormatVersion" />
      <S N="ReleaseNotes">* Added support to create PowerShell 7.0 and Java 11 function apps</S>
      <Obj N="Dependencies" RefId="6">
        <TNRef RefId="1" />
        <LST>
          <Obj RefId="7">
            <TN RefId="3">
              <T>System.Collections.Specialized.OrderedDictionary</T>
              <T>System.Object</T>
            </TN>
            <DCT>
              <En>
                <S N="Key">Name</S>
                <S N="Value">Az.Accounts</S>
              </En>
              <En>
                <S N="Key">MinimumVersion</S>
                <S N="Value">1.9.0</S>
              </En>
              <En>
                <S N="Key">CanonicalId</S>
                <S N="Value">nuget:Az.Accounts/1.9.0</S>
              </En>
            </DCT>
          </Obj>
        </LST>
      </Obj>
      <S N="RepositorySourceLocation">https://www.powershellgallery.com/api/v2</S>
      <S N="Repository">PSGallery</S>
      <S N="PackageManagementProvider">NuGet</S>
      <Obj N="AdditionalMetadata" RefId="8">
        <TN RefId="4">
          <T>System.Management.Automation.PSCustomObject</T>
          <T>System.Object</T>
        </TN>
        <MS>
          <S N="copyright">Microsoft Corporation. All rights reserved.</S>
          <S N="description">Microsoft Azure PowerShell - Azure Functions service cmdlets for Azure Resource Manager in Windows PowerShell and PowerShell Core._x000D__x000A__x000D__x000A_For information on Azure Functions, please visit the following: https://docs.microsoft.com/azure/azure-functions/</S>
          <S N="requireLicenseAcceptance">True</S>
          <S N="releaseNotes">* Added support to create PowerShell 7.0 and Java 11 function apps</S>
          <S N="isLatestVersion">True</S>
          <S N="isAbsoluteLatestVersion">True</S>
          <S N="versionDownloadCount">267826</S>
          <S N="downloadCount">773518</S>
          <S N="packageSize">2978687</S>
          <S N="published">6/23/2020 6:20:33 AM -04:00</S>
          <S N="created">6/23/2020 6:20:33 AM -04:00</S>
          <S N="lastUpdated">7/8/2020 12:20:03 PM -04:00</S>
          <S N="tags">Azure ResourceManager ARM PSModule Functions PSEdition_Core PSEdition_Desktop PSFunction_Get-AzFunctionApp PSCommand_Get-AzFunctionApp PSFunction_Get-AzFunctionAppAvailableLocation PSCommand_Get-AzFunctionAppAvailableLocation PSFunction_Get-AzFunctionAppPlan PSCommand_Get-AzFunctionAppPlan PSFunction_Get-AzFunctionAppSetting PSCommand_Get-AzFunctionAppSetting PSFunction_New-AzFunctionApp PSCommand_New-AzFunctionApp PSFunction_New-AzFunctionAppPlan PSCommand_New-AzFunctionAppPlan PSFunction_Remove-AzFunctionApp PSCommand_Remove-AzFunctionApp PSFunction_Remove-AzFunctionAppPlan PSCommand_Remove-AzFunctionAppPlan PSFunction_Remove-AzFunctionAppSetting PSCommand_Remove-AzFunctionAppSetting PSFunction_Restart-AzFunctionApp PSCommand_Restart-AzFunctionApp PSFunction_Start-AzFunctionApp PSCommand_Start-AzFunctionApp PSFunction_Stop-AzFunctionApp PSCommand_Stop-AzFunctionApp PSFunction_Update-AzFunctionApp PSCommand_Update-AzFunctionApp PSFunction_Update-AzFunctionAppPlan PSCommand_Update-AzFunctionAppPlan PSFunction_Update-AzFunctionAppSetting PSCommand_Update-AzFunctionAppSetting PSIncludes_Function</S>
          <S N="developmentDependency">False</S>
          <S N="updated">2020-07-08T12:20:03Z</S>
          <S N="NormalizedVersion">1.0.1</S>
          <S N="Authors">Microsoft Corporation</S>
          <S N="IsPrerelease">false</S>
          <S N="ItemType">Module</S>
          <S N="FileList">Az.Functions.nuspec|Az.Functions.format.ps1xml|Az.Functions.psd1|Az.Functions.psm1|bin\Az.Functions.private.deps.json|bin\Az.Functions.private.dll|custom\Az.Functions.custom.psm1|custom\Functions.format.ps1xml|custom\Functions.types.ps1xml|custom\Get-AzFunctionApp.ps1|custom\Get-AzFunctionAppAvailableLocation.ps1|custom\Get-AzFunctionAppPlan.ps1|custom\Get-AzFunctionAppSetting.ps1|custom\HelperFunctions.ps1|custom\New-AzFunctionApp.ps1|custom\New-AzFunctionAppPlan.ps1|custom\Remove-AzFunctionApp.ps1|custom\Remove-AzFunctionAppPlan.ps1|custom\Remove-AzFunctionAppSetting.ps1|custom\Restart-AzFunctionApp.ps1|custom\Start-AzFunctionApp.ps1|custom\Stop-AzFunctionApp.ps1|custom\Update-AzFunctionApp.ps1|custom\Update-AzFunctionAppPlan.ps1|custom\Update-AzFunctionAppSetting.ps1|custom\api\Models\Api20190801\ManagedServiceIdentityUserAssignedIdentities.cs|custom\api\Support\AvailablePlanType.cs|custom\api\Support\FunctionAppManagedServiceIdentityCreateType.cs|custom\api\Support\FunctionAppManagedServiceIdentityUpdateType.cs|custom\api\Support\FunctionsVersionType.cs|custom\api\Support\PlanType.cs|custom\api\Support\RuntimeType.cs|custom\api\Support\SkuType.cs|custom\api\Support\WorkerType.cs|custom\Api20190801\AppServicePlan.cs|custom\Api20190801\Site.cs|custom\FunctionsStack\LinuxFunctionsStacks.json|custom\FunctionsStack\WindowsFunctionsStacks.json|exports\ProxyCmdletDefinitions.ps1|internal\Az.Functions.internal.psm1|internal\ProxyCmdletDefinitions.ps1</S>
          <S N="GUID">eafced71-8742-4a2c-5afd-13117428dd90</S>
          <S N="PowerShellVersion">5.1</S>
          <S N="DotNetFrameworkVersion">4.7.2</S>
          <S N="CompanyName">Microsoft Corporation</S>
        </MS>
      </Obj>
      <S N="InstalledLocation">/Users/crenaud/git/assembly/abx/abx-powershell/Modules/Az.Functions/1.0.1</S>
    </MS>
  </Obj>
</Objs>
