<Objs Version="1.1.0.1" xmlns="http://schemas.microsoft.com/powershell/2004/04">
  <Obj RefId="0">
    <TN RefId="0">
      <T>Microsoft.PowerShell.Commands.PSRepositoryItemInfo</T>
      <T>System.Management.Automation.PSCustomObject</T>
      <T>System.Object</T>
    </TN>
    <MS>
      <S N="Name">Az.SqlVirtualMachine</S>
      <S N="Version">1.1.0</S>
      <S N="Type">Module</S>
      <S N="Description">Microsoft Azure PowerShell - SqlVirtualMachine service cmdlets for Azure Resource Manager in Windows PowerShell and PowerShell Core.</S>
      <S N="Author">Microsoft Corporation</S>
      <S N="CompanyName">azure-sdk</S>
      <S N="Copyright">Microsoft Corporation. All rights reserved.</S>
      <DT N="PublishedDate">2020-02-18T07:58:18-05:00</DT>
      <Nil N="InstalledDate" />
      <Nil N="UpdatedDate" />
      <URI N="LicenseUri">https://aka.ms/azps-license</URI>
      <URI N="ProjectUri">https://github.com/Azure/azure-powershell</URI>
      <Nil N="IconUri" />
      <Obj N="Tags" RefId="1">
        <TN RefId="1">
          <T>System.Object[]</T>
          <T>System.Array</T>
          <T>System.Object</T>
        </TN>
        <LST>
          <S>Azure</S>
          <S>ResourceManager</S>
          <S>ARM</S>
          <S>SqlVirtualMachine</S>
          <S>PSModule</S>
          <S>PSEdition_Core</S>
          <S>PSEdition_Desktop</S>
        </LST>
      </Obj>
      <Obj N="Includes" RefId="2">
        <TN RefId="2">
          <T>System.Collections.Hashtable</T>
          <T>System.Object</T>
        </TN>
        <DCT>
          <En>
            <S N="Key">RoleCapability</S>
            <Obj N="Value" RefId="3">
              <TNRef RefId="1" />
              <LST />
            </Obj>
          </En>
          <En>
            <S N="Key">Command</S>
            <Obj N="Value" RefId="4">
              <TNRef RefId="1" />
              <LST>
                <S>New-AzSqlVM</S>
                <S>Get-AzSqlVM</S>
                <S>Update-AzSqlVM</S>
                <S>Remove-AzSqlVM</S>
                <S>New-AzSqlVMConfig</S>
                <S>Set-AzSqlVMConfigGroup</S>
                <S>New-AzSqlVMGroup</S>
                <S>Get-AzSqlVMGroup</S>
                <S>Update-AzSqlVMGroup</S>
                <S>Remove-AzSqlVMGroup</S>
                <S>New-AzAvailabilityGroupListener</S>
                <S>Get-AzAvailabilityGroupListener</S>
                <S>Update-AzAvailabilityGroupListener</S>
                <S>Remove-AzAvailabilityGroupListener</S>
              </LST>
            </Obj>
          </En>
          <En>
            <S N="Key">Cmdlet</S>
            <Obj N="Value" RefId="5">
              <TNRef RefId="1" />
              <LST>
                <S>New-AzSqlVM</S>
                <S>Get-AzSqlVM</S>
                <S>Update-AzSqlVM</S>
                <S>Remove-AzSqlVM</S>
                <S>New-AzSqlVMConfig</S>
                <S>Set-AzSqlVMConfigGroup</S>
                <S>New-AzSqlVMGroup</S>
                <S>Get-AzSqlVMGroup</S>
                <S>Update-AzSqlVMGroup</S>
                <S>Remove-AzSqlVMGroup</S>
                <S>New-AzAvailabilityGroupListener</S>
                <S>Get-AzAvailabilityGroupListener</S>
                <S>Update-AzAvailabilityGroupListener</S>
                <S>Remove-AzAvailabilityGroupListener</S>
              </LST>
            </Obj>
          </En>
          <En>
            <S N="Key">Function</S>
            <Ref N="Value" RefId="3" />
          </En>
          <En>
            <S N="Key">Workflow</S>
            <Ref N="Value" RefId="3" />
          </En>
          <En>
            <S N="Key">DscResource</S>
            <Ref N="Value" RefId="3" />
          </En>
        </DCT>
      </Obj>
      <Nil N="PowerShellGetFormatVersion" />
      <S N="ReleaseNotes">* Added cmdlets for Availability Group Listener</S>
      <Obj N="Dependencies" RefId="6">
        <TNRef RefId="1" />
        <LST>
          <Obj RefId="7">
            <TN RefId="3">
              <T>System.Collections.Specialized.OrderedDictionary</T>
              <T>System.Object</T>
            </TN>
            <DCT>
              <En>
                <S N="Key">Name</S>
                <S N="Value">Az.Accounts</S>
              </En>
              <En>
                <S N="Key">MinimumVersion</S>
                <S N="Value">1.6.2</S>
              </En>
              <En>
                <S N="Key">CanonicalId</S>
                <S N="Value">nuget:Az.Accounts/1.6.2</S>
              </En>
            </DCT>
          </Obj>
        </LST>
      </Obj>
      <S N="RepositorySourceLocation">https://www.powershellgallery.com/api/v2</S>
      <S N="Repository">PSGallery</S>
      <S N="PackageManagementProvider">NuGet</S>
      <Obj N="AdditionalMetadata" RefId="8">
        <TN RefId="4">
          <T>System.Management.Automation.PSCustomObject</T>
          <T>System.Object</T>
        </TN>
        <MS>
          <S N="copyright">Microsoft Corporation. All rights reserved.</S>
          <S N="description">Microsoft Azure PowerShell - SqlVirtualMachine service cmdlets for Azure Resource Manager in Windows PowerShell and PowerShell Core.</S>
          <S N="requireLicenseAcceptance">True</S>
          <S N="releaseNotes">* Added cmdlets for Availability Group Listener</S>
          <S N="isLatestVersion">True</S>
          <S N="isAbsoluteLatestVersion">True</S>
          <S N="versionDownloadCount">2204868</S>
          <S N="downloadCount">3521557</S>
          <S N="packageSize">139020</S>
          <S N="published">2/18/2020 7:58:18 AM -05:00</S>
          <S N="created">2/18/2020 7:58:18 AM -05:00</S>
          <S N="lastUpdated">7/8/2020 12:20:03 PM -04:00</S>
          <S N="tags">Azure ResourceManager ARM SqlVirtualMachine PSModule PSEdition_Core PSEdition_Desktop PSCmdlet_New-AzSqlVM PSCommand_New-AzSqlVM PSCmdlet_Get-AzSqlVM PSCommand_Get-AzSqlVM PSCmdlet_Update-AzSqlVM PSCommand_Update-AzSqlVM PSCmdlet_Remove-AzSqlVM PSCommand_Remove-AzSqlVM PSCmdlet_New-AzSqlVMConfig PSCommand_New-AzSqlVMConfig PSCmdlet_Set-AzSqlVMConfigGroup PSCommand_Set-AzSqlVMConfigGroup PSCmdlet_New-AzSqlVMGroup PSCommand_New-AzSqlVMGroup PSCmdlet_Get-AzSqlVMGroup PSCommand_Get-AzSqlVMGroup PSCmdlet_Update-AzSqlVMGroup PSCommand_Update-AzSqlVMGroup PSCmdlet_Remove-AzSqlVMGroup PSCommand_Remove-AzSqlVMGroup PSCmdlet_New-AzAvailabilityGroupListener PSCommand_New-AzAvailabilityGroupListener PSCmdlet_Get-AzAvailabilityGroupListener PSCommand_Get-AzAvailabilityGroupListener PSCmdlet_Update-AzAvailabilityGroupListener PSCommand_Update-AzAvailabilityGroupListener PSCmdlet_Remove-AzAvailabilityGroupListener PSCommand_Remove-AzAvailabilityGroupListener PSIncludes_Cmdlet</S>
          <S N="developmentDependency">False</S>
          <S N="updated">2020-07-08T12:20:03Z</S>
          <S N="NormalizedVersion">1.1.0</S>
          <S N="Authors">Microsoft Corporation</S>
          <S N="IsPrerelease">false</S>
          <S N="ItemType">Module</S>
          <S N="FileList">Az.SqlVirtualMachine.nuspec|Az.SqlVirtualMachine.psd1|Az.SqlVirtualMachine.psm1|Microsoft.Azure.Management.SqlVirtualMachine.dll|Microsoft.Azure.PowerShell.Cmdlets.SqlVirtualMachine.deps.json|Microsoft.Azure.PowerShell.Cmdlets.SqlVirtualMachine.dll|Microsoft.Azure.PowerShell.Cmdlets.SqlVirtualMachine.dll-Help.xml|Microsoft.Azure.PowerShell.Cmdlets.SqlVirtualMachine.generated.format.ps1xml</S>
          <S N="GUID">91832aaa-dc11-4583-8239-bce5fd531604</S>
          <S N="PowerShellVersion">5.1</S>
          <S N="DotNetFrameworkVersion">4.7.2</S>
          <S N="CompanyName">Microsoft Corporation</S>
        </MS>
      </Obj>
      <S N="InstalledLocation">/Users/crenaud/git/assembly/abx/abx-powershell/Modules/Az.SqlVirtualMachine/1.1.0</S>
    </MS>
  </Obj>
</Objs>
