<Objs Version="1.1.0.1" xmlns="http://schemas.microsoft.com/powershell/2004/04">
  <Obj RefId="0">
    <TN RefId="0">
      <T>Microsoft.PowerShell.Commands.PSRepositoryItemInfo</T>
      <T>System.Management.Automation.PSCustomObject</T>
      <T>System.Object</T>
    </TN>
    <MS>
      <S N="Name">Az.AnalysisServices</S>
      <S N="Version">1.1.3</S>
      <S N="Type">Module</S>
      <S N="Description">Microsoft Azure PowerShell - Analysis Services cmdlets for Windows PowerShell and PowerShell Core._x000D__x000A__x000D__x000A_For more information on Analysis Services, please visit the following: https://docs.microsoft.com/azure/analysis-services/</S>
      <S N="Author">Microsoft Corporation</S>
      <S N="CompanyName">azure-sdk</S>
      <S N="Copyright">Microsoft Corporation. All rights reserved.</S>
      <DT N="PublishedDate">2020-06-02T04:12:58-04:00</DT>
      <Nil N="InstalledDate" />
      <Nil N="UpdatedDate" />
      <URI N="LicenseUri">https://aka.ms/azps-license</URI>
      <URI N="ProjectUri">https://github.com/Azure/azure-powershell</URI>
      <Nil N="IconUri" />
      <Obj N="Tags" RefId="1">
        <TN RefId="1">
          <T>System.Object[]</T>
          <T>System.Array</T>
          <T>System.Object</T>
        </TN>
        <LST>
          <S>Azure</S>
          <S>ResourceManager</S>
          <S>ARM</S>
          <S>AzureAS</S>
          <S>AS</S>
          <S>PSModule</S>
          <S>PSEdition_Core</S>
          <S>PSEdition_Desktop</S>
        </LST>
      </Obj>
      <Obj N="Includes" RefId="2">
        <TN RefId="2">
          <T>System.Collections.Hashtable</T>
          <T>System.Object</T>
        </TN>
        <DCT>
          <En>
            <S N="Key">RoleCapability</S>
            <Obj N="Value" RefId="3">
              <TNRef RefId="1" />
              <LST />
            </Obj>
          </En>
          <En>
            <S N="Key">Command</S>
            <Obj N="Value" RefId="4">
              <TNRef RefId="1" />
              <LST>
                <S>Resume-AzAnalysisServicesServer</S>
                <S>Suspend-AzAnalysisServicesServer</S>
                <S>Get-AzAnalysisServicesServer</S>
                <S>Remove-AzAnalysisServicesServer</S>
                <S>Set-AzAnalysisServicesServer</S>
                <S>Test-AzAnalysisServicesServer</S>
                <S>New-AzAnalysisServicesServer</S>
                <S>New-AzAnalysisServicesFirewallRule</S>
                <S>New-AzAnalysisServicesFirewallConfig</S>
                <S>Add-AzAnalysisServicesAccount</S>
                <S>Restart-AzAnalysisServicesInstance</S>
                <S>Export-AzAnalysisServicesInstanceLog</S>
                <S>Sync-AzAnalysisServicesInstance</S>
              </LST>
            </Obj>
          </En>
          <En>
            <S N="Key">Cmdlet</S>
            <Obj N="Value" RefId="5">
              <TNRef RefId="1" />
              <LST>
                <S>Resume-AzAnalysisServicesServer</S>
                <S>Suspend-AzAnalysisServicesServer</S>
                <S>Get-AzAnalysisServicesServer</S>
                <S>Remove-AzAnalysisServicesServer</S>
                <S>Set-AzAnalysisServicesServer</S>
                <S>Test-AzAnalysisServicesServer</S>
                <S>New-AzAnalysisServicesServer</S>
                <S>New-AzAnalysisServicesFirewallRule</S>
                <S>New-AzAnalysisServicesFirewallConfig</S>
                <S>Add-AzAnalysisServicesAccount</S>
                <S>Restart-AzAnalysisServicesInstance</S>
                <S>Export-AzAnalysisServicesInstanceLog</S>
                <S>Sync-AzAnalysisServicesInstance</S>
              </LST>
            </Obj>
          </En>
          <En>
            <S N="Key">Function</S>
            <Ref N="Value" RefId="3" />
          </En>
          <En>
            <S N="Key">Workflow</S>
            <Ref N="Value" RefId="3" />
          </En>
          <En>
            <S N="Key">DscResource</S>
            <Ref N="Value" RefId="3" />
          </En>
        </DCT>
      </Obj>
      <Nil N="PowerShellGetFormatVersion" />
      <S N="ReleaseNotes">* Updated assembly version of data plane cmdlets</S>
      <Obj N="Dependencies" RefId="6">
        <TNRef RefId="1" />
        <LST>
          <Obj RefId="7">
            <TN RefId="3">
              <T>System.Collections.Specialized.OrderedDictionary</T>
              <T>System.Object</T>
            </TN>
            <DCT>
              <En>
                <S N="Key">Name</S>
                <S N="Value">Az.Accounts</S>
              </En>
              <En>
                <S N="Key">MinimumVersion</S>
                <S N="Value">1.8.1</S>
              </En>
              <En>
                <S N="Key">CanonicalId</S>
                <S N="Value">nuget:Az.Accounts/1.8.1</S>
              </En>
            </DCT>
          </Obj>
        </LST>
      </Obj>
      <S N="RepositorySourceLocation">https://www.powershellgallery.com/api/v2</S>
      <S N="Repository">PSGallery</S>
      <S N="PackageManagementProvider">NuGet</S>
      <Obj N="AdditionalMetadata" RefId="8">
        <TN RefId="4">
          <T>System.Management.Automation.PSCustomObject</T>
          <T>System.Object</T>
        </TN>
        <MS>
          <S N="copyright">Microsoft Corporation. All rights reserved.</S>
          <S N="description">Microsoft Azure PowerShell - Analysis Services cmdlets for Windows PowerShell and PowerShell Core._x000D__x000A__x000D__x000A_For more information on Analysis Services, please visit the following: https://docs.microsoft.com/azure/analysis-services/</S>
          <S N="requireLicenseAcceptance">True</S>
          <S N="releaseNotes">* Updated assembly version of data plane cmdlets</S>
          <S N="isLatestVersion">True</S>
          <S N="isAbsoluteLatestVersion">True</S>
          <S N="versionDownloadCount">612369</S>
          <S N="downloadCount">6881362</S>
          <S N="packageSize">141316</S>
          <S N="published">6/2/2020 4:12:58 AM -04:00</S>
          <S N="created">6/2/2020 4:12:58 AM -04:00</S>
          <S N="lastUpdated">7/8/2020 12:19:49 PM -04:00</S>
          <S N="tags">Azure ResourceManager ARM AzureAS AS PSModule PSEdition_Core PSEdition_Desktop PSCmdlet_Resume-AzAnalysisServicesServer PSCommand_Resume-AzAnalysisServicesServer PSCmdlet_Suspend-AzAnalysisServicesServer PSCommand_Suspend-AzAnalysisServicesServer PSCmdlet_Get-AzAnalysisServicesServer PSCommand_Get-AzAnalysisServicesServer PSCmdlet_Remove-AzAnalysisServicesServer PSCommand_Remove-AzAnalysisServicesServer PSCmdlet_Set-AzAnalysisServicesServer PSCommand_Set-AzAnalysisServicesServer PSCmdlet_Test-AzAnalysisServicesServer PSCommand_Test-AzAnalysisServicesServer PSCmdlet_New-AzAnalysisServicesServer PSCommand_New-AzAnalysisServicesServer PSCmdlet_New-AzAnalysisServicesFirewallRule PSCommand_New-AzAnalysisServicesFirewallRule PSCmdlet_New-AzAnalysisServicesFirewallConfig PSCommand_New-AzAnalysisServicesFirewallConfig PSCmdlet_Add-AzAnalysisServicesAccount PSCommand_Add-AzAnalysisServicesAccount PSCmdlet_Restart-AzAnalysisServicesInstance PSCommand_Restart-AzAnalysisServicesInstance PSCmdlet_Export-AzAnalysisServicesInstanceLog PSCommand_Export-AzAnalysisServicesInstanceLog PSCmdlet_Sync-AzAnalysisServicesInstance PSCommand_Sync-AzAnalysisServicesInstance PSIncludes_Cmdlet</S>
          <S N="developmentDependency">False</S>
          <S N="updated">2020-07-08T12:19:49Z</S>
          <S N="NormalizedVersion">1.1.3</S>
          <S N="Authors">Microsoft Corporation</S>
          <S N="IsPrerelease">false</S>
          <S N="ItemType">Module</S>
          <S N="FileList">Az.AnalysisServices.nuspec|Az.AnalysisServices.psd1|Az.AnalysisServices.psm1|Microsoft.Azure.Management.Analysis.dll|Microsoft.Azure.PowerShell.Cmdlets.AnalysisServices.Dataplane.deps.json|Microsoft.Azure.PowerShell.Cmdlets.AnalysisServices.Dataplane.dll|Microsoft.Azure.PowerShell.Cmdlets.AnalysisServices.Dataplane.dll-Help.xml|Microsoft.Azure.PowerShell.Cmdlets.AnalysisServices.deps.json|Microsoft.Azure.PowerShell.Cmdlets.AnalysisServices.dll|Microsoft.Azure.PowerShell.Cmdlets.AnalysisServices.dll-Help.xml</S>
          <S N="GUID">d4877565-4778-42de-b494-79491ab9c31c</S>
          <S N="PowerShellVersion">5.1</S>
          <S N="DotNetFrameworkVersion">4.7.2</S>
          <S N="CompanyName">Microsoft Corporation</S>
        </MS>
      </Obj>
      <S N="InstalledLocation">/Users/crenaud/git/assembly/abx/abx-powershell/Modules/Az.AnalysisServices/1.1.3</S>
    </MS>
  </Obj>
</Objs>
