<Objs Version="1.1.0.1" xmlns="http://schemas.microsoft.com/powershell/2004/04">
  <Obj RefId="0">
    <TN RefId="0">
      <T>Microsoft.PowerShell.Commands.PSRepositoryItemInfo</T>
      <T>System.Management.Automation.PSCustomObject</T>
      <T>System.Object</T>
    </TN>
    <MS>
      <S N="Name">Az.Maintenance</S>
      <S N="Version">1.0.0</S>
      <S N="Type">Module</S>
      <S N="Description">Microsoft Azure PowerShell - Maintenance cmdlets for Azure Resource Manager in Windows PowerShell and PowerShell Core._x000D__x000A__x000D__x000A_For more information on Maintenance, please visit the following: https://docs.microsoft.com/azure/maintenance/</S>
      <S N="Author">Microsoft Corporation</S>
      <S N="CompanyName">azure-sdk</S>
      <S N="Copyright">Microsoft Corporation. All rights reserved.</S>
      <DT N="PublishedDate">2020-04-21T10:27:18-04:00</DT>
      <Nil N="InstalledDate" />
      <Nil N="UpdatedDate" />
      <URI N="LicenseUri">https://aka.ms/azps-license</URI>
      <URI N="ProjectUri">https://github.com/Azure/azure-powershell</URI>
      <Nil N="IconUri" />
      <Obj N="Tags" RefId="1">
        <TN RefId="1">
          <T>System.Object[]</T>
          <T>System.Array</T>
          <T>System.Object</T>
        </TN>
        <LST>
          <S>Azure</S>
          <S>ResourceManager</S>
          <S>ARM</S>
          <S>Maintenance</S>
          <S>PSModule</S>
          <S>PSEdition_Core</S>
          <S>PSEdition_Desktop</S>
        </LST>
      </Obj>
      <Obj N="Includes" RefId="2">
        <TN RefId="2">
          <T>System.Collections.Hashtable</T>
          <T>System.Object</T>
        </TN>
        <DCT>
          <En>
            <S N="Key">RoleCapability</S>
            <Obj N="Value" RefId="3">
              <TNRef RefId="1" />
              <LST />
            </Obj>
          </En>
          <En>
            <S N="Key">Command</S>
            <Obj N="Value" RefId="4">
              <TNRef RefId="1" />
              <LST>
                <S>Get-AzApplyUpdate</S>
                <S>Get-AzConfigurationAssignment</S>
                <S>Get-AzMaintenanceConfiguration</S>
                <S>Get-AzMaintenanceUpdate</S>
                <S>New-AzApplyUpdate</S>
                <S>New-AzConfigurationAssignment</S>
                <S>New-AzMaintenanceConfiguration</S>
                <S>Remove-AzConfigurationAssignment</S>
                <S>Remove-AzMaintenanceConfiguration</S>
                <S>Update-AzMaintenanceConfiguration</S>
              </LST>
            </Obj>
          </En>
          <En>
            <S N="Key">Cmdlet</S>
            <Obj N="Value" RefId="5">
              <TNRef RefId="1" />
              <LST>
                <S>Get-AzApplyUpdate</S>
                <S>Get-AzConfigurationAssignment</S>
                <S>Get-AzMaintenanceConfiguration</S>
                <S>Get-AzMaintenanceUpdate</S>
                <S>New-AzApplyUpdate</S>
                <S>New-AzConfigurationAssignment</S>
                <S>New-AzMaintenanceConfiguration</S>
                <S>Remove-AzConfigurationAssignment</S>
                <S>Remove-AzMaintenanceConfiguration</S>
                <S>Update-AzMaintenanceConfiguration</S>
              </LST>
            </Obj>
          </En>
          <En>
            <S N="Key">Function</S>
            <Ref N="Value" RefId="3" />
          </En>
          <En>
            <S N="Key">Workflow</S>
            <Ref N="Value" RefId="3" />
          </En>
          <En>
            <S N="Key">DscResource</S>
            <Ref N="Value" RefId="3" />
          </En>
        </DCT>
      </Obj>
      <Nil N="PowerShellGetFormatVersion" />
      <S N="ReleaseNotes">* Publishing release version of Maintenance cmdlets for GA</S>
      <Obj N="Dependencies" RefId="6">
        <TNRef RefId="1" />
        <LST>
          <Obj RefId="7">
            <TN RefId="3">
              <T>System.Collections.Specialized.OrderedDictionary</T>
              <T>System.Object</T>
            </TN>
            <DCT>
              <En>
                <S N="Key">Name</S>
                <S N="Value">Az.Accounts</S>
              </En>
              <En>
                <S N="Key">MinimumVersion</S>
                <S N="Value">1.7.5</S>
              </En>
              <En>
                <S N="Key">CanonicalId</S>
                <S N="Value">nuget:Az.Accounts/1.7.5</S>
              </En>
            </DCT>
          </Obj>
        </LST>
      </Obj>
      <S N="RepositorySourceLocation">https://www.powershellgallery.com/api/v2</S>
      <S N="Repository">PSGallery</S>
      <S N="PackageManagementProvider">NuGet</S>
      <Obj N="AdditionalMetadata" RefId="8">
        <TN RefId="4">
          <T>System.Management.Automation.PSCustomObject</T>
          <T>System.Object</T>
        </TN>
        <MS>
          <S N="copyright">Microsoft Corporation. All rights reserved.</S>
          <S N="description">Microsoft Azure PowerShell - Maintenance cmdlets for Azure Resource Manager in Windows PowerShell and PowerShell Core._x000D__x000A__x000D__x000A_For more information on Maintenance, please visit the following: https://docs.microsoft.com/azure/maintenance/</S>
          <S N="requireLicenseAcceptance">True</S>
          <S N="releaseNotes">* Publishing release version of Maintenance cmdlets for GA</S>
          <S N="isLatestVersion">True</S>
          <S N="isAbsoluteLatestVersion">True</S>
          <S N="versionDownloadCount">1260749</S>
          <S N="downloadCount">1260866</S>
          <S N="packageSize">247021</S>
          <S N="published">4/21/2020 10:27:18 AM -04:00</S>
          <S N="created">4/21/2020 10:27:18 AM -04:00</S>
          <S N="lastUpdated">7/8/2020 12:20:03 PM -04:00</S>
          <S N="tags">Azure ResourceManager ARM Maintenance PSModule PSEdition_Core PSEdition_Desktop PSCmdlet_Get-AzApplyUpdate PSCommand_Get-AzApplyUpdate PSCmdlet_Get-AzConfigurationAssignment PSCommand_Get-AzConfigurationAssignment PSCmdlet_Get-AzMaintenanceConfiguration PSCommand_Get-AzMaintenanceConfiguration PSCmdlet_Get-AzMaintenanceUpdate PSCommand_Get-AzMaintenanceUpdate PSCmdlet_New-AzApplyUpdate PSCommand_New-AzApplyUpdate PSCmdlet_New-AzConfigurationAssignment PSCommand_New-AzConfigurationAssignment PSCmdlet_New-AzMaintenanceConfiguration PSCommand_New-AzMaintenanceConfiguration PSCmdlet_Remove-AzConfigurationAssignment PSCommand_Remove-AzConfigurationAssignment PSCmdlet_Remove-AzMaintenanceConfiguration PSCommand_Remove-AzMaintenanceConfiguration PSCmdlet_Update-AzMaintenanceConfiguration PSCommand_Update-AzMaintenanceConfiguration PSIncludes_Cmdlet</S>
          <S N="developmentDependency">False</S>
          <S N="updated">2020-07-08T12:20:03Z</S>
          <S N="NormalizedVersion">1.0.0</S>
          <S N="Authors">Microsoft Corporation</S>
          <S N="IsPrerelease">false</S>
          <S N="ItemType">Module</S>
          <S N="FileList">Az.Maintenance.nuspec|AutoMapper.dll|Az.Maintenance.psd1|Az.Maintenance.psm1|Maintenance.format.ps1xml|Microsoft.Azure.Management.Maintenance.dll|Microsoft.Azure.PowerShell.Cmdlets.Maintenance.deps.json|Microsoft.Azure.PowerShell.Cmdlets.Maintenance.dll|Microsoft.Azure.PowerShell.Cmdlets.Maintenance.dll-Help.xml</S>
          <S N="GUID">4c06e8d3-d64f-4497-8574-16e0c9dfebb2</S>
          <S N="PowerShellVersion">5.1</S>
          <S N="DotNetFrameworkVersion">4.7.2</S>
          <S N="CompanyName">Microsoft Corporation</S>
        </MS>
      </Obj>
      <S N="InstalledLocation">/Users/crenaud/git/assembly/abx/abx-powershell/Modules/Az.Maintenance/1.0.0</S>
    </MS>
  </Obj>
</Objs>
