<Objs Version="1.1.0.1" xmlns="http://schemas.microsoft.com/powershell/2004/04">
  <Obj RefId="0">
    <TN RefId="0">
      <T>Microsoft.PowerShell.Commands.PSRepositoryItemInfo</T>
      <T>System.Management.Automation.PSCustomObject</T>
      <T>System.Object</T>
    </TN>
    <MS>
      <S N="Name">Az.Storage</S>
      <S N="Version">2.2.0</S>
      <S N="Type">Module</S>
      <S N="Description">Microsoft Azure PowerShell - Storage service data plane and management cmdlets for Azure Resource Manager in Windows PowerShell and PowerShell Core.  Creates and manages storage accounts in Azure Resource Manager._x000D__x000A__x000D__x000A_For more information on Storage, please visit the following: https://docs.microsoft.com/azure/storage/</S>
      <S N="Author">Microsoft Corporation</S>
      <S N="CompanyName">azure-sdk</S>
      <S N="Copyright">Microsoft Corporation. All rights reserved.</S>
      <DT N="PublishedDate">2020-06-23T06:17:31-04:00</DT>
      <Nil N="InstalledDate" />
      <Nil N="UpdatedDate" />
      <URI N="LicenseUri">https://aka.ms/azps-license</URI>
      <URI N="ProjectUri">https://github.com/Azure/azure-powershell</URI>
      <Nil N="IconUri" />
      <Obj N="Tags" RefId="1">
        <TN RefId="1">
          <T>System.Object[]</T>
          <T>System.Array</T>
          <T>System.Object</T>
        </TN>
        <LST>
          <S>Azure</S>
          <S>ResourceManager</S>
          <S>ARM</S>
          <S>Storage</S>
          <S>StorageAccount</S>
          <S>PSModule</S>
          <S>PSEdition_Core</S>
          <S>PSEdition_Desktop</S>
        </LST>
      </Obj>
      <Obj N="Includes" RefId="2">
        <TN RefId="2">
          <T>System.Collections.Hashtable</T>
          <T>System.Object</T>
        </TN>
        <DCT>
          <En>
            <S N="Key">RoleCapability</S>
            <Obj N="Value" RefId="3">
              <TNRef RefId="1" />
              <LST />
            </Obj>
          </En>
          <En>
            <S N="Key">Command</S>
            <Obj N="Value" RefId="4">
              <TNRef RefId="1" />
              <LST>
                <S>Get-AzStorageAccount</S>
                <S>Get-AzStorageAccountKey</S>
                <S>New-AzStorageAccount</S>
                <S>New-AzStorageAccountKey</S>
                <S>Remove-AzStorageAccount</S>
                <S>Set-AzCurrentStorageAccount</S>
                <S>Set-AzStorageAccount</S>
                <S>Get-AzStorageAccountNameAvailability</S>
                <S>Get-AzStorageUsage</S>
                <S>Update-AzStorageAccountNetworkRuleSet</S>
                <S>Get-AzStorageAccountNetworkRuleSet</S>
                <S>Add-AzStorageAccountNetworkRule</S>
                <S>Remove-AzStorageAccountNetworkRule</S>
                <S>Get-AzStorageTable</S>
                <S>New-AzStorageTableSASToken</S>
                <S>New-AzStorageTableStoredAccessPolicy</S>
                <S>New-AzStorageTable</S>
                <S>Remove-AzStorageTableStoredAccessPolicy</S>
                <S>Remove-AzStorageTable</S>
                <S>Get-AzStorageTableStoredAccessPolicy</S>
                <S>Set-AzStorageTableStoredAccessPolicy</S>
                <S>Get-AzStorageQueue</S>
                <S>New-AzStorageQueue</S>
                <S>Remove-AzStorageQueue</S>
                <S>Get-AzStorageQueueStoredAccessPolicy</S>
                <S>New-AzStorageQueueSASToken</S>
                <S>New-AzStorageQueueStoredAccessPolicy</S>
                <S>Remove-AzStorageQueueStoredAccessPolicy</S>
                <S>Set-AzStorageQueueStoredAccessPolicy</S>
                <S>Get-AzStorageFile</S>
                <S>Get-AzStorageFileContent</S>
                <S>Get-AzStorageFileCopyState</S>
                <S>Get-AzStorageShare</S>
                <S>Get-AzStorageShareStoredAccessPolicy</S>
                <S>New-AzStorageDirectory</S>
                <S>New-AzStorageFileSASToken</S>
                <S>New-AzStorageShare</S>
                <S>New-AzStorageShareSASToken</S>
                <S>New-AzStorageShareStoredAccessPolicy</S>
                <S>Remove-AzStorageDirectory</S>
                <S>Remove-AzStorageFile</S>
                <S>Remove-AzStorageShare</S>
                <S>Remove-AzStorageShareStoredAccessPolicy</S>
                <S>Set-AzStorageFileContent</S>
                <S>Set-AzStorageShareQuota</S>
                <S>Set-AzStorageShareStoredAccessPolicy</S>
                <S>Start-AzStorageFileCopy</S>
                <S>Stop-AzStorageFileCopy</S>
                <S>New-AzStorageAccountSASToken</S>
                <S>Set-AzStorageCORSRule</S>
                <S>Get-AzStorageCORSRule</S>
                <S>Get-AzStorageServiceLoggingProperty</S>
                <S>Get-AzStorageServiceMetricsProperty</S>
                <S>Remove-AzStorageCORSRule</S>
                <S>Set-AzStorageServiceLoggingProperty</S>
                <S>Set-AzStorageServiceMetricsProperty</S>
                <S>New-AzStorageContext</S>
                <S>Set-AzStorageContainerAcl</S>
                <S>Remove-AzStorageBlob</S>
                <S>Set-AzStorageBlobContent</S>
                <S>Get-AzStorageBlob</S>
                <S>Get-AzStorageBlobContent</S>
                <S>Get-AzStorageBlobCopyState</S>
                <S>Get-AzStorageContainer</S>
                <S>Get-AzStorageContainerStoredAccessPolicy</S>
                <S>New-AzStorageBlobSASToken</S>
                <S>New-AzStorageContainer</S>
                <S>New-AzStorageContainerSASToken</S>
                <S>New-AzStorageContainerStoredAccessPolicy</S>
                <S>Remove-AzStorageContainer</S>
                <S>Remove-AzStorageContainerStoredAccessPolicy</S>
                <S>Set-AzStorageContainerStoredAccessPolicy</S>
                <S>Start-AzStorageBlobCopy</S>
                <S>Start-AzStorageBlobIncrementalCopy</S>
                <S>Stop-AzStorageBlobCopy</S>
                <S>Update-AzStorageServiceProperty</S>
                <S>Get-AzStorageServiceProperty</S>
                <S>Enable-AzStorageDeleteRetentionPolicy</S>
                <S>Disable-AzStorageDeleteRetentionPolicy</S>
                <S>Enable-AzStorageStaticWebsite</S>
                <S>Disable-AzStorageStaticWebsite</S>
                <S>Get-AzRmStorageContainer</S>
                <S>Update-AzRmStorageContainer</S>
                <S>New-AzRmStorageContainer</S>
                <S>Remove-AzRmStorageContainer</S>
                <S>Add-AzRmStorageContainerLegalHold</S>
                <S>Remove-AzRmStorageContainerLegalHold</S>
                <S>Set-AzRmStorageContainerImmutabilityPolicy</S>
                <S>Get-AzRmStorageContainerImmutabilityPolicy</S>
                <S>Remove-AzRmStorageContainerImmutabilityPolicy</S>
                <S>Lock-AzRmStorageContainerImmutabilityPolicy</S>
                <S>Set-AzStorageAccountManagementPolicy</S>
                <S>Get-AzStorageAccountManagementPolicy</S>
                <S>Remove-AzStorageAccountManagementPolicy</S>
                <S>New-AzStorageAccountManagementPolicyFilter</S>
                <S>New-AzStorageAccountManagementPolicyRule</S>
                <S>Add-AzStorageAccountManagementPolicyAction</S>
                <S>Update-AzStorageBlobServiceProperty</S>
                <S>Get-AzStorageBlobServiceProperty</S>
                <S>Enable-AzStorageBlobDeleteRetentionPolicy</S>
                <S>Disable-AzStorageBlobDeleteRetentionPolicy</S>
                <S>Revoke-AzStorageAccountUserDelegationKeys</S>
                <S>Get-AzStorageFileHandle</S>
                <S>Close-AzStorageFileHandle</S>
                <S>New-AzRmStorageShare</S>
                <S>Remove-AzRmStorageShare</S>
                <S>Get-AzRmStorageShare</S>
                <S>Update-AzRmStorageShare</S>
                <S>Get-AzDataLakeGen2ChildItem</S>
                <S>Get-AzDataLakeGen2Item</S>
                <S>New-AzDataLakeGen2Item</S>
                <S>Move-AzDataLakeGen2Item</S>
                <S>Remove-AzDataLakeGen2Item</S>
                <S>Update-AzDataLakeGen2Item</S>
                <S>Set-AzDataLakeGen2ItemAclObject</S>
                <S>Get-AzDataLakeGen2ItemContent</S>
                <S>Invoke-AzStorageAccountFailover</S>
              </LST>
            </Obj>
          </En>
          <En>
            <S N="Key">Cmdlet</S>
            <Obj N="Value" RefId="5">
              <TNRef RefId="1" />
              <LST>
                <S>Get-AzStorageAccount</S>
                <S>Get-AzStorageAccountKey</S>
                <S>New-AzStorageAccount</S>
                <S>New-AzStorageAccountKey</S>
                <S>Remove-AzStorageAccount</S>
                <S>Set-AzCurrentStorageAccount</S>
                <S>Set-AzStorageAccount</S>
                <S>Get-AzStorageAccountNameAvailability</S>
                <S>Get-AzStorageUsage</S>
                <S>Update-AzStorageAccountNetworkRuleSet</S>
                <S>Get-AzStorageAccountNetworkRuleSet</S>
                <S>Add-AzStorageAccountNetworkRule</S>
                <S>Remove-AzStorageAccountNetworkRule</S>
                <S>Get-AzStorageTable</S>
                <S>New-AzStorageTableSASToken</S>
                <S>New-AzStorageTableStoredAccessPolicy</S>
                <S>New-AzStorageTable</S>
                <S>Remove-AzStorageTableStoredAccessPolicy</S>
                <S>Remove-AzStorageTable</S>
                <S>Get-AzStorageTableStoredAccessPolicy</S>
                <S>Set-AzStorageTableStoredAccessPolicy</S>
                <S>Get-AzStorageQueue</S>
                <S>New-AzStorageQueue</S>
                <S>Remove-AzStorageQueue</S>
                <S>Get-AzStorageQueueStoredAccessPolicy</S>
                <S>New-AzStorageQueueSASToken</S>
                <S>New-AzStorageQueueStoredAccessPolicy</S>
                <S>Remove-AzStorageQueueStoredAccessPolicy</S>
                <S>Set-AzStorageQueueStoredAccessPolicy</S>
                <S>Get-AzStorageFile</S>
                <S>Get-AzStorageFileContent</S>
                <S>Get-AzStorageFileCopyState</S>
                <S>Get-AzStorageShare</S>
                <S>Get-AzStorageShareStoredAccessPolicy</S>
                <S>New-AzStorageDirectory</S>
                <S>New-AzStorageFileSASToken</S>
                <S>New-AzStorageShare</S>
                <S>New-AzStorageShareSASToken</S>
                <S>New-AzStorageShareStoredAccessPolicy</S>
                <S>Remove-AzStorageDirectory</S>
                <S>Remove-AzStorageFile</S>
                <S>Remove-AzStorageShare</S>
                <S>Remove-AzStorageShareStoredAccessPolicy</S>
                <S>Set-AzStorageFileContent</S>
                <S>Set-AzStorageShareQuota</S>
                <S>Set-AzStorageShareStoredAccessPolicy</S>
                <S>Start-AzStorageFileCopy</S>
                <S>Stop-AzStorageFileCopy</S>
                <S>New-AzStorageAccountSASToken</S>
                <S>Set-AzStorageCORSRule</S>
                <S>Get-AzStorageCORSRule</S>
                <S>Get-AzStorageServiceLoggingProperty</S>
                <S>Get-AzStorageServiceMetricsProperty</S>
                <S>Remove-AzStorageCORSRule</S>
                <S>Set-AzStorageServiceLoggingProperty</S>
                <S>Set-AzStorageServiceMetricsProperty</S>
                <S>New-AzStorageContext</S>
                <S>Set-AzStorageContainerAcl</S>
                <S>Remove-AzStorageBlob</S>
                <S>Set-AzStorageBlobContent</S>
                <S>Get-AzStorageBlob</S>
                <S>Get-AzStorageBlobContent</S>
                <S>Get-AzStorageBlobCopyState</S>
                <S>Get-AzStorageContainer</S>
                <S>Get-AzStorageContainerStoredAccessPolicy</S>
                <S>New-AzStorageBlobSASToken</S>
                <S>New-AzStorageContainer</S>
                <S>New-AzStorageContainerSASToken</S>
                <S>New-AzStorageContainerStoredAccessPolicy</S>
                <S>Remove-AzStorageContainer</S>
                <S>Remove-AzStorageContainerStoredAccessPolicy</S>
                <S>Set-AzStorageContainerStoredAccessPolicy</S>
                <S>Start-AzStorageBlobCopy</S>
                <S>Start-AzStorageBlobIncrementalCopy</S>
                <S>Stop-AzStorageBlobCopy</S>
                <S>Update-AzStorageServiceProperty</S>
                <S>Get-AzStorageServiceProperty</S>
                <S>Enable-AzStorageDeleteRetentionPolicy</S>
                <S>Disable-AzStorageDeleteRetentionPolicy</S>
                <S>Enable-AzStorageStaticWebsite</S>
                <S>Disable-AzStorageStaticWebsite</S>
                <S>Get-AzRmStorageContainer</S>
                <S>Update-AzRmStorageContainer</S>
                <S>New-AzRmStorageContainer</S>
                <S>Remove-AzRmStorageContainer</S>
                <S>Add-AzRmStorageContainerLegalHold</S>
                <S>Remove-AzRmStorageContainerLegalHold</S>
                <S>Set-AzRmStorageContainerImmutabilityPolicy</S>
                <S>Get-AzRmStorageContainerImmutabilityPolicy</S>
                <S>Remove-AzRmStorageContainerImmutabilityPolicy</S>
                <S>Lock-AzRmStorageContainerImmutabilityPolicy</S>
                <S>Set-AzStorageAccountManagementPolicy</S>
                <S>Get-AzStorageAccountManagementPolicy</S>
                <S>Remove-AzStorageAccountManagementPolicy</S>
                <S>New-AzStorageAccountManagementPolicyFilter</S>
                <S>New-AzStorageAccountManagementPolicyRule</S>
                <S>Add-AzStorageAccountManagementPolicyAction</S>
                <S>Update-AzStorageBlobServiceProperty</S>
                <S>Get-AzStorageBlobServiceProperty</S>
                <S>Enable-AzStorageBlobDeleteRetentionPolicy</S>
                <S>Disable-AzStorageBlobDeleteRetentionPolicy</S>
                <S>Revoke-AzStorageAccountUserDelegationKeys</S>
                <S>Get-AzStorageFileHandle</S>
                <S>Close-AzStorageFileHandle</S>
                <S>New-AzRmStorageShare</S>
                <S>Remove-AzRmStorageShare</S>
                <S>Get-AzRmStorageShare</S>
                <S>Update-AzRmStorageShare</S>
                <S>Get-AzDataLakeGen2ChildItem</S>
                <S>Get-AzDataLakeGen2Item</S>
                <S>New-AzDataLakeGen2Item</S>
                <S>Move-AzDataLakeGen2Item</S>
                <S>Remove-AzDataLakeGen2Item</S>
                <S>Update-AzDataLakeGen2Item</S>
                <S>Set-AzDataLakeGen2ItemAclObject</S>
                <S>Get-AzDataLakeGen2ItemContent</S>
                <S>Invoke-AzStorageAccountFailover</S>
              </LST>
            </Obj>
          </En>
          <En>
            <S N="Key">Function</S>
            <Ref N="Value" RefId="3" />
          </En>
          <En>
            <S N="Key">Workflow</S>
            <Ref N="Value" RefId="3" />
          </En>
          <En>
            <S N="Key">DscResource</S>
            <Ref N="Value" RefId="3" />
          </En>
        </DCT>
      </Obj>
      <Nil N="PowerShellGetFormatVersion" />
      <S N="ReleaseNotes">* Supported create Storage account with RequireInfrastructureEncryption_x000D__x000A_    -  'New-AzStorageAccount'_x000D__x000A_* Moved the logic of loading Azure.Core to Az.Accounts</S>
      <Obj N="Dependencies" RefId="6">
        <TNRef RefId="1" />
        <LST>
          <Obj RefId="7">
            <TN RefId="3">
              <T>System.Collections.Specialized.OrderedDictionary</T>
              <T>System.Object</T>
            </TN>
            <DCT>
              <En>
                <S N="Key">Name</S>
                <S N="Value">Az.Accounts</S>
              </En>
              <En>
                <S N="Key">MinimumVersion</S>
                <S N="Value">1.9.0</S>
              </En>
              <En>
                <S N="Key">CanonicalId</S>
                <S N="Value">nuget:Az.Accounts/1.9.0</S>
              </En>
            </DCT>
          </Obj>
        </LST>
      </Obj>
      <S N="RepositorySourceLocation">https://www.powershellgallery.com/api/v2</S>
      <S N="Repository">PSGallery</S>
      <S N="PackageManagementProvider">NuGet</S>
      <Obj N="AdditionalMetadata" RefId="8">
        <TN RefId="4">
          <T>System.Management.Automation.PSCustomObject</T>
          <T>System.Object</T>
        </TN>
        <MS>
          <S N="copyright">Microsoft Corporation. All rights reserved.</S>
          <S N="description">Microsoft Azure PowerShell - Storage service data plane and management cmdlets for Azure Resource Manager in Windows PowerShell and PowerShell Core.  Creates and manages storage accounts in Azure Resource Manager._x000D__x000A__x000D__x000A_For more information on Storage, please visit the following: https://docs.microsoft.com/azure/storage/</S>
          <S N="requireLicenseAcceptance">True</S>
          <S N="releaseNotes">* Supported create Storage account with RequireInfrastructureEncryption_x000D__x000A_    -  'New-AzStorageAccount'_x000D__x000A_* Moved the logic of loading Azure.Core to Az.Accounts</S>
          <S N="isLatestVersion">True</S>
          <S N="isAbsoluteLatestVersion">False</S>
          <S N="versionDownloadCount">378930</S>
          <S N="downloadCount">8807150</S>
          <S N="packageSize">3319193</S>
          <S N="published">6/23/2020 6:17:31 AM -04:00</S>
          <S N="created">6/23/2020 6:17:31 AM -04:00</S>
          <S N="lastUpdated">7/8/2020 12:20:03 PM -04:00</S>
          <S N="tags">Azure ResourceManager ARM Storage StorageAccount PSModule PSEdition_Core PSEdition_Desktop PSCmdlet_Get-AzStorageAccount PSCommand_Get-AzStorageAccount PSCmdlet_Get-AzStorageAccountKey PSCommand_Get-AzStorageAccountKey PSCmdlet_New-AzStorageAccount PSCommand_New-AzStorageAccount PSCmdlet_New-AzStorageAccountKey PSCommand_New-AzStorageAccountKey PSCmdlet_Remove-AzStorageAccount PSCommand_Remove-AzStorageAccount PSCmdlet_Set-AzCurrentStorageAccount PSCommand_Set-AzCurrentStorageAccount PSCmdlet_Set-AzStorageAccount PSCommand_Set-AzStorageAccount PSCmdlet_Get-AzStorageAccountNameAvailability PSCommand_Get-AzStorageAccountNameAvailability PSCmdlet_Get-AzStorageUsage PSCommand_Get-AzStorageUsage PSCmdlet_Update-AzStorageAccountNetworkRuleSet PSCommand_Update-AzStorageAccountNetworkRuleSet PSCmdlet_Get-AzStorageAccountNetworkRuleSet PSCommand_Get-AzStorageAccountNetworkRuleSet PSCmdlet_Add-AzStorageAccountNetworkRule PSCommand_Add-AzStorageAccountNetworkRule PSCmdlet_Remove-AzStorageAccountNetworkRule PSCommand_Remove-AzStorageAccountNetworkRule PSCmdlet_Get-AzStorageTable PSCommand_Get-AzStorageTable PSCmdlet_New-AzStorageTableSASToken PSCommand_New-AzStorageTableSASToken PSCmdlet_New-AzStorageTableStoredAccessPolicy PSCommand_New-AzStorageTableStoredAccessPolicy PSCmdlet_New-AzStorageTable PSCommand_New-AzStorageTable PSCmdlet_Remove-AzStorageTableStoredAccessPolicy PSCommand_Remove-AzStorageTableStoredAccessPolicy PSCmdlet_Remove-AzStorageTable PSCommand_Remove-AzStorageTable PSCmdlet_Get-AzStorageTableStoredAccessPolicy PSCommand_Get-AzStorageTableStoredAccessPolicy PSCmdlet_Set-AzStorageTableStoredAccessPolicy PSCommand_Set-AzStorageTableStoredAccessPolicy PSCmdlet_Get-AzStorageQueue PSCommand_Get-AzStorageQueue PSCmdlet_New-AzStorageQueue PSCommand_New-AzStorageQueue PSCmdlet_Remove-AzStorageQueue PSCommand_Remove-AzStorageQueue PSCmdlet_Get-AzStorageQueueStoredAccessPolicy PSCommand_Get-AzStorageQueueStoredAccessPolicy PSCmdlet_New-AzStorageQueueSASToken PSCommand_New-AzStorageQueueSASToken PSCmdlet_New-AzStorageQueueStoredAccessPolicy PSCommand_New-AzStorageQueueStoredAccessPolicy PSCmdlet_Remove-AzStorageQueueStoredAccessPolicy PSCommand_Remove-AzStorageQueueStoredAccessPolicy PSCmdlet_Set-AzStorageQueueStoredAccessPolicy PSCommand_Set-AzStorageQueueStoredAccessPolicy PSCmdlet_Get-AzStorageFile PSCommand_Get-AzStorageFile PSCmdlet_Get-AzStorageFileContent PSCommand_Get-AzStorageFileContent PSCmdlet_Get-AzStorageFileCopyState PSCommand_Get-AzStorageFileCopyState PSCmdlet_Get-AzStorageShare PSCommand_Get-AzStorageShare PSCmdlet_Get-AzStorageShareStoredAccessPolicy PSCommand_Get-AzStorageShareStoredAccessPolicy PSCmdlet_New-AzStorageDirectory PSCommand_New-AzStorageDirectory PSCmdlet_New-AzStorageFileSASToken PSCommand_New-AzStorageFileSASToken PSCmdlet_New-AzStorageShare PSCommand_New-AzStorageShare PSCmdlet_New-AzStorageShareSASToken PSCommand_New-AzStorageShareSASToken PSCmdlet_New-AzStorageShareStoredAccessPolicy PSCommand_New-AzStorageShareStoredAccessPolicy PSCmdlet_Remove-AzStorageDirectory PSCommand_Remove-AzStorageDirectory PSCmdlet_Remove-AzStorageFile PSCommand_Remove-AzStorageFile PSCmdlet_Remove-AzStorageShare PSCommand_Remove-AzStorageShare PSCmdlet_Remove-AzStorageShareStoredAccessPolicy PSCommand_Remove-AzStorageShareStoredAccessPolicy PSCmdlet_Set-AzStorageFileContent PSCommand_Set-AzStorageFileContent PSCmdlet_Set-AzStorageShareQuota PSCommand_Set-AzStorageShareQuota PSCmdlet_Set-AzStorageShareStoredAccessPolicy PSCommand_Set-AzStorageShareStoredAccessPolicy PSCmdlet_Start-AzStorageFileCopy PSCommand_Start-AzStorageFileCopy PSCmdlet_Stop-AzStorageFileCopy PSCommand_Stop-AzStorageFileCopy PSCmdlet_New-AzStorageAccountSASToken PSCommand_New-AzStorageAccountSASToken PSCmdlet_Set-AzStorageCORSRule PSCommand_Set-AzStorageCORSRule PSCmdlet_Get-AzStorageCORSRule PSCommand_Get-AzStorageCORSRule PSCmdlet_Get-AzStorageServiceLoggingProperty PSCommand_Get-AzStorageServiceLoggingProperty PSCmdlet_Get-AzStorageServiceMetricsProperty PSCommand_Get-AzStorageServiceMetricsProperty PSCmdlet_Remove-AzStorageCORSRule PSCommand_Remove-AzStorageCORSRule PSCmdlet_Set-AzStorageServiceLoggingProperty PSCommand_Set-AzStorageServiceLoggingProperty PSCmdlet_Set-AzStorageServiceMetricsProperty PSCommand_Set-AzStorageServiceMetricsProperty PSCmdlet_New-AzStorageContext PSCommand_New-AzStorageContext PSCmdlet_Set-AzStorageContainerAcl PSCommand_Set-AzStorageContainerAcl PSCmdlet_Remove-AzStorageBlob PSCommand_Remove-AzStorageBlob PSCmdlet_Set-AzStorageBlobContent PSCommand_Set-AzStorageBlobContent PSCmdlet_Get-AzStorageBlob PSCommand_Get-AzStorageBlob PSCmdlet_Get-AzStorageBlobContent PSCommand_Get-AzStorageBlobContent PSCmdlet_Get-AzStorageBlobCopyState PSCommand_Get-AzStorageBlobCopyState PSCmdlet_Get-AzStorageContainer PSCommand_Get-AzStorageContainer PSCmdlet_Get-AzStorageContainerStoredAccessPolicy PSCommand_Get-AzStorageContainerStoredAccessPolicy PSCmdlet_New-AzStorageBlobSASToken PSCommand_New-AzStorageBlobSASToken PSCmdlet_New-AzStorageContainer PSCommand_New-AzStorageContainer PSCmdlet_New-AzStorageContainerSASToken PSCommand_New-AzStorageContainerSASToken PSCmdlet_New-AzStorageContainerStoredAccessPolicy PSCommand_New-AzStorageContainerStoredAccessPolicy PSCmdlet_Remove-AzStorageContainer PSCommand_Remove-AzStorageContainer PSCmdlet_Remove-AzStorageContainerStoredAccessPolicy PSCommand_Remove-AzStorageContainerStoredAccessPolicy PSCmdlet_Set-AzStorageContainerStoredAccessPolicy PSCommand_Set-AzStorageContainerStoredAccessPolicy PSCmdlet_Start-AzStorageBlobCopy PSCommand_Start-AzStorageBlobCopy PSCmdlet_Start-AzStorageBlobIncrementalCopy PSCommand_Start-AzStorageBlobIncrementalCopy PSCmdlet_Stop-AzStorageBlobCopy PSCommand_Stop-AzStorageBlobCopy PSCmdlet_Update-AzStorageServiceProperty PSCommand_Update-AzStorageServiceProperty PSCmdlet_Get-AzStorageServiceProperty PSCommand_Get-AzStorageServiceProperty PSCmdlet_Enable-AzStorageDeleteRetentionPolicy PSCommand_Enable-AzStorageDeleteRetentionPolicy PSCmdlet_Disable-AzStorageDeleteRetentionPolicy PSCommand_Disable-AzStorageDeleteRetentionPolicy PSCmdlet_Enable-AzStorageStaticWebsite PSCommand_Enable-AzStorageStaticWebsite PSCmdlet_Disable-AzStorageStaticWebsite PSCommand_Disable-AzStorageStaticWebsite PSCmdlet_Get-AzRmStorageContainer PSCommand_Get-AzRmStorageContainer PSCmdlet_Update-AzRmStorageContainer PSCommand_Update-AzRmStorageContainer PSCmdlet_New-AzRmStorageContainer PSCommand_New-AzRmStorageContainer PSCmdlet_Remove-AzRmStorageContainer PSCommand_Remove-AzRmStorageContainer PSCmdlet_Add-AzRmStorageContainerLegalHold PSCommand_Add-AzRmStorageContainerLegalHold PSCmdlet_Remove-AzRmStorageContainerLegalHold PSCommand_Remove-AzRmStorageContainerLegalHold PSCmdlet_Set-AzRmStorageContainerImmutabilityPolicy PSCommand_Set-AzRmStorageContainerImmutabilityPolicy PSCmdlet_Get-AzRmStorageContainerImmutabilityPolicy PSCommand_Get-AzRmStorageContainerImmutabilityPolicy PSCmdlet_Remove-AzRmStorageContainerImmutabilityPolicy PSCommand_Remove-AzRmStorageContainerImmutabilityPolicy PSCmdlet_Lock-AzRmStorageContainerImmutabilityPolicy PSCommand_Lock-AzRmStorageContainerImmutabilityPolicy PSCmdlet_Set-AzStorageAccountManagementPolicy PSCommand_Set-AzStorageAccountManagementPolicy PSCmdlet_Get-AzStorageAccountManagementPolicy PSCommand_Get-AzStorageAccountManagementPolicy PSCmdlet_Remove-AzStorageAccountManagementPolicy PSCommand_Remove-AzStorageAccountManagementPolicy PSCmdlet_New-AzStorageAccountManagementPolicyFilter PSCommand_New-AzStorageAccountManagementPolicyFilter PSCmdlet_New-AzStorageAccountManagementPolicyRule PSCommand_New-AzStorageAccountManagementPolicyRule PSCmdlet_Add-AzStorageAccountManagementPolicyAction PSCommand_Add-AzStorageAccountManagementPolicyAction PSCmdlet_Update-AzStorageBlobServiceProperty PSCommand_Update-AzStorageBlobServiceProperty PSCmdlet_Get-AzStorageBlobServiceProperty PSCommand_Get-AzStorageBlobServiceProperty PSCmdlet_Enable-AzStorageBlobDeleteRetentionPolicy PSCommand_Enable-AzStorageBlobDeleteRetentionPolicy PSCmdlet_Disable-AzStorageBlobDeleteRetentionPolicy PSCommand_Disable-AzStorageBlobDeleteRetentionPolicy PSCmdlet_Revoke-AzStorageAccountUserDelegationKeys PSCommand_Revoke-AzStorageAccountUserDelegationKeys PSCmdlet_Get-AzStorageFileHandle PSCommand_Get-AzStorageFileHandle PSCmdlet_Close-AzStorageFileHandle PSCommand_Close-AzStorageFileHandle PSCmdlet_New-AzRmStorageShare PSCommand_New-AzRmStorageShare PSCmdlet_Remove-AzRmStorageShare PSCommand_Remove-AzRmStorageShare PSCmdlet_Get-AzRmStorageShare PSCommand_Get-AzRmStorageShare PSCmdlet_Update-AzRmStorageShare PSCommand_Update-AzRmStorageShare PSCmdlet_Get-AzDataLakeGen2ChildItem PSCommand_Get-AzDataLakeGen2ChildItem PSCmdlet_Get-AzDataLakeGen2Item PSCommand_Get-AzDataLakeGen2Item PSCmdlet_New-AzDataLakeGen2Item PSCommand_New-AzDataLakeGen2Item PSCmdlet_Move-AzDataLakeGen2Item PSCommand_Move-AzDataLakeGen2Item PSCmdlet_Remove-AzDataLakeGen2Item PSCommand_Remove-AzDataLakeGen2Item PSCmdlet_Update-AzDataLakeGen2Item PSCommand_Update-AzDataLakeGen2Item PSCmdlet_Set-AzDataLakeGen2ItemAclObject PSCommand_Set-AzDataLakeGen2ItemAclObject PSCmdlet_Get-AzDataLakeGen2ItemContent PSCommand_Get-AzDataLakeGen2ItemContent PSCmdlet_Invoke-AzStorageAccountFailover PSCommand_Invoke-AzStorageAccountFailover PSIncludes_Cmdlet</S>
          <S N="developmentDependency">False</S>
          <S N="updated">2020-07-08T12:20:03Z</S>
          <S N="NormalizedVersion">2.2.0</S>
          <S N="Authors">Microsoft Corporation</S>
          <S N="IsPrerelease">false</S>
          <S N="ItemType">Module</S>
          <S N="FileList">Az.Storage.nuspec|Az.Storage.psd1|Az.Storage.psm1|Azure.Storage.Blobs.dll|Azure.Storage.Common.dll|Azure.Storage.Files.DataLake.dll|Azure.Storage.Files.Shares.dll|Azure.Storage.Queues.dll|Microsoft.Azure.Cosmos.Table.dll|Microsoft.Azure.DocumentDB.Core.dll|Microsoft.Azure.KeyVault.Core.dll|Microsoft.Azure.Management.Storage.dll|Microsoft.Azure.PowerShell.Cmdlets.Storage.deps.json|Microsoft.Azure.PowerShell.Cmdlets.Storage.dll|Microsoft.Azure.PowerShell.Cmdlets.Storage.dll-Help.xml|Microsoft.Azure.PowerShell.Cmdlets.Storage.Management.deps.json|Microsoft.Azure.PowerShell.Cmdlets.Storage.Management.dll|Microsoft.Azure.PowerShell.Cmdlets.Storage.Management.dll-Help.xml|Microsoft.Azure.Storage.Blob.dll|Microsoft.Azure.Storage.Common.dll|Microsoft.Azure.Storage.DataMovement.dll|Microsoft.Azure.Storage.File.dll|Microsoft.Azure.Storage.Queue.dll|Microsoft.OData.Core.dll|Microsoft.OData.Edm.dll|Microsoft.Spatial.dll|Storage.format.ps1xml|Storage.generated.format.ps1xml|Storage.Management.format.ps1xml</S>
          <S N="GUID">dfa9e4ea-1407-446d-9111-79122977ab20</S>
          <S N="PowerShellVersion">5.1</S>
          <S N="DotNetFrameworkVersion">4.7.2</S>
          <S N="CompanyName">Microsoft Corporation</S>
        </MS>
      </Obj>
      <S N="InstalledLocation">/Users/crenaud/git/assembly/abx/abx-powershell/Modules/Az.Storage/2.2.0</S>
    </MS>
  </Obj>
</Objs>
