<Objs Version="1.1.0.1" xmlns="http://schemas.microsoft.com/powershell/2004/04">
  <Obj RefId="0">
    <TN RefId="0">
      <T>Microsoft.PowerShell.Commands.PSRepositoryItemInfo</T>
      <T>System.Management.Automation.PSCustomObject</T>
      <T>System.Object</T>
    </TN>
    <MS>
      <S N="Name">Az.MachineLearning</S>
      <S N="Version">1.1.3</S>
      <S N="Type">Module</S>
      <S N="Description">Microsoft Azure PowerShell - Machine Learning Web Services cmdlets for Azure Resource Manager in Windows PowerShell and PowerShell Core._x000D__x000A__x000D__x000A_For more information on Machine Learning, please visit the following: https://docs.microsoft.com/azure/machine-learning/</S>
      <S N="Author">Microsoft Corporation</S>
      <S N="CompanyName">azure-sdk</S>
      <S N="Copyright">Microsoft Corporation. All rights reserved.</S>
      <DT N="PublishedDate">2020-01-07T01:52:03-05:00</DT>
      <Nil N="InstalledDate" />
      <Nil N="UpdatedDate" />
      <URI N="LicenseUri">https://aka.ms/azps-license</URI>
      <URI N="ProjectUri">https://github.com/Azure/azure-powershell</URI>
      <Nil N="IconUri" />
      <Obj N="Tags" RefId="1">
        <TN RefId="1">
          <T>System.Object[]</T>
          <T>System.Array</T>
          <T>System.Object</T>
        </TN>
        <LST>
          <S>Azure</S>
          <S>ResourceManager</S>
          <S>ARM</S>
          <S>MachineLearning</S>
          <S>MachineLearningCompute</S>
          <S>PSModule</S>
          <S>PSEdition_Core</S>
          <S>PSEdition_Desktop</S>
        </LST>
      </Obj>
      <Obj N="Includes" RefId="2">
        <TN RefId="2">
          <T>System.Collections.Hashtable</T>
          <T>System.Object</T>
        </TN>
        <DCT>
          <En>
            <S N="Key">RoleCapability</S>
            <Obj N="Value" RefId="3">
              <TNRef RefId="1" />
              <LST />
            </Obj>
          </En>
          <En>
            <S N="Key">Command</S>
            <Obj N="Value" RefId="4">
              <TNRef RefId="1" />
              <LST>
                <S>Move-AzMlCommitmentAssociation</S>
                <S>Get-AzMlCommitmentAssociation</S>
                <S>Get-AzMlCommitmentPlanUsageHistory</S>
                <S>Remove-AzMlCommitmentPlan</S>
                <S>Update-AzMlCommitmentPlan</S>
                <S>Get-AzMlCommitmentPlan</S>
                <S>Remove-AzMlWebService</S>
                <S>Get-AzMlWebService</S>
                <S>Update-AzMlWebService</S>
                <S>Export-AzMlWebService</S>
                <S>Get-AzMlWebServiceKey</S>
                <S>Import-AzMlWebService</S>
                <S>New-AzMlCommitmentPlan</S>
                <S>New-AzMlWebService</S>
                <S>Add-AzMlWebServiceRegionalProperty</S>
              </LST>
            </Obj>
          </En>
          <En>
            <S N="Key">Cmdlet</S>
            <Obj N="Value" RefId="5">
              <TNRef RefId="1" />
              <LST>
                <S>Move-AzMlCommitmentAssociation</S>
                <S>Get-AzMlCommitmentAssociation</S>
                <S>Get-AzMlCommitmentPlanUsageHistory</S>
                <S>Remove-AzMlCommitmentPlan</S>
                <S>Update-AzMlCommitmentPlan</S>
                <S>Get-AzMlCommitmentPlan</S>
                <S>Remove-AzMlWebService</S>
                <S>Get-AzMlWebService</S>
                <S>Update-AzMlWebService</S>
                <S>Export-AzMlWebService</S>
                <S>Get-AzMlWebServiceKey</S>
                <S>Import-AzMlWebService</S>
                <S>New-AzMlCommitmentPlan</S>
                <S>New-AzMlWebService</S>
                <S>Add-AzMlWebServiceRegionalProperty</S>
              </LST>
            </Obj>
          </En>
          <En>
            <S N="Key">Function</S>
            <Ref N="Value" RefId="3" />
          </En>
          <En>
            <S N="Key">Workflow</S>
            <Ref N="Value" RefId="3" />
          </En>
          <En>
            <S N="Key">DscResource</S>
            <Ref N="Value" RefId="3" />
          </En>
        </DCT>
      </Obj>
      <Nil N="PowerShellGetFormatVersion" />
      <S N="ReleaseNotes">* Removed below cmdlets because MachineLearningCompute is not available any longer_x000D__x000A_  - Get-AzMlOpCluster_x000D__x000A_  - Get-AzMlOpClusterKey_x000D__x000A_  - New-AzMlOpCluster_x000D__x000A_  - Remove-AzMlOpCluster_x000D__x000A_  - Set-AzMlOpCluster_x000D__x000A_  - Test-AzMlOpClusterSystemServicesUpdateAvailability_x000D__x000A_  - Update-AzMlOpClusterSystemService</S>
      <Obj N="Dependencies" RefId="6">
        <TNRef RefId="1" />
        <LST>
          <Obj RefId="7">
            <TN RefId="3">
              <T>System.Collections.Specialized.OrderedDictionary</T>
              <T>System.Object</T>
            </TN>
            <DCT>
              <En>
                <S N="Key">Name</S>
                <S N="Value">Az.Accounts</S>
              </En>
              <En>
                <S N="Key">MinimumVersion</S>
                <S N="Value">1.6.7</S>
              </En>
              <En>
                <S N="Key">CanonicalId</S>
                <S N="Value">nuget:Az.Accounts/1.6.7</S>
              </En>
            </DCT>
          </Obj>
        </LST>
      </Obj>
      <S N="RepositorySourceLocation">https://www.powershellgallery.com/api/v2</S>
      <S N="Repository">PSGallery</S>
      <S N="PackageManagementProvider">NuGet</S>
      <Obj N="AdditionalMetadata" RefId="8">
        <TN RefId="4">
          <T>System.Management.Automation.PSCustomObject</T>
          <T>System.Object</T>
        </TN>
        <MS>
          <S N="copyright">Microsoft Corporation. All rights reserved.</S>
          <S N="description">Microsoft Azure PowerShell - Machine Learning Web Services cmdlets for Azure Resource Manager in Windows PowerShell and PowerShell Core._x000D__x000A__x000D__x000A_For more information on Machine Learning, please visit the following: https://docs.microsoft.com/azure/machine-learning/</S>
          <S N="requireLicenseAcceptance">True</S>
          <S N="releaseNotes">* Removed below cmdlets because MachineLearningCompute is not available any longer_x000D__x000A_  - Get-AzMlOpCluster_x000D__x000A_  - Get-AzMlOpClusterKey_x000D__x000A_  - New-AzMlOpCluster_x000D__x000A_  - Remove-AzMlOpCluster_x000D__x000A_  - Set-AzMlOpCluster_x000D__x000A_  - Test-AzMlOpClusterSystemServicesUpdateAvailability_x000D__x000A_  - Update-AzMlOpClusterSystemService</S>
          <S N="isLatestVersion">True</S>
          <S N="isAbsoluteLatestVersion">True</S>
          <S N="versionDownloadCount">2759308</S>
          <S N="downloadCount">6309956</S>
          <S N="packageSize">209625</S>
          <S N="published">1/7/2020 1:52:03 AM -05:00</S>
          <S N="created">1/7/2020 1:52:03 AM -05:00</S>
          <S N="lastUpdated">7/8/2020 12:20:03 PM -04:00</S>
          <S N="tags">Azure ResourceManager ARM MachineLearning MachineLearningCompute PSModule PSEdition_Core PSEdition_Desktop PSCmdlet_Move-AzMlCommitmentAssociation PSCommand_Move-AzMlCommitmentAssociation PSCmdlet_Get-AzMlCommitmentAssociation PSCommand_Get-AzMlCommitmentAssociation PSCmdlet_Get-AzMlCommitmentPlanUsageHistory PSCommand_Get-AzMlCommitmentPlanUsageHistory PSCmdlet_Remove-AzMlCommitmentPlan PSCommand_Remove-AzMlCommitmentPlan PSCmdlet_Update-AzMlCommitmentPlan PSCommand_Update-AzMlCommitmentPlan PSCmdlet_Get-AzMlCommitmentPlan PSCommand_Get-AzMlCommitmentPlan PSCmdlet_Remove-AzMlWebService PSCommand_Remove-AzMlWebService PSCmdlet_Get-AzMlWebService PSCommand_Get-AzMlWebService PSCmdlet_Update-AzMlWebService PSCommand_Update-AzMlWebService PSCmdlet_Export-AzMlWebService PSCommand_Export-AzMlWebService PSCmdlet_Get-AzMlWebServiceKey PSCommand_Get-AzMlWebServiceKey PSCmdlet_Import-AzMlWebService PSCommand_Import-AzMlWebService PSCmdlet_New-AzMlCommitmentPlan PSCommand_New-AzMlCommitmentPlan PSCmdlet_New-AzMlWebService PSCommand_New-AzMlWebService PSCmdlet_Add-AzMlWebServiceRegionalProperty PSCommand_Add-AzMlWebServiceRegionalProperty PSIncludes_Cmdlet</S>
          <S N="developmentDependency">False</S>
          <S N="updated">2020-07-08T12:20:03Z</S>
          <S N="NormalizedVersion">1.1.3</S>
          <S N="Authors">Microsoft Corporation</S>
          <S N="IsPrerelease">false</S>
          <S N="ItemType">Module</S>
          <S N="FileList">Az.MachineLearning.nuspec|Az.MachineLearning.psd1|Az.MachineLearning.psm1|Microsoft.Azure.Management.MachineLearning.dll|Microsoft.Azure.Management.MachineLearningCompute.dll|Microsoft.Azure.PowerShell.Cmdlets.MachineLearning.deps.json|Microsoft.Azure.PowerShell.Cmdlets.MachineLearning.dll|Microsoft.Azure.PowerShell.Cmdlets.MachineLearning.dll-Help.xml|Microsoft.Azure.PowerShell.Cmdlets.MachineLearningCompute.deps.json|Microsoft.Azure.PowerShell.Cmdlets.MachineLearningCompute.dll|Microsoft.Azure.PowerShell.Cmdlets.MachineLearningCompute.dll-Help.xml</S>
          <S N="GUID">287cb4af-0379-4154-86bf-63c34f734bd3</S>
          <S N="PowerShellVersion">5.1</S>
          <S N="DotNetFrameworkVersion">4.7.2</S>
          <S N="CompanyName">Microsoft Corporation</S>
        </MS>
      </Obj>
      <S N="InstalledLocation">/Users/crenaud/git/assembly/abx/abx-powershell/Modules/Az.MachineLearning/1.1.3</S>
    </MS>
  </Obj>
</Objs>
