<Objs Version="1.1.0.1" xmlns="http://schemas.microsoft.com/powershell/2004/04">
  <Obj RefId="0">
    <TN RefId="0">
      <T>Microsoft.PowerShell.Commands.PSRepositoryItemInfo</T>
      <T>System.Management.Automation.PSCustomObject</T>
      <T>System.Object</T>
    </TN>
    <MS>
      <S N="Name">Az.PolicyInsights</S>
      <S N="Version">1.3.1</S>
      <S N="Type">Module</S>
      <S N="Description">Microsoft Azure PowerShell - Azure Policy Insights cmdlets for Windows PowerShell and PowerShell Core. Allows querying policy evaluation events and compliance states._x000D__x000A__x000D__x000A_For more information on Policy Insights, please visit the following: https://docs.microsoft.com/azure/governance/policy/overview</S>
      <S N="Author">Microsoft Corporation</S>
      <S N="CompanyName">azure-sdk</S>
      <S N="Copyright">Microsoft Corporation. All rights reserved.</S>
      <DT N="PublishedDate">2020-06-02T04:17:16-04:00</DT>
      <Nil N="InstalledDate" />
      <Nil N="UpdatedDate" />
      <URI N="LicenseUri">https://aka.ms/azps-license</URI>
      <URI N="ProjectUri">https://github.com/Azure/azure-powershell</URI>
      <Nil N="IconUri" />
      <Obj N="Tags" RefId="1">
        <TN RefId="1">
          <T>System.Object[]</T>
          <T>System.Array</T>
          <T>System.Object</T>
        </TN>
        <LST>
          <S>Azure</S>
          <S>ResourceManager</S>
          <S>ARM</S>
          <S>Provider</S>
          <S>Policy</S>
          <S>PolicyInsights</S>
          <S>PolicyEvent</S>
          <S>PolicyState</S>
          <S>Remediation</S>
          <S>PolicyMetadata</S>
          <S>PSModule</S>
          <S>PSEdition_Core</S>
          <S>PSEdition_Desktop</S>
        </LST>
      </Obj>
      <Obj N="Includes" RefId="2">
        <TN RefId="2">
          <T>System.Collections.Hashtable</T>
          <T>System.Object</T>
        </TN>
        <DCT>
          <En>
            <S N="Key">RoleCapability</S>
            <Obj N="Value" RefId="3">
              <TNRef RefId="1" />
              <LST />
            </Obj>
          </En>
          <En>
            <S N="Key">Command</S>
            <Obj N="Value" RefId="4">
              <TNRef RefId="1" />
              <LST>
                <S>Get-AzPolicyEvent</S>
                <S>Get-AzPolicyState</S>
                <S>Get-AzPolicyStateSummary</S>
                <S>Get-AzPolicyRemediation</S>
                <S>Remove-AzPolicyRemediation</S>
                <S>Start-AzPolicyRemediation</S>
                <S>Stop-AzPolicyRemediation</S>
                <S>Get-AzPolicyMetadata</S>
                <S>Start-AzPolicyComplianceScan</S>
              </LST>
            </Obj>
          </En>
          <En>
            <S N="Key">Cmdlet</S>
            <Obj N="Value" RefId="5">
              <TNRef RefId="1" />
              <LST>
                <S>Get-AzPolicyEvent</S>
                <S>Get-AzPolicyState</S>
                <S>Get-AzPolicyStateSummary</S>
                <S>Get-AzPolicyRemediation</S>
                <S>Remove-AzPolicyRemediation</S>
                <S>Start-AzPolicyRemediation</S>
                <S>Stop-AzPolicyRemediation</S>
                <S>Get-AzPolicyMetadata</S>
                <S>Start-AzPolicyComplianceScan</S>
              </LST>
            </Obj>
          </En>
          <En>
            <S N="Key">Function</S>
            <Ref N="Value" RefId="3" />
          </En>
          <En>
            <S N="Key">Workflow</S>
            <Ref N="Value" RefId="3" />
          </En>
          <En>
            <S N="Key">DscResource</S>
            <Ref N="Value" RefId="3" />
          </En>
        </DCT>
      </Obj>
      <Nil N="PowerShellGetFormatVersion" />
      <S N="ReleaseNotes">* Corrected example 3 for 'Start-AzPolicyComplianceScan'</S>
      <Obj N="Dependencies" RefId="6">
        <TNRef RefId="1" />
        <LST>
          <Obj RefId="7">
            <TN RefId="3">
              <T>System.Collections.Specialized.OrderedDictionary</T>
              <T>System.Object</T>
            </TN>
            <DCT>
              <En>
                <S N="Key">Name</S>
                <S N="Value">Az.Accounts</S>
              </En>
              <En>
                <S N="Key">MinimumVersion</S>
                <S N="Value">1.8.1</S>
              </En>
              <En>
                <S N="Key">CanonicalId</S>
                <S N="Value">nuget:Az.Accounts/1.8.1</S>
              </En>
            </DCT>
          </Obj>
        </LST>
      </Obj>
      <S N="RepositorySourceLocation">https://www.powershellgallery.com/api/v2</S>
      <S N="Repository">PSGallery</S>
      <S N="PackageManagementProvider">NuGet</S>
      <Obj N="AdditionalMetadata" RefId="8">
        <TN RefId="4">
          <T>System.Management.Automation.PSCustomObject</T>
          <T>System.Object</T>
        </TN>
        <MS>
          <S N="copyright">Microsoft Corporation. All rights reserved.</S>
          <S N="description">Microsoft Azure PowerShell - Azure Policy Insights cmdlets for Windows PowerShell and PowerShell Core. Allows querying policy evaluation events and compliance states._x000D__x000A__x000D__x000A_For more information on Policy Insights, please visit the following: https://docs.microsoft.com/azure/governance/policy/overview</S>
          <S N="requireLicenseAcceptance">True</S>
          <S N="releaseNotes">* Corrected example 3 for 'Start-AzPolicyComplianceScan'</S>
          <S N="isLatestVersion">True</S>
          <S N="isAbsoluteLatestVersion">True</S>
          <S N="versionDownloadCount">573155</S>
          <S N="downloadCount">6546661</S>
          <S N="packageSize">215406</S>
          <S N="published">6/2/2020 4:17:16 AM -04:00</S>
          <S N="created">6/2/2020 4:17:16 AM -04:00</S>
          <S N="lastUpdated">7/8/2020 12:20:03 PM -04:00</S>
          <S N="tags">Azure ResourceManager ARM Provider Policy PolicyInsights PolicyEvent PolicyState Remediation PolicyMetadata PSModule PSEdition_Core PSEdition_Desktop PSCmdlet_Get-AzPolicyEvent PSCommand_Get-AzPolicyEvent PSCmdlet_Get-AzPolicyState PSCommand_Get-AzPolicyState PSCmdlet_Get-AzPolicyStateSummary PSCommand_Get-AzPolicyStateSummary PSCmdlet_Get-AzPolicyRemediation PSCommand_Get-AzPolicyRemediation PSCmdlet_Remove-AzPolicyRemediation PSCommand_Remove-AzPolicyRemediation PSCmdlet_Start-AzPolicyRemediation PSCommand_Start-AzPolicyRemediation PSCmdlet_Stop-AzPolicyRemediation PSCommand_Stop-AzPolicyRemediation PSCmdlet_Get-AzPolicyMetadata PSCommand_Get-AzPolicyMetadata PSCmdlet_Start-AzPolicyComplianceScan PSCommand_Start-AzPolicyComplianceScan PSIncludes_Cmdlet</S>
          <S N="developmentDependency">False</S>
          <S N="updated">2020-07-08T12:20:03Z</S>
          <S N="NormalizedVersion">1.3.1</S>
          <S N="Authors">Microsoft Corporation</S>
          <S N="IsPrerelease">false</S>
          <S N="ItemType">Module</S>
          <S N="FileList">Az.PolicyInsights.nuspec|Az.PolicyInsights.psd1|Az.PolicyInsights.psm1|Microsoft.Azure.Management.PolicyInsights.dll|Microsoft.Azure.PowerShell.Cmdlets.PolicyInsights.deps.json|Microsoft.Azure.PowerShell.Cmdlets.PolicyInsights.dll|Microsoft.Azure.PowerShell.Cmdlets.PolicyInsights.dll-Help.xml|PolicyInsights.format.ps1xml</S>
          <S N="GUID">8e5143cc-e222-4c80-9e62-c87989326174</S>
          <S N="PowerShellVersion">5.1</S>
          <S N="DotNetFrameworkVersion">4.7.2</S>
          <S N="CompanyName">Microsoft Corporation</S>
        </MS>
      </Obj>
      <S N="InstalledLocation">/Users/crenaud/git/assembly/abx/abx-powershell/Modules/Az.PolicyInsights/1.3.1</S>
    </MS>
  </Obj>
</Objs>
