<Objs Version="1.1.0.1" xmlns="http://schemas.microsoft.com/powershell/2004/04">
  <Obj RefId="0">
    <TN RefId="0">
      <T>Microsoft.PowerShell.Commands.PSRepositoryItemInfo</T>
      <T>System.Management.Automation.PSCustomObject</T>
      <T>System.Object</T>
    </TN>
    <MS>
      <S N="Name">Az.ManagedServices</S>
      <S N="Version">1.0.2</S>
      <S N="Type">Module</S>
      <S N="Description">Microsoft Azure PowerShell - ManagedServices cmdlets for Azure Resource Manager</S>
      <S N="Author">Microsoft Corporation</S>
      <S N="CompanyName">azure-sdk</S>
      <S N="Copyright">(c) Microsoft Corporation. All rights reserved.</S>
      <DT N="PublishedDate">2019-12-17T02:30:21-05:00</DT>
      <Nil N="InstalledDate" />
      <Nil N="UpdatedDate" />
      <URI N="LicenseUri">https://aka.ms/azps-license</URI>
      <URI N="ProjectUri">https://github.com/Azure/azure-powershell</URI>
      <Nil N="IconUri" />
      <Obj N="Tags" RefId="1">
        <TN RefId="1">
          <T>System.Object[]</T>
          <T>System.Array</T>
          <T>System.Object</T>
        </TN>
        <LST>
          <S>Azure</S>
          <S>ResourceManager</S>
          <S>ARM</S>
          <S>ManagedServices</S>
          <S>PSModule</S>
          <S>PSEdition_Core</S>
          <S>PSEdition_Desktop</S>
        </LST>
      </Obj>
      <Obj N="Includes" RefId="2">
        <TN RefId="2">
          <T>System.Collections.Hashtable</T>
          <T>System.Object</T>
        </TN>
        <DCT>
          <En>
            <S N="Key">RoleCapability</S>
            <Obj N="Value" RefId="3">
              <TNRef RefId="1" />
              <LST />
            </Obj>
          </En>
          <En>
            <S N="Key">Command</S>
            <Obj N="Value" RefId="4">
              <TNRef RefId="1" />
              <LST>
                <S>Get-AzManagedServicesAssignment</S>
                <S>New-AzManagedServicesAssignment</S>
                <S>Remove-AzManagedServicesAssignment</S>
                <S>Get-AzManagedServicesDefinition</S>
                <S>New-AzManagedServicesDefinition</S>
                <S>Remove-AzManagedServicesDefinition</S>
              </LST>
            </Obj>
          </En>
          <En>
            <S N="Key">Cmdlet</S>
            <Obj N="Value" RefId="5">
              <TNRef RefId="1" />
              <LST>
                <S>Get-AzManagedServicesAssignment</S>
                <S>New-AzManagedServicesAssignment</S>
                <S>Remove-AzManagedServicesAssignment</S>
                <S>Get-AzManagedServicesDefinition</S>
                <S>New-AzManagedServicesDefinition</S>
                <S>Remove-AzManagedServicesDefinition</S>
              </LST>
            </Obj>
          </En>
          <En>
            <S N="Key">Function</S>
            <Ref N="Value" RefId="3" />
          </En>
          <En>
            <S N="Key">Workflow</S>
            <Ref N="Value" RefId="3" />
          </En>
          <En>
            <S N="Key">DscResource</S>
            <Ref N="Value" RefId="3" />
          </En>
        </DCT>
      </Obj>
      <Nil N="PowerShellGetFormatVersion" />
      <S N="ReleaseNotes">* Update references in .psd1 to use relative path</S>
      <Obj N="Dependencies" RefId="6">
        <TNRef RefId="1" />
        <LST>
          <Obj RefId="7">
            <TN RefId="3">
              <T>System.Collections.Specialized.OrderedDictionary</T>
              <T>System.Object</T>
            </TN>
            <DCT>
              <En>
                <S N="Key">Name</S>
                <S N="Value">Az.Accounts</S>
              </En>
              <En>
                <S N="Key">MinimumVersion</S>
                <S N="Value">1.6.5</S>
              </En>
              <En>
                <S N="Key">CanonicalId</S>
                <S N="Value">nuget:Az.Accounts/1.6.5</S>
              </En>
            </DCT>
          </Obj>
        </LST>
      </Obj>
      <S N="RepositorySourceLocation">https://www.powershellgallery.com/api/v2</S>
      <S N="Repository">PSGallery</S>
      <S N="PackageManagementProvider">NuGet</S>
      <Obj N="AdditionalMetadata" RefId="8">
        <TN RefId="4">
          <T>System.Management.Automation.PSCustomObject</T>
          <T>System.Object</T>
        </TN>
        <MS>
          <S N="copyright">(c) Microsoft Corporation. All rights reserved.</S>
          <S N="description">Microsoft Azure PowerShell - ManagedServices cmdlets for Azure Resource Manager</S>
          <S N="requireLicenseAcceptance">True</S>
          <S N="releaseNotes">* Update references in .psd1 to use relative path</S>
          <S N="isLatestVersion">True</S>
          <S N="isAbsoluteLatestVersion">True</S>
          <S N="versionDownloadCount">3080877</S>
          <S N="downloadCount">5081522</S>
          <S N="packageSize">95968</S>
          <S N="published">12/17/2019 2:30:21 AM -05:00</S>
          <S N="created">12/17/2019 2:30:21 AM -05:00</S>
          <S N="lastUpdated">7/8/2020 12:20:03 PM -04:00</S>
          <S N="tags">Azure ResourceManager ARM ManagedServices PSModule PSEdition_Core PSEdition_Desktop PSCmdlet_Get-AzManagedServicesAssignment PSCommand_Get-AzManagedServicesAssignment PSCmdlet_New-AzManagedServicesAssignment PSCommand_New-AzManagedServicesAssignment PSCmdlet_Remove-AzManagedServicesAssignment PSCommand_Remove-AzManagedServicesAssignment PSCmdlet_Get-AzManagedServicesDefinition PSCommand_Get-AzManagedServicesDefinition PSCmdlet_New-AzManagedServicesDefinition PSCommand_New-AzManagedServicesDefinition PSCmdlet_Remove-AzManagedServicesDefinition PSCommand_Remove-AzManagedServicesDefinition PSIncludes_Cmdlet</S>
          <S N="developmentDependency">False</S>
          <S N="updated">2020-07-08T12:20:03Z</S>
          <S N="NormalizedVersion">1.0.2</S>
          <S N="Authors">Microsoft Corporation</S>
          <S N="IsPrerelease">false</S>
          <S N="ItemType">Module</S>
          <S N="FileList">Az.ManagedServices.nuspec|Az.ManagedServices.psd1|Az.ManagedServices.psm1|Microsoft.Azure.Management.ManagedServices.dll|Microsoft.Azure.PowerShell.Cmdlets.ManagedServices.deps.json|Microsoft.Azure.PowerShell.Cmdlets.ManagedServices.dll|Microsoft.Azure.PowerShell.Cmdlets.ManagedServices.dll-Help.xml|Microsoft.Azure.PowerShell.Cmdlets.ManagedServices.generated.format.ps1xml</S>
          <S N="GUID">fe0ae00c-c482-4e5f-a837-fbc342fdc7e0</S>
          <S N="PowerShellVersion">5.1</S>
          <S N="DotNetFrameworkVersion">4.7.2</S>
          <S N="CompanyName">Microsoft Corporation</S>
        </MS>
      </Obj>
      <S N="InstalledLocation">/Users/crenaud/git/assembly/abx/abx-powershell/Modules/Az.ManagedServices/1.0.2</S>
    </MS>
  </Obj>
</Objs>
