<Objs Version="1.1.0.1" xmlns="http://schemas.microsoft.com/powershell/2004/04">
  <Obj RefId="0">
    <TN RefId="0">
      <T>Microsoft.PowerShell.Commands.PSRepositoryItemInfo</T>
      <T>System.Management.Automation.PSCustomObject</T>
      <T>System.Object</T>
    </TN>
    <MS>
      <S N="Name">Az.StorageSync</S>
      <S N="Version">1.2.3</S>
      <S N="Type">Module</S>
      <S N="Description">Microsoft Azure PowerShell - Storage Sync cmdlets in Windows PowerShell and PowerShell Core. Manages operations pertaining to Azure File Sync in PowerShell.</S>
      <S N="Author">Microsoft Corporation</S>
      <S N="CompanyName">azure-sdk</S>
      <S N="Copyright">Microsoft Corporation. All rights reserved.</S>
      <DT N="PublishedDate">2020-02-18T07:58:22-05:00</DT>
      <Nil N="InstalledDate" />
      <Nil N="UpdatedDate" />
      <URI N="LicenseUri">https://aka.ms/azps-license</URI>
      <URI N="ProjectUri">https://github.com/Azure/azure-powershell</URI>
      <Nil N="IconUri" />
      <Obj N="Tags" RefId="1">
        <TN RefId="1">
          <T>System.Object[]</T>
          <T>System.Array</T>
          <T>System.Object</T>
        </TN>
        <LST>
          <S>Azure</S>
          <S>ResourceManager</S>
          <S>ARM</S>
          <S>Storage</S>
          <S>StorageSync</S>
          <S>PSModule</S>
          <S>PSEdition_Core</S>
          <S>PSEdition_Desktop</S>
        </LST>
      </Obj>
      <Obj N="Includes" RefId="2">
        <TN RefId="2">
          <T>System.Collections.Hashtable</T>
          <T>System.Object</T>
        </TN>
        <DCT>
          <En>
            <S N="Key">RoleCapability</S>
            <Obj N="Value" RefId="3">
              <TNRef RefId="1" />
              <LST />
            </Obj>
          </En>
          <En>
            <S N="Key">Command</S>
            <Obj N="Value" RefId="4">
              <TNRef RefId="1" />
              <LST>
                <S>Invoke-AzStorageSyncCompatibilityCheck</S>
                <S>New-AzStorageSyncService</S>
                <S>Get-AzStorageSyncService</S>
                <S>Remove-AzStorageSyncService</S>
                <S>New-AzStorageSyncGroup</S>
                <S>Get-AzStorageSyncGroup</S>
                <S>Remove-AzStorageSyncGroup</S>
                <S>New-AzStorageSyncCloudEndpoint</S>
                <S>Get-AzStorageSyncCloudEndpoint</S>
                <S>Remove-AzStorageSyncCloudEndpoint</S>
                <S>New-AzStorageSyncServerEndpoint</S>
                <S>Get-AzStorageSyncServerEndpoint</S>
                <S>Remove-AzStorageSyncServerEndpoint</S>
                <S>Set-AzStorageSyncServerEndpoint</S>
                <S>Invoke-AzStorageSyncFileRecall</S>
                <S>Register-AzStorageSyncServer</S>
                <S>Unregister-AzStorageSyncServer</S>
                <S>Get-AzStorageSyncServer</S>
                <S>Reset-AzStorageSyncServerCertificate</S>
                <S>Invoke-AzStorageSyncChangeDetection</S>
              </LST>
            </Obj>
          </En>
          <En>
            <S N="Key">Cmdlet</S>
            <Obj N="Value" RefId="5">
              <TNRef RefId="1" />
              <LST>
                <S>Invoke-AzStorageSyncCompatibilityCheck</S>
                <S>New-AzStorageSyncService</S>
                <S>Get-AzStorageSyncService</S>
                <S>Remove-AzStorageSyncService</S>
                <S>New-AzStorageSyncGroup</S>
                <S>Get-AzStorageSyncGroup</S>
                <S>Remove-AzStorageSyncGroup</S>
                <S>New-AzStorageSyncCloudEndpoint</S>
                <S>Get-AzStorageSyncCloudEndpoint</S>
                <S>Remove-AzStorageSyncCloudEndpoint</S>
                <S>New-AzStorageSyncServerEndpoint</S>
                <S>Get-AzStorageSyncServerEndpoint</S>
                <S>Remove-AzStorageSyncServerEndpoint</S>
                <S>Set-AzStorageSyncServerEndpoint</S>
                <S>Invoke-AzStorageSyncFileRecall</S>
                <S>Register-AzStorageSyncServer</S>
                <S>Unregister-AzStorageSyncServer</S>
                <S>Get-AzStorageSyncServer</S>
                <S>Reset-AzStorageSyncServerCertificate</S>
                <S>Invoke-AzStorageSyncChangeDetection</S>
              </LST>
            </Obj>
          </En>
          <En>
            <S N="Key">Function</S>
            <Ref N="Value" RefId="3" />
          </En>
          <En>
            <S N="Key">Workflow</S>
            <Ref N="Value" RefId="3" />
          </En>
          <En>
            <S N="Key">DscResource</S>
            <Ref N="Value" RefId="3" />
          </En>
        </DCT>
      </Obj>
      <Nil N="PowerShellGetFormatVersion" />
      <S N="ReleaseNotes">* Updated supported character sets in 'Invoke-AzStorageSyncCompatibilityCheck'.</S>
      <Obj N="Dependencies" RefId="6">
        <TNRef RefId="1" />
        <LST>
          <Obj RefId="7">
            <TN RefId="3">
              <T>System.Collections.Specialized.OrderedDictionary</T>
              <T>System.Object</T>
            </TN>
            <DCT>
              <En>
                <S N="Key">Name</S>
                <S N="Value">Az.Accounts</S>
              </En>
              <En>
                <S N="Key">MinimumVersion</S>
                <S N="Value">1.7.2</S>
              </En>
              <En>
                <S N="Key">CanonicalId</S>
                <S N="Value">nuget:Az.Accounts/1.7.2</S>
              </En>
            </DCT>
          </Obj>
        </LST>
      </Obj>
      <S N="RepositorySourceLocation">https://www.powershellgallery.com/api/v2</S>
      <S N="Repository">PSGallery</S>
      <S N="PackageManagementProvider">NuGet</S>
      <Obj N="AdditionalMetadata" RefId="8">
        <TN RefId="4">
          <T>System.Management.Automation.PSCustomObject</T>
          <T>System.Object</T>
        </TN>
        <MS>
          <S N="copyright">Microsoft Corporation. All rights reserved.</S>
          <S N="description">Microsoft Azure PowerShell - Storage Sync cmdlets in Windows PowerShell and PowerShell Core. Manages operations pertaining to Azure File Sync in PowerShell.</S>
          <S N="requireLicenseAcceptance">True</S>
          <S N="releaseNotes">* Updated supported character sets in 'Invoke-AzStorageSyncCompatibilityCheck'.</S>
          <S N="isLatestVersion">True</S>
          <S N="isAbsoluteLatestVersion">True</S>
          <S N="versionDownloadCount">2203833</S>
          <S N="downloadCount">5330861</S>
          <S N="packageSize">405530</S>
          <S N="published">2/18/2020 7:58:22 AM -05:00</S>
          <S N="created">2/18/2020 7:58:22 AM -05:00</S>
          <S N="lastUpdated">7/8/2020 12:20:03 PM -04:00</S>
          <S N="tags">Azure ResourceManager ARM Storage StorageSync PSModule PSEdition_Core PSEdition_Desktop PSCmdlet_Invoke-AzStorageSyncCompatibilityCheck PSCommand_Invoke-AzStorageSyncCompatibilityCheck PSCmdlet_New-AzStorageSyncService PSCommand_New-AzStorageSyncService PSCmdlet_Get-AzStorageSyncService PSCommand_Get-AzStorageSyncService PSCmdlet_Remove-AzStorageSyncService PSCommand_Remove-AzStorageSyncService PSCmdlet_New-AzStorageSyncGroup PSCommand_New-AzStorageSyncGroup PSCmdlet_Get-AzStorageSyncGroup PSCommand_Get-AzStorageSyncGroup PSCmdlet_Remove-AzStorageSyncGroup PSCommand_Remove-AzStorageSyncGroup PSCmdlet_New-AzStorageSyncCloudEndpoint PSCommand_New-AzStorageSyncCloudEndpoint PSCmdlet_Get-AzStorageSyncCloudEndpoint PSCommand_Get-AzStorageSyncCloudEndpoint PSCmdlet_Remove-AzStorageSyncCloudEndpoint PSCommand_Remove-AzStorageSyncCloudEndpoint PSCmdlet_New-AzStorageSyncServerEndpoint PSCommand_New-AzStorageSyncServerEndpoint PSCmdlet_Get-AzStorageSyncServerEndpoint PSCommand_Get-AzStorageSyncServerEndpoint PSCmdlet_Remove-AzStorageSyncServerEndpoint PSCommand_Remove-AzStorageSyncServerEndpoint PSCmdlet_Set-AzStorageSyncServerEndpoint PSCommand_Set-AzStorageSyncServerEndpoint PSCmdlet_Invoke-AzStorageSyncFileRecall PSCommand_Invoke-AzStorageSyncFileRecall PSCmdlet_Register-AzStorageSyncServer PSCommand_Register-AzStorageSyncServer PSCmdlet_Unregister-AzStorageSyncServer PSCommand_Unregister-AzStorageSyncServer PSCmdlet_Get-AzStorageSyncServer PSCommand_Get-AzStorageSyncServer PSCmdlet_Reset-AzStorageSyncServerCertificate PSCommand_Reset-AzStorageSyncServerCertificate PSCmdlet_Invoke-AzStorageSyncChangeDetection PSCommand_Invoke-AzStorageSyncChangeDetection PSIncludes_Cmdlet</S>
          <S N="developmentDependency">False</S>
          <S N="updated">2020-07-08T12:20:03Z</S>
          <S N="NormalizedVersion">1.2.3</S>
          <S N="Authors">Microsoft Corporation</S>
          <S N="IsPrerelease">false</S>
          <S N="ItemType">Module</S>
          <S N="FileList">Az.StorageSync.nuspec|Az.StorageSync.psd1|Az.StorageSync.psm1|Microsoft.Azure.Management.StorageSync.dll|Microsoft.Azure.PowerShell.Cmdlets.StorageSync.deps.json|Microsoft.Azure.PowerShell.Cmdlets.StorageSync.dll|Microsoft.Azure.PowerShell.Cmdlets.StorageSync.dll-Help.xml|StorageSync.format.ps1xml|System.CodeDom.dll|System.Management.dll|PlatformAssemblies\unix\Microsoft.Win32.Registry.dll|PlatformAssemblies\win\Microsoft.Win32.Registry.dll|PostImportScripts\LoadPlatformAssemblies.ps1</S>
          <S N="GUID">c542dcae-4317-44f7-9f2b-2ee66d151ff0</S>
          <S N="PowerShellVersion">5.1</S>
          <S N="DotNetFrameworkVersion">4.7.2</S>
          <S N="CompanyName">Microsoft Corporation</S>
        </MS>
      </Obj>
      <S N="InstalledLocation">/Users/crenaud/git/assembly/abx/abx-powershell/Modules/Az.StorageSync/1.2.3</S>
    </MS>
  </Obj>
</Objs>
