<Objs Version="1.1.0.1" xmlns="http://schemas.microsoft.com/powershell/2004/04">
  <Obj RefId="0">
    <TN RefId="0">
      <T>Microsoft.PowerShell.Commands.PSRepositoryItemInfo</T>
      <T>System.Management.Automation.PSCustomObject</T>
      <T>System.Object</T>
    </TN>
    <MS>
      <S N="Name">Az.CognitiveServices</S>
      <S N="Version">1.5.0</S>
      <S N="Type">Module</S>
      <S N="Description">Microsoft Azure PowerShell - Cognitive Services management cmdlets for Azure Resource Manager in Windows PowerShell and PowerShell Core. Creates and manages cognitive services accounts in Azure Resource Manager._x000D__x000A__x000D__x000A_For more information on Cognitive Services, please visit the following: https://docs.microsoft.com/azure/cognitive-services/</S>
      <S N="Author">Microsoft Corporation</S>
      <S N="CompanyName">azure-sdk</S>
      <S N="Copyright">Microsoft Corporation. All rights reserved.</S>
      <DT N="PublishedDate">2020-06-23T06:18:57-04:00</DT>
      <Nil N="InstalledDate" />
      <Nil N="UpdatedDate" />
      <URI N="LicenseUri">https://aka.ms/azps-license</URI>
      <URI N="ProjectUri">https://github.com/Azure/azure-powershell</URI>
      <Nil N="IconUri" />
      <Obj N="Tags" RefId="1">
        <TN RefId="1">
          <T>System.Object[]</T>
          <T>System.Array</T>
          <T>System.Object</T>
        </TN>
        <LST>
          <S>Azure</S>
          <S>ResourceManager</S>
          <S>ARM</S>
          <S>CognitiveServices</S>
          <S>PSModule</S>
          <S>PSEdition_Core</S>
          <S>PSEdition_Desktop</S>
        </LST>
      </Obj>
      <Obj N="Includes" RefId="2">
        <TN RefId="2">
          <T>System.Collections.Hashtable</T>
          <T>System.Object</T>
        </TN>
        <DCT>
          <En>
            <S N="Key">RoleCapability</S>
            <Obj N="Value" RefId="3">
              <TNRef RefId="1" />
              <LST />
            </Obj>
          </En>
          <En>
            <S N="Key">Command</S>
            <Obj N="Value" RefId="4">
              <TNRef RefId="1" />
              <LST>
                <S>Get-AzCognitiveServicesAccount</S>
                <S>Get-AzCognitiveServicesAccountKey</S>
                <S>Get-AzCognitiveServicesAccountSku</S>
                <S>Get-AzCognitiveServicesAccountType</S>
                <S>Get-AzCognitiveServicesAccountUsage</S>
                <S>New-AzCognitiveServicesAccount</S>
                <S>New-AzCognitiveServicesAccountKey</S>
                <S>Remove-AzCognitiveServicesAccount</S>
                <S>Set-AzCognitiveServicesAccount</S>
                <S>Get-AzCognitiveServicesAccountNetworkRuleSet</S>
                <S>Update-AzCognitiveServicesAccountNetworkRuleSet</S>
                <S>Add-AzCognitiveServicesAccountNetworkRule</S>
                <S>Remove-AzCognitiveServicesAccountNetworkRule</S>
              </LST>
            </Obj>
          </En>
          <En>
            <S N="Key">Cmdlet</S>
            <Obj N="Value" RefId="5">
              <TNRef RefId="1" />
              <LST>
                <S>Get-AzCognitiveServicesAccount</S>
                <S>Get-AzCognitiveServicesAccountKey</S>
                <S>Get-AzCognitiveServicesAccountSku</S>
                <S>Get-AzCognitiveServicesAccountType</S>
                <S>Get-AzCognitiveServicesAccountUsage</S>
                <S>New-AzCognitiveServicesAccount</S>
                <S>New-AzCognitiveServicesAccountKey</S>
                <S>Remove-AzCognitiveServicesAccount</S>
                <S>Set-AzCognitiveServicesAccount</S>
                <S>Get-AzCognitiveServicesAccountNetworkRuleSet</S>
                <S>Update-AzCognitiveServicesAccountNetworkRuleSet</S>
                <S>Add-AzCognitiveServicesAccountNetworkRule</S>
                <S>Remove-AzCognitiveServicesAccountNetworkRule</S>
              </LST>
            </Obj>
          </En>
          <En>
            <S N="Key">Function</S>
            <Ref N="Value" RefId="3" />
          </En>
          <En>
            <S N="Key">Workflow</S>
            <Ref N="Value" RefId="3" />
          </En>
          <En>
            <S N="Key">DscResource</S>
            <Ref N="Value" RefId="3" />
          </En>
        </DCT>
      </Obj>
      <Nil N="PowerShellGetFormatVersion" />
      <S N="ReleaseNotes">* Supported displaying account capabilities._x000D__x000A_* Supported modifying PublicNetworkAccess.</S>
      <Obj N="Dependencies" RefId="6">
        <TNRef RefId="1" />
        <LST>
          <Obj RefId="7">
            <TN RefId="3">
              <T>System.Collections.Specialized.OrderedDictionary</T>
              <T>System.Object</T>
            </TN>
            <DCT>
              <En>
                <S N="Key">Name</S>
                <S N="Value">Az.Accounts</S>
              </En>
              <En>
                <S N="Key">MinimumVersion</S>
                <S N="Value">1.9.0</S>
              </En>
              <En>
                <S N="Key">CanonicalId</S>
                <S N="Value">nuget:Az.Accounts/1.9.0</S>
              </En>
            </DCT>
          </Obj>
        </LST>
      </Obj>
      <S N="RepositorySourceLocation">https://www.powershellgallery.com/api/v2</S>
      <S N="Repository">PSGallery</S>
      <S N="PackageManagementProvider">NuGet</S>
      <Obj N="AdditionalMetadata" RefId="8">
        <TN RefId="4">
          <T>System.Management.Automation.PSCustomObject</T>
          <T>System.Object</T>
        </TN>
        <MS>
          <S N="copyright">Microsoft Corporation. All rights reserved.</S>
          <S N="description">Microsoft Azure PowerShell - Cognitive Services management cmdlets for Azure Resource Manager in Windows PowerShell and PowerShell Core. Creates and manages cognitive services accounts in Azure Resource Manager._x000D__x000A__x000D__x000A_For more information on Cognitive Services, please visit the following: https://docs.microsoft.com/azure/cognitive-services/</S>
          <S N="requireLicenseAcceptance">True</S>
          <S N="releaseNotes">* Supported displaying account capabilities._x000D__x000A_* Supported modifying PublicNetworkAccess.</S>
          <S N="isLatestVersion">True</S>
          <S N="isAbsoluteLatestVersion">True</S>
          <S N="versionDownloadCount">274779</S>
          <S N="downloadCount">6416241</S>
          <S N="packageSize">125271</S>
          <S N="published">6/23/2020 6:18:57 AM -04:00</S>
          <S N="created">6/23/2020 6:18:57 AM -04:00</S>
          <S N="lastUpdated">7/8/2020 12:19:49 PM -04:00</S>
          <S N="tags">Azure ResourceManager ARM CognitiveServices PSModule PSEdition_Core PSEdition_Desktop PSCmdlet_Get-AzCognitiveServicesAccount PSCommand_Get-AzCognitiveServicesAccount PSCmdlet_Get-AzCognitiveServicesAccountKey PSCommand_Get-AzCognitiveServicesAccountKey PSCmdlet_Get-AzCognitiveServicesAccountSku PSCommand_Get-AzCognitiveServicesAccountSku PSCmdlet_Get-AzCognitiveServicesAccountType PSCommand_Get-AzCognitiveServicesAccountType PSCmdlet_Get-AzCognitiveServicesAccountUsage PSCommand_Get-AzCognitiveServicesAccountUsage PSCmdlet_New-AzCognitiveServicesAccount PSCommand_New-AzCognitiveServicesAccount PSCmdlet_New-AzCognitiveServicesAccountKey PSCommand_New-AzCognitiveServicesAccountKey PSCmdlet_Remove-AzCognitiveServicesAccount PSCommand_Remove-AzCognitiveServicesAccount PSCmdlet_Set-AzCognitiveServicesAccount PSCommand_Set-AzCognitiveServicesAccount PSCmdlet_Get-AzCognitiveServicesAccountNetworkRuleSet PSCommand_Get-AzCognitiveServicesAccountNetworkRuleSet PSCmdlet_Update-AzCognitiveServicesAccountNetworkRuleSet PSCommand_Update-AzCognitiveServicesAccountNetworkRuleSet PSCmdlet_Add-AzCognitiveServicesAccountNetworkRule PSCommand_Add-AzCognitiveServicesAccountNetworkRule PSCmdlet_Remove-AzCognitiveServicesAccountNetworkRule PSCommand_Remove-AzCognitiveServicesAccountNetworkRule PSIncludes_Cmdlet</S>
          <S N="developmentDependency">False</S>
          <S N="updated">2020-07-08T12:19:49Z</S>
          <S N="NormalizedVersion">1.5.0</S>
          <S N="Authors">Microsoft Corporation</S>
          <S N="IsPrerelease">false</S>
          <S N="ItemType">Module</S>
          <S N="FileList">Az.CognitiveServices.nuspec|Az.CognitiveServices.psd1|Az.CognitiveServices.psm1|Microsoft.Azure.Management.CognitiveServices.dll|Microsoft.Azure.PowerShell.Cmdlets.CognitiveServices.deps.json|Microsoft.Azure.PowerShell.Cmdlets.CognitiveServices.dll|Microsoft.Azure.PowerShell.Cmdlets.CognitiveServices.dll-Help.xml</S>
          <S N="GUID">492308f7-25bf-4606-888f-357c7c2850aa</S>
          <S N="PowerShellVersion">5.1</S>
          <S N="DotNetFrameworkVersion">4.7.2</S>
          <S N="CompanyName">Microsoft Corporation</S>
        </MS>
      </Obj>
      <S N="InstalledLocation">/Users/crenaud/git/assembly/abx/abx-powershell/Modules/Az.CognitiveServices/1.5.0</S>
    </MS>
  </Obj>
</Objs>
