<Objs Version="1.1.0.1" xmlns="http://schemas.microsoft.com/powershell/2004/04">
  <Obj RefId="0">
    <TN RefId="0">
      <T>Microsoft.PowerShell.Commands.PSRepositoryItemInfo</T>
      <T>System.Management.Automation.PSCustomObject</T>
      <T>System.Object</T>
    </TN>
    <MS>
      <S N="Name">Az.IotHub</S>
      <S N="Version">2.5.0</S>
      <S N="Type">Module</S>
      <S N="Description">Microsoft Azure PowerShell - IoT Hub service cmdlets for Azure Resource Manager in Windows PowerShell and PowerShell Core._x000D__x000A__x000D__x000A_For more information on IoT Hub, please visit the following: https://docs.microsoft.com/azure/iot-hub/</S>
      <S N="Author">Microsoft Corporation</S>
      <S N="CompanyName">azure-sdk</S>
      <S N="Copyright">Microsoft Corporation. All rights reserved.</S>
      <DT N="PublishedDate">2020-05-19T10:35:29-04:00</DT>
      <Nil N="InstalledDate" />
      <Nil N="UpdatedDate" />
      <URI N="LicenseUri">https://aka.ms/azps-license</URI>
      <URI N="ProjectUri">https://github.com/Azure/azure-powershell</URI>
      <Nil N="IconUri" />
      <Obj N="Tags" RefId="1">
        <TN RefId="1">
          <T>System.Object[]</T>
          <T>System.Array</T>
          <T>System.Object</T>
        </TN>
        <LST>
          <S>Azure</S>
          <S>ResourceManager</S>
          <S>ARM</S>
          <S>IoT</S>
          <S>IoTHub</S>
          <S>PSModule</S>
          <S>PSEdition_Core</S>
          <S>PSEdition_Desktop</S>
        </LST>
      </Obj>
      <Obj N="Includes" RefId="2">
        <TN RefId="2">
          <T>System.Collections.Hashtable</T>
          <T>System.Object</T>
        </TN>
        <DCT>
          <En>
            <S N="Key">RoleCapability</S>
            <Obj N="Value" RefId="3">
              <TNRef RefId="1" />
              <LST />
            </Obj>
          </En>
          <En>
            <S N="Key">Command</S>
            <Obj N="Value" RefId="4">
              <TNRef RefId="1" />
              <LST>
                <S>Add-AzIotHubKey</S>
                <S>Get-AzIotHubEventHubConsumerGroup</S>
                <S>Get-AzIotHubConnectionString</S>
                <S>Get-AzIotHubJob</S>
                <S>Get-AzIotHubKey</S>
                <S>Get-AzIotHubQuotaMetric</S>
                <S>Get-AzIotHub</S>
                <S>Get-AzIotHubRegistryStatistic</S>
                <S>Get-AzIotHubValidSku</S>
                <S>Add-AzIotHubEventHubConsumerGroup</S>
                <S>New-AzIotHub</S>
                <S>New-AzIotHubExportDevice</S>
                <S>New-AzIotHubImportDevice</S>
                <S>Remove-AzIotHub</S>
                <S>Remove-AzIotHubEventHubConsumerGroup</S>
                <S>Remove-AzIotHubKey</S>
                <S>Set-AzIotHub</S>
                <S>Update-AzIotHub</S>
                <S>Add-AzIotHubCertificate</S>
                <S>Get-AzIotHubCertificate</S>
                <S>Get-AzIotHubCertificateVerificationCode</S>
                <S>Set-AzIotHubVerifiedCertificate</S>
                <S>Remove-AzIotHubCertificate</S>
                <S>Get-AzIotHubRoutingEndpoint</S>
                <S>Add-AzIotHubRoutingEndpoint</S>
                <S>Remove-AzIotHubRoutingEndpoint</S>
                <S>Get-AzIotHubRoute</S>
                <S>Add-AzIotHubRoute</S>
                <S>Remove-AzIotHubRoute</S>
                <S>Set-AzIotHubRoute</S>
                <S>Test-AzIotHubRoute</S>
                <S>New-AzIotHubKey</S>
                <S>Invoke-AzIotHubManualFailover</S>
                <S>Add-AzIotHubMessageEnrichment</S>
                <S>Get-AzIotHubMessageEnrichment</S>
                <S>Remove-AzIotHubMessageEnrichment</S>
                <S>Set-AzIotHubMessageEnrichment</S>
                <S>Add-AzIotHubDevice</S>
                <S>Get-AzIotHubDevice</S>
                <S>Remove-AzIotHubDevice</S>
                <S>Set-AzIotHubDevice</S>
                <S>Add-AzIotHubModule</S>
                <S>Get-AzIotHubModule</S>
                <S>Remove-AzIotHubModule</S>
                <S>Set-AzIotHubModule</S>
                <S>Get-AzIotHubDeviceConnectionString</S>
                <S>Get-AzIotHubModuleConnectionString</S>
                <S>Get-AzIotHubDeviceParent</S>
                <S>Set-AzIotHubDeviceParent</S>
                <S>Add-AzIotHubDeviceChildren</S>
                <S>Remove-AzIotHubDeviceChildren</S>
                <S>Get-AzIotHubDeviceChildren</S>
                <S>Get-AzIotHubDistributedTracing</S>
                <S>Set-AzIotHubDistributedTracing</S>
                <S>Get-AzIotHubDeviceTwin</S>
                <S>Update-AzIotHubDeviceTwin</S>
                <S>Invoke-AzIotHubDeviceMethod</S>
                <S>Get-AzIotHubModuleTwin</S>
                <S>Update-AzIotHubModuleTwin</S>
                <S>Add-AzIotHubConfiguration</S>
                <S>Get-AzIotHubConfiguration</S>
                <S>Remove-AzIotHubConfiguration</S>
                <S>Set-AzIotHubConfiguration</S>
                <S>Invoke-AzIotHubModuleMethod</S>
                <S>Invoke-AzIotHubQuery</S>
                <S>New-AzIotHubSasToken</S>
                <S>Invoke-AzIotHubConfigurationMetricsQuery</S>
                <S>Add-AzIotHubDeployment</S>
                <S>Get-AzIotHubDeployment</S>
                <S>Remove-AzIotHubDeployment</S>
                <S>Set-AzIotHubDeployment</S>
                <S>Invoke-AzIotHubDeploymentMetricsQuery</S>
                <S>Set-AzIotHubEdgeModule</S>
              </LST>
            </Obj>
          </En>
          <En>
            <S N="Key">Cmdlet</S>
            <Obj N="Value" RefId="5">
              <TNRef RefId="1" />
              <LST>
                <S>Add-AzIotHubKey</S>
                <S>Get-AzIotHubEventHubConsumerGroup</S>
                <S>Get-AzIotHubConnectionString</S>
                <S>Get-AzIotHubJob</S>
                <S>Get-AzIotHubKey</S>
                <S>Get-AzIotHubQuotaMetric</S>
                <S>Get-AzIotHub</S>
                <S>Get-AzIotHubRegistryStatistic</S>
                <S>Get-AzIotHubValidSku</S>
                <S>Add-AzIotHubEventHubConsumerGroup</S>
                <S>New-AzIotHub</S>
                <S>New-AzIotHubExportDevice</S>
                <S>New-AzIotHubImportDevice</S>
                <S>Remove-AzIotHub</S>
                <S>Remove-AzIotHubEventHubConsumerGroup</S>
                <S>Remove-AzIotHubKey</S>
                <S>Set-AzIotHub</S>
                <S>Update-AzIotHub</S>
                <S>Add-AzIotHubCertificate</S>
                <S>Get-AzIotHubCertificate</S>
                <S>Get-AzIotHubCertificateVerificationCode</S>
                <S>Set-AzIotHubVerifiedCertificate</S>
                <S>Remove-AzIotHubCertificate</S>
                <S>Get-AzIotHubRoutingEndpoint</S>
                <S>Add-AzIotHubRoutingEndpoint</S>
                <S>Remove-AzIotHubRoutingEndpoint</S>
                <S>Get-AzIotHubRoute</S>
                <S>Add-AzIotHubRoute</S>
                <S>Remove-AzIotHubRoute</S>
                <S>Set-AzIotHubRoute</S>
                <S>Test-AzIotHubRoute</S>
                <S>New-AzIotHubKey</S>
                <S>Invoke-AzIotHubManualFailover</S>
                <S>Add-AzIotHubMessageEnrichment</S>
                <S>Get-AzIotHubMessageEnrichment</S>
                <S>Remove-AzIotHubMessageEnrichment</S>
                <S>Set-AzIotHubMessageEnrichment</S>
                <S>Add-AzIotHubDevice</S>
                <S>Get-AzIotHubDevice</S>
                <S>Remove-AzIotHubDevice</S>
                <S>Set-AzIotHubDevice</S>
                <S>Add-AzIotHubModule</S>
                <S>Get-AzIotHubModule</S>
                <S>Remove-AzIotHubModule</S>
                <S>Set-AzIotHubModule</S>
                <S>Get-AzIotHubDeviceConnectionString</S>
                <S>Get-AzIotHubModuleConnectionString</S>
                <S>Get-AzIotHubDeviceParent</S>
                <S>Set-AzIotHubDeviceParent</S>
                <S>Add-AzIotHubDeviceChildren</S>
                <S>Remove-AzIotHubDeviceChildren</S>
                <S>Get-AzIotHubDeviceChildren</S>
                <S>Get-AzIotHubDistributedTracing</S>
                <S>Set-AzIotHubDistributedTracing</S>
                <S>Get-AzIotHubDeviceTwin</S>
                <S>Update-AzIotHubDeviceTwin</S>
                <S>Invoke-AzIotHubDeviceMethod</S>
                <S>Get-AzIotHubModuleTwin</S>
                <S>Update-AzIotHubModuleTwin</S>
                <S>Add-AzIotHubConfiguration</S>
                <S>Get-AzIotHubConfiguration</S>
                <S>Remove-AzIotHubConfiguration</S>
                <S>Set-AzIotHubConfiguration</S>
                <S>Invoke-AzIotHubModuleMethod</S>
                <S>Invoke-AzIotHubQuery</S>
                <S>New-AzIotHubSasToken</S>
                <S>Invoke-AzIotHubConfigurationMetricsQuery</S>
                <S>Add-AzIotHubDeployment</S>
                <S>Get-AzIotHubDeployment</S>
                <S>Remove-AzIotHubDeployment</S>
                <S>Set-AzIotHubDeployment</S>
                <S>Invoke-AzIotHubDeploymentMetricsQuery</S>
                <S>Set-AzIotHubEdgeModule</S>
              </LST>
            </Obj>
          </En>
          <En>
            <S N="Key">Function</S>
            <Ref N="Value" RefId="3" />
          </En>
          <En>
            <S N="Key">Workflow</S>
            <Ref N="Value" RefId="3" />
          </En>
          <En>
            <S N="Key">DscResource</S>
            <Ref N="Value" RefId="3" />
          </En>
        </DCT>
      </Obj>
      <Nil N="PowerShellGetFormatVersion" />
      <S N="ReleaseNotes">* Added cmdlet to invoke a query in an IoT hub to retrieve information using a SQL-like language._x000D__x000A_* Fix issue that 'Add-AzIotHubDevice' fails to create Edge Enabled Device without child devices [#11597]_x000D__x000A_* Added cmdlet to generate SAS token for Iot Hub, device or module._x000D__x000A_* Added cmdlet to invoke configuration metrics query._x000D__x000A_* Manage IoT Edge automatic deployment at scale. New cmdlets are:_x000D__x000A_    - 'Add-AzIotHubDeployment'_x000D__x000A_    - 'Get-AzIotHubDeployment'_x000D__x000A_    - 'Remove-AzIotHubDeployment'_x000D__x000A_    - 'Set-AzIotHubDeployment'_x000D__x000A_* Added cmdlet to invoke an IoT Edge deployment metrics query._x000D__x000A_* Added cmdlet to apply the configuration content to the specified edge device.</S>
      <Obj N="Dependencies" RefId="6">
        <TNRef RefId="1" />
        <LST>
          <Obj RefId="7">
            <TN RefId="3">
              <T>System.Collections.Specialized.OrderedDictionary</T>
              <T>System.Object</T>
            </TN>
            <DCT>
              <En>
                <S N="Key">Name</S>
                <S N="Value">Az.Accounts</S>
              </En>
              <En>
                <S N="Key">MinimumVersion</S>
                <S N="Value">1.8.0</S>
              </En>
              <En>
                <S N="Key">CanonicalId</S>
                <S N="Value">nuget:Az.Accounts/1.8.0</S>
              </En>
            </DCT>
          </Obj>
        </LST>
      </Obj>
      <S N="RepositorySourceLocation">https://www.powershellgallery.com/api/v2</S>
      <S N="Repository">PSGallery</S>
      <S N="PackageManagementProvider">NuGet</S>
      <Obj N="AdditionalMetadata" RefId="8">
        <TN RefId="4">
          <T>System.Management.Automation.PSCustomObject</T>
          <T>System.Object</T>
        </TN>
        <MS>
          <S N="copyright">Microsoft Corporation. All rights reserved.</S>
          <S N="description">Microsoft Azure PowerShell - IoT Hub service cmdlets for Azure Resource Manager in Windows PowerShell and PowerShell Core._x000D__x000A__x000D__x000A_For more information on IoT Hub, please visit the following: https://docs.microsoft.com/azure/iot-hub/</S>
          <S N="requireLicenseAcceptance">True</S>
          <S N="releaseNotes">* Added cmdlet to invoke a query in an IoT hub to retrieve information using a SQL-like language._x000D__x000A_* Fix issue that 'Add-AzIotHubDevice' fails to create Edge Enabled Device without child devices [#11597]_x000D__x000A_* Added cmdlet to generate SAS token for Iot Hub, device or module._x000D__x000A_* Added cmdlet to invoke configuration metrics query._x000D__x000A_* Manage IoT Edge automatic deployment at scale. New cmdlets are:_x000D__x000A_    - 'Add-AzIotHubDeployment'_x000D__x000A_    - 'Get-AzIotHubDeployment'_x000D__x000A_    - 'Remove-AzIotHubDeployment'_x000D__x000A_    - 'Set-AzIotHubDeployment'_x000D__x000A_* Added cmdlet to invoke an IoT Edge deployment metrics query._x000D__x000A_* Added cmdlet to apply the configuration content to the specified edge device.</S>
          <S N="isLatestVersion">True</S>
          <S N="isAbsoluteLatestVersion">True</S>
          <S N="versionDownloadCount">768973</S>
          <S N="downloadCount">6361078</S>
          <S N="packageSize">617782</S>
          <S N="published">5/19/2020 10:35:29 AM -04:00</S>
          <S N="created">5/19/2020 10:35:29 AM -04:00</S>
          <S N="lastUpdated">7/8/2020 12:20:03 PM -04:00</S>
          <S N="tags">Azure ResourceManager ARM IoT IoTHub PSModule PSEdition_Core PSEdition_Desktop PSCmdlet_Add-AzIotHubKey PSCommand_Add-AzIotHubKey PSCmdlet_Get-AzIotHubEventHubConsumerGroup PSCommand_Get-AzIotHubEventHubConsumerGroup PSCmdlet_Get-AzIotHubConnectionString PSCommand_Get-AzIotHubConnectionString PSCmdlet_Get-AzIotHubJob PSCommand_Get-AzIotHubJob PSCmdlet_Get-AzIotHubKey PSCommand_Get-AzIotHubKey PSCmdlet_Get-AzIotHubQuotaMetric PSCommand_Get-AzIotHubQuotaMetric PSCmdlet_Get-AzIotHub PSCommand_Get-AzIotHub PSCmdlet_Get-AzIotHubRegistryStatistic PSCommand_Get-AzIotHubRegistryStatistic PSCmdlet_Get-AzIotHubValidSku PSCommand_Get-AzIotHubValidSku PSCmdlet_Add-AzIotHubEventHubConsumerGroup PSCommand_Add-AzIotHubEventHubConsumerGroup PSCmdlet_New-AzIotHub PSCommand_New-AzIotHub PSCmdlet_New-AzIotHubExportDevice PSCommand_New-AzIotHubExportDevice PSCmdlet_New-AzIotHubImportDevice PSCommand_New-AzIotHubImportDevice PSCmdlet_Remove-AzIotHub PSCommand_Remove-AzIotHub PSCmdlet_Remove-AzIotHubEventHubConsumerGroup PSCommand_Remove-AzIotHubEventHubConsumerGroup PSCmdlet_Remove-AzIotHubKey PSCommand_Remove-AzIotHubKey PSCmdlet_Set-AzIotHub PSCommand_Set-AzIotHub PSCmdlet_Update-AzIotHub PSCommand_Update-AzIotHub PSCmdlet_Add-AzIotHubCertificate PSCommand_Add-AzIotHubCertificate PSCmdlet_Get-AzIotHubCertificate PSCommand_Get-AzIotHubCertificate PSCmdlet_Get-AzIotHubCertificateVerificationCode PSCommand_Get-AzIotHubCertificateVerificationCode PSCmdlet_Set-AzIotHubVerifiedCertificate PSCommand_Set-AzIotHubVerifiedCertificate PSCmdlet_Remove-AzIotHubCertificate PSCommand_Remove-AzIotHubCertificate PSCmdlet_Get-AzIotHubRoutingEndpoint PSCommand_Get-AzIotHubRoutingEndpoint PSCmdlet_Add-AzIotHubRoutingEndpoint PSCommand_Add-AzIotHubRoutingEndpoint PSCmdlet_Remove-AzIotHubRoutingEndpoint PSCommand_Remove-AzIotHubRoutingEndpoint PSCmdlet_Get-AzIotHubRoute PSCommand_Get-AzIotHubRoute PSCmdlet_Add-AzIotHubRoute PSCommand_Add-AzIotHubRoute PSCmdlet_Remove-AzIotHubRoute PSCommand_Remove-AzIotHubRoute PSCmdlet_Set-AzIotHubRoute PSCommand_Set-AzIotHubRoute PSCmdlet_Test-AzIotHubRoute PSCommand_Test-AzIotHubRoute PSCmdlet_New-AzIotHubKey PSCommand_New-AzIotHubKey PSCmdlet_Invoke-AzIotHubManualFailover PSCommand_Invoke-AzIotHubManualFailover PSCmdlet_Add-AzIotHubMessageEnrichment PSCommand_Add-AzIotHubMessageEnrichment PSCmdlet_Get-AzIotHubMessageEnrichment PSCommand_Get-AzIotHubMessageEnrichment PSCmdlet_Remove-AzIotHubMessageEnrichment PSCommand_Remove-AzIotHubMessageEnrichment PSCmdlet_Set-AzIotHubMessageEnrichment PSCommand_Set-AzIotHubMessageEnrichment PSCmdlet_Add-AzIotHubDevice PSCommand_Add-AzIotHubDevice PSCmdlet_Get-AzIotHubDevice PSCommand_Get-AzIotHubDevice PSCmdlet_Remove-AzIotHubDevice PSCommand_Remove-AzIotHubDevice PSCmdlet_Set-AzIotHubDevice PSCommand_Set-AzIotHubDevice PSCmdlet_Add-AzIotHubModule PSCommand_Add-AzIotHubModule PSCmdlet_Get-AzIotHubModule PSCommand_Get-AzIotHubModule PSCmdlet_Remove-AzIotHubModule PSCommand_Remove-AzIotHubModule PSCmdlet_Set-AzIotHubModule PSCommand_Set-AzIotHubModule PSCmdlet_Get-AzIotHubDeviceConnectionString PSCommand_Get-AzIotHubDeviceConnectionString PSCmdlet_Get-AzIotHubModuleConnectionString PSCommand_Get-AzIotHubModuleConnectionString PSCmdlet_Get-AzIotHubDeviceParent PSCommand_Get-AzIotHubDeviceParent PSCmdlet_Set-AzIotHubDeviceParent PSCommand_Set-AzIotHubDeviceParent PSCmdlet_Add-AzIotHubDeviceChildren PSCommand_Add-AzIotHubDeviceChildren PSCmdlet_Remove-AzIotHubDeviceChildren PSCommand_Remove-AzIotHubDeviceChildren PSCmdlet_Get-AzIotHubDeviceChildren PSCommand_Get-AzIotHubDeviceChildren PSCmdlet_Get-AzIotHubDistributedTracing PSCommand_Get-AzIotHubDistributedTracing PSCmdlet_Set-AzIotHubDistributedTracing PSCommand_Set-AzIotHubDistributedTracing PSCmdlet_Get-AzIotHubDeviceTwin PSCommand_Get-AzIotHubDeviceTwin PSCmdlet_Update-AzIotHubDeviceTwin PSCommand_Update-AzIotHubDeviceTwin PSCmdlet_Invoke-AzIotHubDeviceMethod PSCommand_Invoke-AzIotHubDeviceMethod PSCmdlet_Get-AzIotHubModuleTwin PSCommand_Get-AzIotHubModuleTwin PSCmdlet_Update-AzIotHubModuleTwin PSCommand_Update-AzIotHubModuleTwin PSCmdlet_Add-AzIotHubConfiguration PSCommand_Add-AzIotHubConfiguration PSCmdlet_Get-AzIotHubConfiguration PSCommand_Get-AzIotHubConfiguration PSCmdlet_Remove-AzIotHubConfiguration PSCommand_Remove-AzIotHubConfiguration PSCmdlet_Set-AzIotHubConfiguration PSCommand_Set-AzIotHubConfiguration PSCmdlet_Invoke-AzIotHubModuleMethod PSCommand_Invoke-AzIotHubModuleMethod PSCmdlet_Invoke-AzIotHubQuery PSCommand_Invoke-AzIotHubQuery PSCmdlet_New-AzIotHubSasToken PSCommand_New-AzIotHubSasToken PSCmdlet_Invoke-AzIotHubConfigurationMetricsQuery PSCommand_Invoke-AzIotHubConfigurationMetricsQuery PSCmdlet_Add-AzIotHubDeployment PSCommand_Add-AzIotHubDeployment PSCmdlet_Get-AzIotHubDeployment PSCommand_Get-AzIotHubDeployment PSCmdlet_Remove-AzIotHubDeployment PSCommand_Remove-AzIotHubDeployment PSCmdlet_Set-AzIotHubDeployment PSCommand_Set-AzIotHubDeployment PSCmdlet_Invoke-AzIotHubDeploymentMetricsQuery PSCommand_Invoke-AzIotHubDeploymentMetricsQuery PSCmdlet_Set-AzIotHubEdgeModule PSCommand_Set-AzIotHubEdgeModule PSIncludes_Cmdlet</S>
          <S N="developmentDependency">False</S>
          <S N="updated">2020-07-08T12:20:03Z</S>
          <S N="NormalizedVersion">2.5.0</S>
          <S N="Authors">Microsoft Corporation</S>
          <S N="IsPrerelease">false</S>
          <S N="ItemType">Module</S>
          <S N="FileList">Az.IotHub.nuspec|Az.IotHub.psd1|Az.IotHub.psm1|IotHub.format.ps1xml|Microsoft.Azure.Amqp.dll|Microsoft.Azure.Devices.dll|Microsoft.Azure.Devices.Shared.dll|Microsoft.Azure.Management.IotHub.dll|Microsoft.Azure.PowerShell.Cmdlets.IotHub.deps.json|Microsoft.Azure.PowerShell.Cmdlets.IotHub.dll|Microsoft.Azure.PowerShell.Cmdlets.IotHub.dll-Help.xml</S>
          <S N="GUID">888ad48f-0bd0-4141-80fd-ecaae40d3923</S>
          <S N="PowerShellVersion">5.1</S>
          <S N="DotNetFrameworkVersion">4.7.2</S>
          <S N="CompanyName">Microsoft Corporation</S>
        </MS>
      </Obj>
      <S N="InstalledLocation">/Users/crenaud/git/assembly/abx/abx-powershell/Modules/Az.IotHub/2.5.0</S>
    </MS>
  </Obj>
</Objs>
