<Objs Version="1.1.0.1" xmlns="http://schemas.microsoft.com/powershell/2004/04">
  <Obj RefId="0">
    <TN RefId="0">
      <T>Microsoft.PowerShell.Commands.PSRepositoryItemInfo</T>
      <T>System.Management.Automation.PSCustomObject</T>
      <T>System.Object</T>
    </TN>
    <MS>
      <S N="Name">Az.DataShare</S>
      <S N="Version">1.0.0</S>
      <S N="Type">Module</S>
      <S N="Description">Microsoft Azure PowerShell - DataShare service cmdlets for Azure Resource Manager in Windows PowerShell and PowerShell Core.</S>
      <S N="Author">Microsoft Corporation</S>
      <S N="CompanyName">azure-sdk</S>
      <S N="Copyright">Microsoft Corporation. All rights reserved.</S>
      <DT N="PublishedDate">2020-06-02T04:14:34-04:00</DT>
      <Nil N="InstalledDate" />
      <Nil N="UpdatedDate" />
      <URI N="LicenseUri">https://aka.ms/azps-license</URI>
      <URI N="ProjectUri">https://github.com/Azure/azure-powershell</URI>
      <Nil N="IconUri" />
      <Obj N="Tags" RefId="1">
        <TN RefId="1">
          <T>System.Object[]</T>
          <T>System.Array</T>
          <T>System.Object</T>
        </TN>
        <LST>
          <S>Azure</S>
          <S>ResourceManager</S>
          <S>ARM</S>
          <S>DataShare</S>
          <S>PSModule</S>
          <S>PSEdition_Core</S>
          <S>PSEdition_Desktop</S>
        </LST>
      </Obj>
      <Obj N="Includes" RefId="2">
        <TN RefId="2">
          <T>System.Collections.Hashtable</T>
          <T>System.Object</T>
        </TN>
        <DCT>
          <En>
            <S N="Key">RoleCapability</S>
            <Obj N="Value" RefId="3">
              <TNRef RefId="1" />
              <LST />
            </Obj>
          </En>
          <En>
            <S N="Key">Command</S>
            <Obj N="Value" RefId="4">
              <TNRef RefId="1" />
              <LST>
                <S>New-AzDataShareAccount</S>
                <S>Get-AzDataShareAccount</S>
                <S>Remove-AzDataShareAccount</S>
                <S>New-AzDataShare</S>
                <S>Get-AzDataShare</S>
                <S>Remove-AzDataShare</S>
                <S>Set-AzDataShare</S>
                <S>New-AzDataShareInvitation</S>
                <S>Get-AzDataShareInvitation</S>
                <S>Remove-AzDataShareInvitation</S>
                <S>Get-AzDataShareReceivedInvitation</S>
                <S>New-AzDataShareSubscription</S>
                <S>Get-AzDataShareSubscription</S>
                <S>Remove-AzDataShareSubscription</S>
                <S>New-AzDataShareSynchronizationSetting</S>
                <S>Get-AzDataShareSynchronizationSetting</S>
                <S>Remove-AzDataShareSynchronizationSetting</S>
                <S>New-AzDataShareTrigger</S>
                <S>Remove-AzDataShareTrigger</S>
                <S>Get-AzDataShareTrigger</S>
                <S>New-AzDataShareDataSet</S>
                <S>Get-AzDataShareDataSet</S>
                <S>Remove-AzDataShareDataSet</S>
                <S>Start-AzDataShareSubscriptionSynchronization</S>
                <S>Stop-AzDataShareSubscriptionSynchronization</S>
                <S>Get-AzDataShareProviderShareSubscription</S>
                <S>Revoke-AzDataShareSubscriptionAccess</S>
                <S>Grant-AzDataShareSubscriptionAccess</S>
                <S>New-AzDataShareDataSetMapping</S>
                <S>Get-AzDataShareDataSetMapping</S>
                <S>Remove-AzDataShareDataSetMapping</S>
                <S>Get-AzDataShareSubscriptionSynchronization</S>
                <S>Get-AzDataShareSubscriptionSynchronizationDetail</S>
                <S>Get-AzDataShareSynchronization</S>
                <S>Get-AzDataShareSynchronizationDetail</S>
                <S>Get-AzDataShareSourceDataSet</S>
              </LST>
            </Obj>
          </En>
          <En>
            <S N="Key">Cmdlet</S>
            <Obj N="Value" RefId="5">
              <TNRef RefId="1" />
              <LST>
                <S>New-AzDataShareAccount</S>
                <S>Get-AzDataShareAccount</S>
                <S>Remove-AzDataShareAccount</S>
                <S>New-AzDataShare</S>
                <S>Get-AzDataShare</S>
                <S>Remove-AzDataShare</S>
                <S>Set-AzDataShare</S>
                <S>New-AzDataShareInvitation</S>
                <S>Get-AzDataShareInvitation</S>
                <S>Remove-AzDataShareInvitation</S>
                <S>Get-AzDataShareReceivedInvitation</S>
                <S>New-AzDataShareSubscription</S>
                <S>Get-AzDataShareSubscription</S>
                <S>Remove-AzDataShareSubscription</S>
                <S>New-AzDataShareSynchronizationSetting</S>
                <S>Get-AzDataShareSynchronizationSetting</S>
                <S>Remove-AzDataShareSynchronizationSetting</S>
                <S>New-AzDataShareTrigger</S>
                <S>Remove-AzDataShareTrigger</S>
                <S>Get-AzDataShareTrigger</S>
                <S>New-AzDataShareDataSet</S>
                <S>Get-AzDataShareDataSet</S>
                <S>Remove-AzDataShareDataSet</S>
                <S>Start-AzDataShareSubscriptionSynchronization</S>
                <S>Stop-AzDataShareSubscriptionSynchronization</S>
                <S>Get-AzDataShareProviderShareSubscription</S>
                <S>Revoke-AzDataShareSubscriptionAccess</S>
                <S>Grant-AzDataShareSubscriptionAccess</S>
                <S>New-AzDataShareDataSetMapping</S>
                <S>Get-AzDataShareDataSetMapping</S>
                <S>Remove-AzDataShareDataSetMapping</S>
                <S>Get-AzDataShareSubscriptionSynchronization</S>
                <S>Get-AzDataShareSubscriptionSynchronizationDetail</S>
                <S>Get-AzDataShareSynchronization</S>
                <S>Get-AzDataShareSynchronizationDetail</S>
                <S>Get-AzDataShareSourceDataSet</S>
              </LST>
            </Obj>
          </En>
          <En>
            <S N="Key">Function</S>
            <Ref N="Value" RefId="3" />
          </En>
          <En>
            <S N="Key">Workflow</S>
            <Ref N="Value" RefId="3" />
          </En>
          <En>
            <S N="Key">DscResource</S>
            <Ref N="Value" RefId="3" />
          </En>
        </DCT>
      </Obj>
      <Nil N="PowerShellGetFormatVersion" />
      <S N="ReleaseNotes">* General availability of 'Az.DataShare' module</S>
      <Obj N="Dependencies" RefId="6">
        <TNRef RefId="1" />
        <LST>
          <Obj RefId="7">
            <TN RefId="3">
              <T>System.Collections.Specialized.OrderedDictionary</T>
              <T>System.Object</T>
            </TN>
            <DCT>
              <En>
                <S N="Key">Name</S>
                <S N="Value">Az.Accounts</S>
              </En>
              <En>
                <S N="Key">MinimumVersion</S>
                <S N="Value">1.8.1</S>
              </En>
              <En>
                <S N="Key">CanonicalId</S>
                <S N="Value">nuget:Az.Accounts/1.8.1</S>
              </En>
            </DCT>
          </Obj>
        </LST>
      </Obj>
      <S N="RepositorySourceLocation">https://www.powershellgallery.com/api/v2</S>
      <S N="Repository">PSGallery</S>
      <S N="PackageManagementProvider">NuGet</S>
      <Obj N="AdditionalMetadata" RefId="8">
        <TN RefId="4">
          <T>System.Management.Automation.PSCustomObject</T>
          <T>System.Object</T>
        </TN>
        <MS>
          <S N="copyright">Microsoft Corporation. All rights reserved.</S>
          <S N="description">Microsoft Azure PowerShell - DataShare service cmdlets for Azure Resource Manager in Windows PowerShell and PowerShell Core.</S>
          <S N="requireLicenseAcceptance">True</S>
          <S N="releaseNotes">* General availability of 'Az.DataShare' module</S>
          <S N="isLatestVersion">True</S>
          <S N="isAbsoluteLatestVersion">True</S>
          <S N="versionDownloadCount">581849</S>
          <S N="downloadCount">583195</S>
          <S N="packageSize">229976</S>
          <S N="published">6/2/2020 4:14:34 AM -04:00</S>
          <S N="created">6/2/2020 4:14:34 AM -04:00</S>
          <S N="lastUpdated">7/8/2020 12:20:03 PM -04:00</S>
          <S N="tags">Azure ResourceManager ARM DataShare PSModule PSEdition_Core PSEdition_Desktop PSCmdlet_New-AzDataShareAccount PSCommand_New-AzDataShareAccount PSCmdlet_Get-AzDataShareAccount PSCommand_Get-AzDataShareAccount PSCmdlet_Remove-AzDataShareAccount PSCommand_Remove-AzDataShareAccount PSCmdlet_New-AzDataShare PSCommand_New-AzDataShare PSCmdlet_Get-AzDataShare PSCommand_Get-AzDataShare PSCmdlet_Remove-AzDataShare PSCommand_Remove-AzDataShare PSCmdlet_Set-AzDataShare PSCommand_Set-AzDataShare PSCmdlet_New-AzDataShareInvitation PSCommand_New-AzDataShareInvitation PSCmdlet_Get-AzDataShareInvitation PSCommand_Get-AzDataShareInvitation PSCmdlet_Remove-AzDataShareInvitation PSCommand_Remove-AzDataShareInvitation PSCmdlet_Get-AzDataShareReceivedInvitation PSCommand_Get-AzDataShareReceivedInvitation PSCmdlet_New-AzDataShareSubscription PSCommand_New-AzDataShareSubscription PSCmdlet_Get-AzDataShareSubscription PSCommand_Get-AzDataShareSubscription PSCmdlet_Remove-AzDataShareSubscription PSCommand_Remove-AzDataShareSubscription PSCmdlet_New-AzDataShareSynchronizationSetting PSCommand_New-AzDataShareSynchronizationSetting PSCmdlet_Get-AzDataShareSynchronizationSetting PSCommand_Get-AzDataShareSynchronizationSetting PSCmdlet_Remove-AzDataShareSynchronizationSetting PSCommand_Remove-AzDataShareSynchronizationSetting PSCmdlet_New-AzDataShareTrigger PSCommand_New-AzDataShareTrigger PSCmdlet_Remove-AzDataShareTrigger PSCommand_Remove-AzDataShareTrigger PSCmdlet_Get-AzDataShareTrigger PSCommand_Get-AzDataShareTrigger PSCmdlet_New-AzDataShareDataSet PSCommand_New-AzDataShareDataSet PSCmdlet_Get-AzDataShareDataSet PSCommand_Get-AzDataShareDataSet PSCmdlet_Remove-AzDataShareDataSet PSCommand_Remove-AzDataShareDataSet PSCmdlet_Start-AzDataShareSubscriptionSynchronization PSCommand_Start-AzDataShareSubscriptionSynchronization PSCmdlet_Stop-AzDataShareSubscriptionSynchronization PSCommand_Stop-AzDataShareSubscriptionSynchronization PSCmdlet_Get-AzDataShareProviderShareSubscription PSCommand_Get-AzDataShareProviderShareSubscription PSCmdlet_Revoke-AzDataShareSubscriptionAccess PSCommand_Revoke-AzDataShareSubscriptionAccess PSCmdlet_Grant-AzDataShareSubscriptionAccess PSCommand_Grant-AzDataShareSubscriptionAccess PSCmdlet_New-AzDataShareDataSetMapping PSCommand_New-AzDataShareDataSetMapping PSCmdlet_Get-AzDataShareDataSetMapping PSCommand_Get-AzDataShareDataSetMapping PSCmdlet_Remove-AzDataShareDataSetMapping PSCommand_Remove-AzDataShareDataSetMapping PSCmdlet_Get-AzDataShareSubscriptionSynchronization PSCommand_Get-AzDataShareSubscriptionSynchronization PSCmdlet_Get-AzDataShareSubscriptionSynchronizationDetail PSCommand_Get-AzDataShareSubscriptionSynchronizationDetail PSCmdlet_Get-AzDataShareSynchronization PSCommand_Get-AzDataShareSynchronization PSCmdlet_Get-AzDataShareSynchronizationDetail PSCommand_Get-AzDataShareSynchronizationDetail PSCmdlet_Get-AzDataShareSourceDataSet PSCommand_Get-AzDataShareSourceDataSet PSIncludes_Cmdlet</S>
          <S N="developmentDependency">False</S>
          <S N="updated">2020-07-08T12:20:03Z</S>
          <S N="NormalizedVersion">1.0.0</S>
          <S N="Authors">Microsoft Corporation</S>
          <S N="IsPrerelease">false</S>
          <S N="ItemType">Module</S>
          <S N="FileList">Az.DataShare.nuspec|Az.DataShare.psd1|Az.DataShare.psm1|Microsoft.Azure.Management.DataShare.dll|Microsoft.Azure.PowerShell.Cmdlets.DataShare.deps.json|Microsoft.Azure.PowerShell.Cmdlets.DataShare.dll|Microsoft.Azure.PowerShell.Cmdlets.DataShare.dll-Help.xml</S>
          <S N="GUID">91832aaa-dc11-4583-8239-bce5fd531604</S>
          <S N="PowerShellVersion">5.1</S>
          <S N="DotNetFrameworkVersion">4.7.2</S>
          <S N="CompanyName">Microsoft Corporation</S>
        </MS>
      </Obj>
      <S N="InstalledLocation">/Users/crenaud/git/assembly/abx/abx-powershell/Modules/Az.DataShare/1.0.0</S>
    </MS>
  </Obj>
</Objs>
