<Objs Version="1.1.0.1" xmlns="http://schemas.microsoft.com/powershell/2004/04">
  <Obj RefId="0">
    <TN RefId="0">
      <T>Microsoft.PowerShell.Commands.PSRepositoryItemInfo</T>
      <T>System.Management.Automation.PSCustomObject</T>
      <T>System.Object</T>
    </TN>
    <MS>
      <S N="Name">Az.DesktopVirtualization</S>
      <S N="Version">1.0.0</S>
      <S N="Type">Module</S>
      <S N="Description">Microsoft Azure PowerShell: DesktopVirtualization cmdlets</S>
      <S N="Author">Microsoft Corporation</S>
      <S N="CompanyName">azure-sdk</S>
      <S N="Copyright">Microsoft Corporation. All rights reserved.</S>
      <DT N="PublishedDate">2020-06-02T04:14:42-04:00</DT>
      <Nil N="InstalledDate" />
      <Nil N="UpdatedDate" />
      <URI N="LicenseUri">https://aka.ms/azps-license</URI>
      <URI N="ProjectUri">https://github.com/Azure/azure-powershell</URI>
      <Nil N="IconUri" />
      <Obj N="Tags" RefId="1">
        <TN RefId="1">
          <T>System.Object[]</T>
          <T>System.Array</T>
          <T>System.Object</T>
        </TN>
        <LST>
          <S>Azure</S>
          <S>ResourceManager</S>
          <S>ARM</S>
          <S>PSModule</S>
          <S>DesktopVirtualization</S>
          <S>PSEdition_Core</S>
          <S>PSEdition_Desktop</S>
        </LST>
      </Obj>
      <Obj N="Includes" RefId="2">
        <TN RefId="2">
          <T>System.Collections.Hashtable</T>
          <T>System.Object</T>
        </TN>
        <DCT>
          <En>
            <S N="Key">RoleCapability</S>
            <Obj N="Value" RefId="3">
              <TNRef RefId="1" />
              <LST />
            </Obj>
          </En>
          <En>
            <S N="Key">Command</S>
            <Obj N="Value" RefId="4">
              <TNRef RefId="1" />
              <LST>
                <S>Disconnect-AzWvdUserSession</S>
                <S>Get-AzWvdApplication</S>
                <S>Get-AzWvdApplicationGroup</S>
                <S>Get-AzWvdDesktop</S>
                <S>Get-AzWvdHostPool</S>
                <S>Get-AzWvdRegistrationInfo</S>
                <S>Get-AzWvdSessionHost</S>
                <S>Get-AzWvdStartMenuItem</S>
                <S>Get-AzWvdUserSession</S>
                <S>Get-AzWvdWorkspace</S>
                <S>New-AzWvdApplication</S>
                <S>New-AzWvdApplicationGroup</S>
                <S>New-AzWvdHostPool</S>
                <S>New-AzWvdRegistrationInfo</S>
                <S>New-AzWvdWorkspace</S>
                <S>Register-AzWvdApplicationGroup</S>
                <S>Remove-AzWvdApplication</S>
                <S>Remove-AzWvdApplicationGroup</S>
                <S>Remove-AzWvdHostPool</S>
                <S>Remove-AzWvdRegistrationInfo</S>
                <S>Remove-AzWvdSessionHost</S>
                <S>Remove-AzWvdUserSession</S>
                <S>Remove-AzWvdWorkspace</S>
                <S>Send-AzWvdUserSessionMessage</S>
                <S>Unregister-AzWvdApplicationGroup</S>
                <S>Update-AzWvdApplication</S>
                <S>Update-AzWvdApplicationGroup</S>
                <S>Update-AzWvdDesktop</S>
                <S>Update-AzWvdHostPool</S>
                <S>Update-AzWvdSessionHost</S>
                <S>Update-AzWvdWorkspace</S>
              </LST>
            </Obj>
          </En>
          <En>
            <S N="Key">Cmdlet</S>
            <Ref N="Value" RefId="3" />
          </En>
          <En>
            <S N="Key">Function</S>
            <Obj N="Value" RefId="5">
              <TNRef RefId="1" />
              <LST>
                <S>Disconnect-AzWvdUserSession</S>
                <S>Get-AzWvdApplication</S>
                <S>Get-AzWvdApplicationGroup</S>
                <S>Get-AzWvdDesktop</S>
                <S>Get-AzWvdHostPool</S>
                <S>Get-AzWvdRegistrationInfo</S>
                <S>Get-AzWvdSessionHost</S>
                <S>Get-AzWvdStartMenuItem</S>
                <S>Get-AzWvdUserSession</S>
                <S>Get-AzWvdWorkspace</S>
                <S>New-AzWvdApplication</S>
                <S>New-AzWvdApplicationGroup</S>
                <S>New-AzWvdHostPool</S>
                <S>New-AzWvdRegistrationInfo</S>
                <S>New-AzWvdWorkspace</S>
                <S>Register-AzWvdApplicationGroup</S>
                <S>Remove-AzWvdApplication</S>
                <S>Remove-AzWvdApplicationGroup</S>
                <S>Remove-AzWvdHostPool</S>
                <S>Remove-AzWvdRegistrationInfo</S>
                <S>Remove-AzWvdSessionHost</S>
                <S>Remove-AzWvdUserSession</S>
                <S>Remove-AzWvdWorkspace</S>
                <S>Send-AzWvdUserSessionMessage</S>
                <S>Unregister-AzWvdApplicationGroup</S>
                <S>Update-AzWvdApplication</S>
                <S>Update-AzWvdApplicationGroup</S>
                <S>Update-AzWvdDesktop</S>
                <S>Update-AzWvdHostPool</S>
                <S>Update-AzWvdSessionHost</S>
                <S>Update-AzWvdWorkspace</S>
              </LST>
            </Obj>
          </En>
          <En>
            <S N="Key">Workflow</S>
            <Ref N="Value" RefId="3" />
          </En>
          <En>
            <S N="Key">DscResource</S>
            <Ref N="Value" RefId="3" />
          </En>
        </DCT>
      </Obj>
      <Nil N="PowerShellGetFormatVersion" />
      <S N="ReleaseNotes">* General availability of 'Az.DesktopVirtualization' module</S>
      <Obj N="Dependencies" RefId="6">
        <TNRef RefId="1" />
        <LST>
          <Obj RefId="7">
            <TN RefId="3">
              <T>System.Collections.Specialized.OrderedDictionary</T>
              <T>System.Object</T>
            </TN>
            <DCT>
              <En>
                <S N="Key">Name</S>
                <S N="Value">Az.Accounts</S>
              </En>
              <En>
                <S N="Key">MinimumVersion</S>
                <S N="Value">1.8.1</S>
              </En>
              <En>
                <S N="Key">CanonicalId</S>
                <S N="Value">nuget:Az.Accounts/1.8.1</S>
              </En>
            </DCT>
          </Obj>
        </LST>
      </Obj>
      <S N="RepositorySourceLocation">https://www.powershellgallery.com/api/v2</S>
      <S N="Repository">PSGallery</S>
      <S N="PackageManagementProvider">NuGet</S>
      <Obj N="AdditionalMetadata" RefId="8">
        <TN RefId="4">
          <T>System.Management.Automation.PSCustomObject</T>
          <T>System.Object</T>
        </TN>
        <MS>
          <S N="copyright">Microsoft Corporation. All rights reserved.</S>
          <S N="description">Microsoft Azure PowerShell: DesktopVirtualization cmdlets</S>
          <S N="requireLicenseAcceptance">True</S>
          <S N="releaseNotes">* General availability of 'Az.DesktopVirtualization' module</S>
          <S N="isLatestVersion">True</S>
          <S N="isAbsoluteLatestVersion">True</S>
          <S N="versionDownloadCount">587018</S>
          <S N="downloadCount">591336</S>
          <S N="packageSize">549632</S>
          <S N="published">6/2/2020 4:14:42 AM -04:00</S>
          <S N="created">6/2/2020 4:14:42 AM -04:00</S>
          <S N="lastUpdated">7/8/2020 12:20:03 PM -04:00</S>
          <S N="tags">Azure ResourceManager ARM PSModule DesktopVirtualization PSEdition_Core PSEdition_Desktop PSFunction_Disconnect-AzWvdUserSession PSCommand_Disconnect-AzWvdUserSession PSFunction_Get-AzWvdApplication PSCommand_Get-AzWvdApplication PSFunction_Get-AzWvdApplicationGroup PSCommand_Get-AzWvdApplicationGroup PSFunction_Get-AzWvdDesktop PSCommand_Get-AzWvdDesktop PSFunction_Get-AzWvdHostPool PSCommand_Get-AzWvdHostPool PSFunction_Get-AzWvdRegistrationInfo PSCommand_Get-AzWvdRegistrationInfo PSFunction_Get-AzWvdSessionHost PSCommand_Get-AzWvdSessionHost PSFunction_Get-AzWvdStartMenuItem PSCommand_Get-AzWvdStartMenuItem PSFunction_Get-AzWvdUserSession PSCommand_Get-AzWvdUserSession PSFunction_Get-AzWvdWorkspace PSCommand_Get-AzWvdWorkspace PSFunction_New-AzWvdApplication PSCommand_New-AzWvdApplication PSFunction_New-AzWvdApplicationGroup PSCommand_New-AzWvdApplicationGroup PSFunction_New-AzWvdHostPool PSCommand_New-AzWvdHostPool PSFunction_New-AzWvdRegistrationInfo PSCommand_New-AzWvdRegistrationInfo PSFunction_New-AzWvdWorkspace PSCommand_New-AzWvdWorkspace PSFunction_Register-AzWvdApplicationGroup PSCommand_Register-AzWvdApplicationGroup PSFunction_Remove-AzWvdApplication PSCommand_Remove-AzWvdApplication PSFunction_Remove-AzWvdApplicationGroup PSCommand_Remove-AzWvdApplicationGroup PSFunction_Remove-AzWvdHostPool PSCommand_Remove-AzWvdHostPool PSFunction_Remove-AzWvdRegistrationInfo PSCommand_Remove-AzWvdRegistrationInfo PSFunction_Remove-AzWvdSessionHost PSCommand_Remove-AzWvdSessionHost PSFunction_Remove-AzWvdUserSession PSCommand_Remove-AzWvdUserSession PSFunction_Remove-AzWvdWorkspace PSCommand_Remove-AzWvdWorkspace PSFunction_Send-AzWvdUserSessionMessage PSCommand_Send-AzWvdUserSessionMessage PSFunction_Unregister-AzWvdApplicationGroup PSCommand_Unregister-AzWvdApplicationGroup PSFunction_Update-AzWvdApplication PSCommand_Update-AzWvdApplication PSFunction_Update-AzWvdApplicationGroup PSCommand_Update-AzWvdApplicationGroup PSFunction_Update-AzWvdDesktop PSCommand_Update-AzWvdDesktop PSFunction_Update-AzWvdHostPool PSCommand_Update-AzWvdHostPool PSFunction_Update-AzWvdSessionHost PSCommand_Update-AzWvdSessionHost PSFunction_Update-AzWvdWorkspace PSCommand_Update-AzWvdWorkspace PSIncludes_Function</S>
          <S N="developmentDependency">False</S>
          <S N="updated">2020-07-08T12:20:03Z</S>
          <S N="NormalizedVersion">1.0.0</S>
          <S N="Authors">Microsoft Corporation</S>
          <S N="IsPrerelease">false</S>
          <S N="ItemType">Module</S>
          <S N="FileList">Az.DesktopVirtualization.nuspec|Az.DesktopVirtualization.format.ps1xml|Az.DesktopVirtualization.psd1|Az.DesktopVirtualization.psm1|bin\Az.DesktopVirtualization.private.deps.json|bin\Az.DesktopVirtualization.private.dll|custom\Az.DesktopVirtualization.custom.psm1|custom\Get-AzWvdRegistrationInfo.ps1|custom\New-AzWvdApplication_AppAlias.ps1|custom\New-AzWvdHostPool_FullSenerioCreate.ps1|custom\New-AzWvdRegistrationInfo.ps1|custom\Register-AzWvdApplicationGroup.ps1|custom\Remove-AzWvdRegistrationInfo.ps1|custom\Unregister-AzWvdApplicationGroup.ps1|exports\ProxyCmdletDefinitions.ps1|internal\Az.DesktopVirtualization.internal.psm1</S>
          <S N="GUID">4cbade8e-48e0-42f8-a847-7872d0006d54</S>
          <S N="PowerShellVersion">5.1</S>
          <S N="DotNetFrameworkVersion">4.7.2</S>
          <S N="CompanyName">Microsoft Corporation</S>
        </MS>
      </Obj>
      <S N="InstalledLocation">/Users/crenaud/git/assembly/abx/abx-powershell/Modules/Az.DesktopVirtualization/1.0.0</S>
    </MS>
  </Obj>
</Objs>
