<Objs Version="1.1.0.1" xmlns="http://schemas.microsoft.com/powershell/2004/04">
  <Obj RefId="0">
    <TN RefId="0">
      <T>Microsoft.PowerShell.Commands.PSRepositoryItemInfo</T>
      <T>System.Management.Automation.PSCustomObject</T>
      <T>System.Object</T>
    </TN>
    <MS>
      <S N="Name">Az.LogicApp</S>
      <S N="Version">1.3.2</S>
      <S N="Type">Module</S>
      <S N="Description">Microsoft Azure PowerShell - Logic Apps cmdlets for Azure Resource Manager in Windows PowerShell and PowerShell Core._x000D__x000A__x000D__x000A_For more information on Logic Apps, please visit the following: https://docs.microsoft.com/azure/logic-apps/</S>
      <S N="Author">Microsoft Corporation</S>
      <S N="CompanyName">azure-sdk</S>
      <S N="Copyright">Microsoft Corporation. All rights reserved.</S>
      <DT N="PublishedDate">2019-12-17T02:30:08-05:00</DT>
      <Nil N="InstalledDate" />
      <Nil N="UpdatedDate" />
      <URI N="LicenseUri">https://aka.ms/azps-license</URI>
      <URI N="ProjectUri">https://github.com/Azure/azure-powershell</URI>
      <Nil N="IconUri" />
      <Obj N="Tags" RefId="1">
        <TN RefId="1">
          <T>System.Object[]</T>
          <T>System.Array</T>
          <T>System.Object</T>
        </TN>
        <LST>
          <S>Azure</S>
          <S>ResourceManager</S>
          <S>ARM</S>
          <S>LogicApp</S>
          <S>PSModule</S>
          <S>PSEdition_Core</S>
          <S>PSEdition_Desktop</S>
        </LST>
      </Obj>
      <Obj N="Includes" RefId="2">
        <TN RefId="2">
          <T>System.Collections.Hashtable</T>
          <T>System.Object</T>
        </TN>
        <DCT>
          <En>
            <S N="Key">RoleCapability</S>
            <Obj N="Value" RefId="3">
              <TNRef RefId="1" />
              <LST />
            </Obj>
          </En>
          <En>
            <S N="Key">Command</S>
            <Obj N="Value" RefId="4">
              <TNRef RefId="1" />
              <LST>
                <S>Get-AzIntegrationAccountAgreement</S>
                <S>Get-AzIntegrationAccountAssembly</S>
                <S>Get-AzIntegrationAccountBatchConfiguration</S>
                <S>Get-AzIntegrationAccountCallbackUrl</S>
                <S>Get-AzIntegrationAccountCertificate</S>
                <S>Get-AzIntegrationAccount</S>
                <S>Get-AzIntegrationAccountMap</S>
                <S>Get-AzIntegrationAccountPartner</S>
                <S>Get-AzIntegrationAccountSchema</S>
                <S>Get-AzIntegrationAccountGeneratedIcn</S>
                <S>Get-AzIntegrationAccountReceivedIcn</S>
                <S>New-AzIntegrationAccountAgreement</S>
                <S>New-AzIntegrationAccountAssembly</S>
                <S>New-AzIntegrationAccountBatchConfiguration</S>
                <S>New-AzIntegrationAccountCertificate</S>
                <S>New-AzIntegrationAccount</S>
                <S>New-AzIntegrationAccountMap</S>
                <S>New-AzIntegrationAccountPartner</S>
                <S>New-AzIntegrationAccountSchema</S>
                <S>Remove-AzIntegrationAccountAgreement</S>
                <S>Remove-AzIntegrationAccountAssembly</S>
                <S>Remove-AzIntegrationAccountBatchConfiguration</S>
                <S>Remove-AzIntegrationAccountCertificate</S>
                <S>Remove-AzIntegrationAccount</S>
                <S>Remove-AzIntegrationAccountMap</S>
                <S>Remove-AzIntegrationAccountPartner</S>
                <S>Remove-AzIntegrationAccountSchema</S>
                <S>Remove-AzIntegrationAccountReceivedIcn</S>
                <S>Set-AzIntegrationAccountAgreement</S>
                <S>Set-AzIntegrationAccountAssembly</S>
                <S>Set-AzIntegrationAccountBatchConfiguration</S>
                <S>Set-AzIntegrationAccountCertificate</S>
                <S>Set-AzIntegrationAccount</S>
                <S>Set-AzIntegrationAccountMap</S>
                <S>Set-AzIntegrationAccountPartner</S>
                <S>Set-AzIntegrationAccountSchema</S>
                <S>Stop-AzLogicAppRun</S>
                <S>Set-AzIntegrationAccountGeneratedIcn</S>
                <S>Set-AzIntegrationAccountReceivedIcn</S>
                <S>Get-AzLogicApp</S>
                <S>Get-AzLogicAppRunAction</S>
                <S>Get-AzLogicAppRunHistory</S>
                <S>Get-AzLogicAppTriggerCallbackUrl</S>
                <S>Get-AzLogicAppTrigger</S>
                <S>Get-AzLogicAppTriggerHistory</S>
                <S>Get-AzLogicAppUpgradedDefinition</S>
                <S>New-AzLogicApp</S>
                <S>Remove-AzLogicApp</S>
                <S>Start-AzLogicApp</S>
                <S>Set-AzLogicApp</S>
                <S>Test-AzLogicApp</S>
              </LST>
            </Obj>
          </En>
          <En>
            <S N="Key">Cmdlet</S>
            <Obj N="Value" RefId="5">
              <TNRef RefId="1" />
              <LST>
                <S>Get-AzIntegrationAccountAgreement</S>
                <S>Get-AzIntegrationAccountAssembly</S>
                <S>Get-AzIntegrationAccountBatchConfiguration</S>
                <S>Get-AzIntegrationAccountCallbackUrl</S>
                <S>Get-AzIntegrationAccountCertificate</S>
                <S>Get-AzIntegrationAccount</S>
                <S>Get-AzIntegrationAccountMap</S>
                <S>Get-AzIntegrationAccountPartner</S>
                <S>Get-AzIntegrationAccountSchema</S>
                <S>Get-AzIntegrationAccountGeneratedIcn</S>
                <S>Get-AzIntegrationAccountReceivedIcn</S>
                <S>New-AzIntegrationAccountAgreement</S>
                <S>New-AzIntegrationAccountAssembly</S>
                <S>New-AzIntegrationAccountBatchConfiguration</S>
                <S>New-AzIntegrationAccountCertificate</S>
                <S>New-AzIntegrationAccount</S>
                <S>New-AzIntegrationAccountMap</S>
                <S>New-AzIntegrationAccountPartner</S>
                <S>New-AzIntegrationAccountSchema</S>
                <S>Remove-AzIntegrationAccountAgreement</S>
                <S>Remove-AzIntegrationAccountAssembly</S>
                <S>Remove-AzIntegrationAccountBatchConfiguration</S>
                <S>Remove-AzIntegrationAccountCertificate</S>
                <S>Remove-AzIntegrationAccount</S>
                <S>Remove-AzIntegrationAccountMap</S>
                <S>Remove-AzIntegrationAccountPartner</S>
                <S>Remove-AzIntegrationAccountSchema</S>
                <S>Remove-AzIntegrationAccountReceivedIcn</S>
                <S>Set-AzIntegrationAccountAgreement</S>
                <S>Set-AzIntegrationAccountAssembly</S>
                <S>Set-AzIntegrationAccountBatchConfiguration</S>
                <S>Set-AzIntegrationAccountCertificate</S>
                <S>Set-AzIntegrationAccount</S>
                <S>Set-AzIntegrationAccountMap</S>
                <S>Set-AzIntegrationAccountPartner</S>
                <S>Set-AzIntegrationAccountSchema</S>
                <S>Stop-AzLogicAppRun</S>
                <S>Set-AzIntegrationAccountGeneratedIcn</S>
                <S>Set-AzIntegrationAccountReceivedIcn</S>
                <S>Get-AzLogicApp</S>
                <S>Get-AzLogicAppRunAction</S>
                <S>Get-AzLogicAppRunHistory</S>
                <S>Get-AzLogicAppTriggerCallbackUrl</S>
                <S>Get-AzLogicAppTrigger</S>
                <S>Get-AzLogicAppTriggerHistory</S>
                <S>Get-AzLogicAppUpgradedDefinition</S>
                <S>New-AzLogicApp</S>
                <S>Remove-AzLogicApp</S>
                <S>Start-AzLogicApp</S>
                <S>Set-AzLogicApp</S>
                <S>Test-AzLogicApp</S>
              </LST>
            </Obj>
          </En>
          <En>
            <S N="Key">Function</S>
            <Ref N="Value" RefId="3" />
          </En>
          <En>
            <S N="Key">Workflow</S>
            <Ref N="Value" RefId="3" />
          </En>
          <En>
            <S N="Key">DscResource</S>
            <Ref N="Value" RefId="3" />
          </En>
        </DCT>
      </Obj>
      <Nil N="PowerShellGetFormatVersion" />
      <S N="ReleaseNotes">* Update references in .psd1 to use relative path</S>
      <Obj N="Dependencies" RefId="6">
        <TNRef RefId="1" />
        <LST>
          <Obj RefId="7">
            <TN RefId="3">
              <T>System.Collections.Specialized.OrderedDictionary</T>
              <T>System.Object</T>
            </TN>
            <DCT>
              <En>
                <S N="Key">Name</S>
                <S N="Value">Az.Accounts</S>
              </En>
              <En>
                <S N="Key">MinimumVersion</S>
                <S N="Value">1.6.5</S>
              </En>
              <En>
                <S N="Key">CanonicalId</S>
                <S N="Value">nuget:Az.Accounts/1.6.5</S>
              </En>
            </DCT>
          </Obj>
        </LST>
      </Obj>
      <S N="RepositorySourceLocation">https://www.powershellgallery.com/api/v2</S>
      <S N="Repository">PSGallery</S>
      <S N="PackageManagementProvider">NuGet</S>
      <Obj N="AdditionalMetadata" RefId="8">
        <TN RefId="4">
          <T>System.Management.Automation.PSCustomObject</T>
          <T>System.Object</T>
        </TN>
        <MS>
          <S N="copyright">Microsoft Corporation. All rights reserved.</S>
          <S N="description">Microsoft Azure PowerShell - Logic Apps cmdlets for Azure Resource Manager in Windows PowerShell and PowerShell Core._x000D__x000A__x000D__x000A_For more information on Logic Apps, please visit the following: https://docs.microsoft.com/azure/logic-apps/</S>
          <S N="requireLicenseAcceptance">True</S>
          <S N="releaseNotes">* Update references in .psd1 to use relative path</S>
          <S N="isLatestVersion">True</S>
          <S N="isAbsoluteLatestVersion">True</S>
          <S N="versionDownloadCount">3152307</S>
          <S N="downloadCount">6546235</S>
          <S N="packageSize">309062</S>
          <S N="published">12/17/2019 2:30:08 AM -05:00</S>
          <S N="created">12/17/2019 2:30:08 AM -05:00</S>
          <S N="lastUpdated">7/8/2020 12:20:03 PM -04:00</S>
          <S N="tags">Azure ResourceManager ARM LogicApp PSModule PSEdition_Core PSEdition_Desktop PSCmdlet_Get-AzIntegrationAccountAgreement PSCommand_Get-AzIntegrationAccountAgreement PSCmdlet_Get-AzIntegrationAccountAssembly PSCommand_Get-AzIntegrationAccountAssembly PSCmdlet_Get-AzIntegrationAccountBatchConfiguration PSCommand_Get-AzIntegrationAccountBatchConfiguration PSCmdlet_Get-AzIntegrationAccountCallbackUrl PSCommand_Get-AzIntegrationAccountCallbackUrl PSCmdlet_Get-AzIntegrationAccountCertificate PSCommand_Get-AzIntegrationAccountCertificate PSCmdlet_Get-AzIntegrationAccount PSCommand_Get-AzIntegrationAccount PSCmdlet_Get-AzIntegrationAccountMap PSCommand_Get-AzIntegrationAccountMap PSCmdlet_Get-AzIntegrationAccountPartner PSCommand_Get-AzIntegrationAccountPartner PSCmdlet_Get-AzIntegrationAccountSchema PSCommand_Get-AzIntegrationAccountSchema PSCmdlet_Get-AzIntegrationAccountGeneratedIcn PSCommand_Get-AzIntegrationAccountGeneratedIcn PSCmdlet_Get-AzIntegrationAccountReceivedIcn PSCommand_Get-AzIntegrationAccountReceivedIcn PSCmdlet_New-AzIntegrationAccountAgreement PSCommand_New-AzIntegrationAccountAgreement PSCmdlet_New-AzIntegrationAccountAssembly PSCommand_New-AzIntegrationAccountAssembly PSCmdlet_New-AzIntegrationAccountBatchConfiguration PSCommand_New-AzIntegrationAccountBatchConfiguration PSCmdlet_New-AzIntegrationAccountCertificate PSCommand_New-AzIntegrationAccountCertificate PSCmdlet_New-AzIntegrationAccount PSCommand_New-AzIntegrationAccount PSCmdlet_New-AzIntegrationAccountMap PSCommand_New-AzIntegrationAccountMap PSCmdlet_New-AzIntegrationAccountPartner PSCommand_New-AzIntegrationAccountPartner PSCmdlet_New-AzIntegrationAccountSchema PSCommand_New-AzIntegrationAccountSchema PSCmdlet_Remove-AzIntegrationAccountAgreement PSCommand_Remove-AzIntegrationAccountAgreement PSCmdlet_Remove-AzIntegrationAccountAssembly PSCommand_Remove-AzIntegrationAccountAssembly PSCmdlet_Remove-AzIntegrationAccountBatchConfiguration PSCommand_Remove-AzIntegrationAccountBatchConfiguration PSCmdlet_Remove-AzIntegrationAccountCertificate PSCommand_Remove-AzIntegrationAccountCertificate PSCmdlet_Remove-AzIntegrationAccount PSCommand_Remove-AzIntegrationAccount PSCmdlet_Remove-AzIntegrationAccountMap PSCommand_Remove-AzIntegrationAccountMap PSCmdlet_Remove-AzIntegrationAccountPartner PSCommand_Remove-AzIntegrationAccountPartner PSCmdlet_Remove-AzIntegrationAccountSchema PSCommand_Remove-AzIntegrationAccountSchema PSCmdlet_Remove-AzIntegrationAccountReceivedIcn PSCommand_Remove-AzIntegrationAccountReceivedIcn PSCmdlet_Set-AzIntegrationAccountAgreement PSCommand_Set-AzIntegrationAccountAgreement PSCmdlet_Set-AzIntegrationAccountAssembly PSCommand_Set-AzIntegrationAccountAssembly PSCmdlet_Set-AzIntegrationAccountBatchConfiguration PSCommand_Set-AzIntegrationAccountBatchConfiguration PSCmdlet_Set-AzIntegrationAccountCertificate PSCommand_Set-AzIntegrationAccountCertificate PSCmdlet_Set-AzIntegrationAccount PSCommand_Set-AzIntegrationAccount PSCmdlet_Set-AzIntegrationAccountMap PSCommand_Set-AzIntegrationAccountMap PSCmdlet_Set-AzIntegrationAccountPartner PSCommand_Set-AzIntegrationAccountPartner PSCmdlet_Set-AzIntegrationAccountSchema PSCommand_Set-AzIntegrationAccountSchema PSCmdlet_Stop-AzLogicAppRun PSCommand_Stop-AzLogicAppRun PSCmdlet_Set-AzIntegrationAccountGeneratedIcn PSCommand_Set-AzIntegrationAccountGeneratedIcn PSCmdlet_Set-AzIntegrationAccountReceivedIcn PSCommand_Set-AzIntegrationAccountReceivedIcn PSCmdlet_Get-AzLogicApp PSCommand_Get-AzLogicApp PSCmdlet_Get-AzLogicAppRunAction PSCommand_Get-AzLogicAppRunAction PSCmdlet_Get-AzLogicAppRunHistory PSCommand_Get-AzLogicAppRunHistory PSCmdlet_Get-AzLogicAppTriggerCallbackUrl PSCommand_Get-AzLogicAppTriggerCallbackUrl PSCmdlet_Get-AzLogicAppTrigger PSCommand_Get-AzLogicAppTrigger PSCmdlet_Get-AzLogicAppTriggerHistory PSCommand_Get-AzLogicAppTriggerHistory PSCmdlet_Get-AzLogicAppUpgradedDefinition PSCommand_Get-AzLogicAppUpgradedDefinition PSCmdlet_New-AzLogicApp PSCommand_New-AzLogicApp PSCmdlet_Remove-AzLogicApp PSCommand_Remove-AzLogicApp PSCmdlet_Start-AzLogicApp PSCommand_Start-AzLogicApp PSCmdlet_Set-AzLogicApp PSCommand_Set-AzLogicApp PSCmdlet_Test-AzLogicApp PSCommand_Test-AzLogicApp PSIncludes_Cmdlet</S>
          <S N="developmentDependency">False</S>
          <S N="updated">2020-07-08T12:20:03Z</S>
          <S N="NormalizedVersion">1.3.2</S>
          <S N="Authors">Microsoft Corporation</S>
          <S N="IsPrerelease">false</S>
          <S N="ItemType">Module</S>
          <S N="FileList">Az.LogicApp.nuspec|Az.LogicApp.psd1|Az.LogicApp.psm1|LogicApp.format.ps1xml|Microsoft.Azure.Management.Logic.dll|Microsoft.Azure.PowerShell.Cmdlets.LogicApp.deps.json|Microsoft.Azure.PowerShell.Cmdlets.LogicApp.dll|Microsoft.Azure.PowerShell.Cmdlets.LogicApp.dll-Help.xml</S>
          <S N="GUID">e1e65791-bedc-446d-9d9e-61c544dda1ae</S>
          <S N="PowerShellVersion">5.1</S>
          <S N="DotNetFrameworkVersion">4.7.2</S>
          <S N="CompanyName">Microsoft Corporation</S>
        </MS>
      </Obj>
      <S N="InstalledLocation">/Users/crenaud/git/assembly/abx/abx-powershell/Modules/Az.LogicApp/1.3.2</S>
    </MS>
  </Obj>
</Objs>
