<Objs Version="1.1.0.1" xmlns="http://schemas.microsoft.com/powershell/2004/04">
  <Obj RefId="0">
    <TN RefId="0">
      <T>Microsoft.PowerShell.Commands.PSRepositoryItemInfo</T>
      <T>System.Management.Automation.PSCustomObject</T>
      <T>System.Object</T>
    </TN>
    <MS>
      <S N="Name">Az.DataLakeAnalytics</S>
      <S N="Version">1.0.2</S>
      <S N="Type">Module</S>
      <S N="Description">Microsoft Azure PowerShell - Data Lake Analytics in Windows PowerShell and PowerShell Core._x000D__x000A__x000D__x000A_For more information on Data Lake Analytics, please visit the following: https://docs.microsoft.com/azure/data-lake-analytics/</S>
      <S N="Author">Microsoft Corporation</S>
      <S N="CompanyName">azure-sdk</S>
      <S N="Copyright">Microsoft Corporation. All rights reserved.</S>
      <DT N="PublishedDate">2019-12-17T02:29:04-05:00</DT>
      <Nil N="InstalledDate" />
      <Nil N="UpdatedDate" />
      <URI N="LicenseUri">https://aka.ms/azps-license</URI>
      <URI N="ProjectUri">https://github.com/Azure/azure-powershell</URI>
      <Nil N="IconUri" />
      <Obj N="Tags" RefId="1">
        <TN RefId="1">
          <T>System.Object[]</T>
          <T>System.Array</T>
          <T>System.Object</T>
        </TN>
        <LST>
          <S>Azure</S>
          <S>ResourceManager</S>
          <S>ARM</S>
          <S>DataLake</S>
          <S>Analytics</S>
          <S>PSModule</S>
          <S>PSEdition_Core</S>
          <S>PSEdition_Desktop</S>
        </LST>
      </Obj>
      <Obj N="Includes" RefId="2">
        <TN RefId="2">
          <T>System.Collections.Hashtable</T>
          <T>System.Object</T>
        </TN>
        <DCT>
          <En>
            <S N="Key">RoleCapability</S>
            <Obj N="Value" RefId="3">
              <TNRef RefId="1" />
              <LST />
            </Obj>
          </En>
          <En>
            <S N="Key">Command</S>
            <Obj N="Value" RefId="4">
              <TNRef RefId="1" />
              <LST>
                <S>Get-AzDataLakeAnalyticsDataSource</S>
                <S>New-AzDataLakeAnalyticsCatalogCredential</S>
                <S>Remove-AzDataLakeAnalyticsCatalogCredential</S>
                <S>Set-AzDataLakeAnalyticsCatalogCredential</S>
                <S>Test-AzDataLakeAnalyticsCatalogItem</S>
                <S>Get-AzDataLakeAnalyticsCatalogItem</S>
                <S>Get-AzDataLakeAnalyticsCatalogItemAclEntry</S>
                <S>Set-AzDataLakeAnalyticsCatalogItemAclEntry</S>
                <S>Remove-AzDataLakeAnalyticsCatalogItemAclEntry</S>
                <S>Set-AzDataLakeAnalyticsDataSource</S>
                <S>Wait-AzDataLakeAnalyticsJob</S>
                <S>Test-AzDataLakeAnalyticsAccount</S>
                <S>Remove-AzDataLakeAnalyticsDataSource</S>
                <S>Add-AzDataLakeAnalyticsDataSource</S>
                <S>Stop-AzDataLakeAnalyticsJob</S>
                <S>Get-AzDataLakeAnalyticsJob</S>
                <S>Get-AzDataLakeAnalyticsAccount</S>
                <S>Submit-AzDataLakeAnalyticsJob</S>
                <S>New-AzDataLakeAnalyticsAccount</S>
                <S>Remove-AzDataLakeAnalyticsAccount</S>
                <S>Set-AzDataLakeAnalyticsAccount</S>
                <S>Add-AzDataLakeAnalyticsFirewallRule</S>
                <S>Get-AzDataLakeAnalyticsFirewallRule</S>
                <S>Set-AzDataLakeAnalyticsFirewallRule</S>
                <S>Remove-AzDataLakeAnalyticsFirewallRule</S>
                <S>New-AzDataLakeAnalyticsComputePolicy</S>
                <S>Get-AzDataLakeAnalyticsComputePolicy</S>
                <S>Update-AzDataLakeAnalyticsComputePolicy</S>
                <S>Remove-AzDataLakeAnalyticsComputePolicy</S>
                <S>Get-AzDataLakeAnalyticsJobPipeline</S>
                <S>Get-AzDataLakeAnalyticsJobRecurrence</S>
              </LST>
            </Obj>
          </En>
          <En>
            <S N="Key">Cmdlet</S>
            <Obj N="Value" RefId="5">
              <TNRef RefId="1" />
              <LST>
                <S>Get-AzDataLakeAnalyticsDataSource</S>
                <S>New-AzDataLakeAnalyticsCatalogCredential</S>
                <S>Remove-AzDataLakeAnalyticsCatalogCredential</S>
                <S>Set-AzDataLakeAnalyticsCatalogCredential</S>
                <S>Test-AzDataLakeAnalyticsCatalogItem</S>
                <S>Get-AzDataLakeAnalyticsCatalogItem</S>
                <S>Get-AzDataLakeAnalyticsCatalogItemAclEntry</S>
                <S>Set-AzDataLakeAnalyticsCatalogItemAclEntry</S>
                <S>Remove-AzDataLakeAnalyticsCatalogItemAclEntry</S>
                <S>Set-AzDataLakeAnalyticsDataSource</S>
                <S>Wait-AzDataLakeAnalyticsJob</S>
                <S>Test-AzDataLakeAnalyticsAccount</S>
                <S>Remove-AzDataLakeAnalyticsDataSource</S>
                <S>Add-AzDataLakeAnalyticsDataSource</S>
                <S>Stop-AzDataLakeAnalyticsJob</S>
                <S>Get-AzDataLakeAnalyticsJob</S>
                <S>Get-AzDataLakeAnalyticsAccount</S>
                <S>Submit-AzDataLakeAnalyticsJob</S>
                <S>New-AzDataLakeAnalyticsAccount</S>
                <S>Remove-AzDataLakeAnalyticsAccount</S>
                <S>Set-AzDataLakeAnalyticsAccount</S>
                <S>Add-AzDataLakeAnalyticsFirewallRule</S>
                <S>Get-AzDataLakeAnalyticsFirewallRule</S>
                <S>Set-AzDataLakeAnalyticsFirewallRule</S>
                <S>Remove-AzDataLakeAnalyticsFirewallRule</S>
                <S>New-AzDataLakeAnalyticsComputePolicy</S>
                <S>Get-AzDataLakeAnalyticsComputePolicy</S>
                <S>Update-AzDataLakeAnalyticsComputePolicy</S>
                <S>Remove-AzDataLakeAnalyticsComputePolicy</S>
                <S>Get-AzDataLakeAnalyticsJobPipeline</S>
                <S>Get-AzDataLakeAnalyticsJobRecurrence</S>
              </LST>
            </Obj>
          </En>
          <En>
            <S N="Key">Function</S>
            <Ref N="Value" RefId="3" />
          </En>
          <En>
            <S N="Key">Workflow</S>
            <Ref N="Value" RefId="3" />
          </En>
          <En>
            <S N="Key">DscResource</S>
            <Ref N="Value" RefId="3" />
          </En>
        </DCT>
      </Obj>
      <Nil N="PowerShellGetFormatVersion" />
      <S N="ReleaseNotes">* Update references in .psd1 to use relative path</S>
      <Obj N="Dependencies" RefId="6">
        <TNRef RefId="1" />
        <LST>
          <Obj RefId="7">
            <TN RefId="3">
              <T>System.Collections.Specialized.OrderedDictionary</T>
              <T>System.Object</T>
            </TN>
            <DCT>
              <En>
                <S N="Key">Name</S>
                <S N="Value">Az.Accounts</S>
              </En>
              <En>
                <S N="Key">MinimumVersion</S>
                <S N="Value">1.6.5</S>
              </En>
              <En>
                <S N="Key">CanonicalId</S>
                <S N="Value">nuget:Az.Accounts/1.6.5</S>
              </En>
            </DCT>
          </Obj>
        </LST>
      </Obj>
      <S N="RepositorySourceLocation">https://www.powershellgallery.com/api/v2</S>
      <S N="Repository">PSGallery</S>
      <S N="PackageManagementProvider">NuGet</S>
      <Obj N="AdditionalMetadata" RefId="8">
        <TN RefId="4">
          <T>System.Management.Automation.PSCustomObject</T>
          <T>System.Object</T>
        </TN>
        <MS>
          <S N="copyright">Microsoft Corporation. All rights reserved.</S>
          <S N="description">Microsoft Azure PowerShell - Data Lake Analytics in Windows PowerShell and PowerShell Core._x000D__x000A__x000D__x000A_For more information on Data Lake Analytics, please visit the following: https://docs.microsoft.com/azure/data-lake-analytics/</S>
          <S N="requireLicenseAcceptance">True</S>
          <S N="releaseNotes">* Update references in .psd1 to use relative path</S>
          <S N="isLatestVersion">True</S>
          <S N="isAbsoluteLatestVersion">True</S>
          <S N="versionDownloadCount">3164604</S>
          <S N="downloadCount">6556402</S>
          <S N="packageSize">301688</S>
          <S N="published">12/17/2019 2:29:04 AM -05:00</S>
          <S N="created">12/17/2019 2:29:04 AM -05:00</S>
          <S N="lastUpdated">7/8/2020 12:20:03 PM -04:00</S>
          <S N="tags">Azure ResourceManager ARM DataLake Analytics PSModule PSEdition_Core PSEdition_Desktop PSCmdlet_Get-AzDataLakeAnalyticsDataSource PSCommand_Get-AzDataLakeAnalyticsDataSource PSCmdlet_New-AzDataLakeAnalyticsCatalogCredential PSCommand_New-AzDataLakeAnalyticsCatalogCredential PSCmdlet_Remove-AzDataLakeAnalyticsCatalogCredential PSCommand_Remove-AzDataLakeAnalyticsCatalogCredential PSCmdlet_Set-AzDataLakeAnalyticsCatalogCredential PSCommand_Set-AzDataLakeAnalyticsCatalogCredential PSCmdlet_Test-AzDataLakeAnalyticsCatalogItem PSCommand_Test-AzDataLakeAnalyticsCatalogItem PSCmdlet_Get-AzDataLakeAnalyticsCatalogItem PSCommand_Get-AzDataLakeAnalyticsCatalogItem PSCmdlet_Get-AzDataLakeAnalyticsCatalogItemAclEntry PSCommand_Get-AzDataLakeAnalyticsCatalogItemAclEntry PSCmdlet_Set-AzDataLakeAnalyticsCatalogItemAclEntry PSCommand_Set-AzDataLakeAnalyticsCatalogItemAclEntry PSCmdlet_Remove-AzDataLakeAnalyticsCatalogItemAclEntry PSCommand_Remove-AzDataLakeAnalyticsCatalogItemAclEntry PSCmdlet_Set-AzDataLakeAnalyticsDataSource PSCommand_Set-AzDataLakeAnalyticsDataSource PSCmdlet_Wait-AzDataLakeAnalyticsJob PSCommand_Wait-AzDataLakeAnalyticsJob PSCmdlet_Test-AzDataLakeAnalyticsAccount PSCommand_Test-AzDataLakeAnalyticsAccount PSCmdlet_Remove-AzDataLakeAnalyticsDataSource PSCommand_Remove-AzDataLakeAnalyticsDataSource PSCmdlet_Add-AzDataLakeAnalyticsDataSource PSCommand_Add-AzDataLakeAnalyticsDataSource PSCmdlet_Stop-AzDataLakeAnalyticsJob PSCommand_Stop-AzDataLakeAnalyticsJob PSCmdlet_Get-AzDataLakeAnalyticsJob PSCommand_Get-AzDataLakeAnalyticsJob PSCmdlet_Get-AzDataLakeAnalyticsAccount PSCommand_Get-AzDataLakeAnalyticsAccount PSCmdlet_Submit-AzDataLakeAnalyticsJob PSCommand_Submit-AzDataLakeAnalyticsJob PSCmdlet_New-AzDataLakeAnalyticsAccount PSCommand_New-AzDataLakeAnalyticsAccount PSCmdlet_Remove-AzDataLakeAnalyticsAccount PSCommand_Remove-AzDataLakeAnalyticsAccount PSCmdlet_Set-AzDataLakeAnalyticsAccount PSCommand_Set-AzDataLakeAnalyticsAccount PSCmdlet_Add-AzDataLakeAnalyticsFirewallRule PSCommand_Add-AzDataLakeAnalyticsFirewallRule PSCmdlet_Get-AzDataLakeAnalyticsFirewallRule PSCommand_Get-AzDataLakeAnalyticsFirewallRule PSCmdlet_Set-AzDataLakeAnalyticsFirewallRule PSCommand_Set-AzDataLakeAnalyticsFirewallRule PSCmdlet_Remove-AzDataLakeAnalyticsFirewallRule PSCommand_Remove-AzDataLakeAnalyticsFirewallRule PSCmdlet_New-AzDataLakeAnalyticsComputePolicy PSCommand_New-AzDataLakeAnalyticsComputePolicy PSCmdlet_Get-AzDataLakeAnalyticsComputePolicy PSCommand_Get-AzDataLakeAnalyticsComputePolicy PSCmdlet_Update-AzDataLakeAnalyticsComputePolicy PSCommand_Update-AzDataLakeAnalyticsComputePolicy PSCmdlet_Remove-AzDataLakeAnalyticsComputePolicy PSCommand_Remove-AzDataLakeAnalyticsComputePolicy PSCmdlet_Get-AzDataLakeAnalyticsJobPipeline PSCommand_Get-AzDataLakeAnalyticsJobPipeline PSCmdlet_Get-AzDataLakeAnalyticsJobRecurrence PSCommand_Get-AzDataLakeAnalyticsJobRecurrence PSIncludes_Cmdlet</S>
          <S N="developmentDependency">False</S>
          <S N="updated">2020-07-08T12:20:03Z</S>
          <S N="NormalizedVersion">1.0.2</S>
          <S N="Authors">Microsoft Corporation</S>
          <S N="IsPrerelease">false</S>
          <S N="ItemType">Module</S>
          <S N="FileList">Az.DataLakeAnalytics.nuspec|Az.DataLakeAnalytics.psd1|Az.DataLakeAnalytics.psm1|DataLakeAnalytics.format.ps1xml|Microsoft.Azure.Management.DataLake.Analytics.dll|Microsoft.Azure.PowerShell.Cmdlets.DataLakeAnalytics.deps.json|Microsoft.Azure.PowerShell.Cmdlets.DataLakeAnalytics.dll|Microsoft.Azure.PowerShell.Cmdlets.DataLakeAnalytics.dll-Help.xml</S>
          <S N="GUID">89eceb4f-9916-4ec5-8499-d5cca97a9cae</S>
          <S N="PowerShellVersion">5.1</S>
          <S N="DotNetFrameworkVersion">4.7.2</S>
          <S N="CompanyName">Microsoft Corporation</S>
        </MS>
      </Obj>
      <S N="InstalledLocation">/Users/crenaud/git/assembly/abx/abx-powershell/Modules/Az.DataLakeAnalytics/1.0.2</S>
    </MS>
  </Obj>
</Objs>
