<Objs Version="1.1.0.1" xmlns="http://schemas.microsoft.com/powershell/2004/04">
  <Obj RefId="0">
    <TN RefId="0">
      <T>Microsoft.PowerShell.Commands.PSRepositoryItemInfo</T>
      <T>System.Management.Automation.PSCustomObject</T>
      <T>System.Object</T>
    </TN>
    <MS>
      <S N="Name">Az.Websites</S>
      <S N="Version">1.10.0</S>
      <S N="Type">Module</S>
      <S N="Description">Microsoft Azure PowerShell - App Service (Web Apps) service cmdlets for Azure Resource Manager in Windows PowerShell and PowerShell Core._x000D__x000A__x000D__x000A_For more information on App Service, please visit the following: https://docs.microsoft.com/azure/app-service-web/</S>
      <S N="Author">Microsoft Corporation</S>
      <S N="CompanyName">azure-sdk</S>
      <S N="Copyright">Microsoft Corporation. All rights reserved.</S>
      <DT N="PublishedDate">2020-06-23T06:24:14-04:00</DT>
      <Nil N="InstalledDate" />
      <Nil N="UpdatedDate" />
      <URI N="LicenseUri">https://aka.ms/azps-license</URI>
      <URI N="ProjectUri">https://github.com/Azure/azure-powershell</URI>
      <Nil N="IconUri" />
      <Obj N="Tags" RefId="1">
        <TN RefId="1">
          <T>System.Object[]</T>
          <T>System.Array</T>
          <T>System.Object</T>
        </TN>
        <LST>
          <S>Azure</S>
          <S>ResourceManager</S>
          <S>ARM</S>
          <S>Websites</S>
          <S>Website</S>
          <S>AppService</S>
          <S>PSModule</S>
          <S>PSEdition_Core</S>
          <S>PSEdition_Desktop</S>
        </LST>
      </Obj>
      <Obj N="Includes" RefId="2">
        <TN RefId="2">
          <T>System.Collections.Hashtable</T>
          <T>System.Object</T>
        </TN>
        <DCT>
          <En>
            <S N="Key">RoleCapability</S>
            <Obj N="Value" RefId="3">
              <TNRef RefId="1" />
              <LST />
            </Obj>
          </En>
          <En>
            <S N="Key">Command</S>
            <Obj N="Value" RefId="4">
              <TNRef RefId="1" />
              <LST>
                <S>Get-AzAppServicePlan</S>
                <S>Set-AzAppServicePlan</S>
                <S>New-AzAppServicePlan</S>
                <S>Remove-AzAppServicePlan</S>
                <S>Get-AzWebAppSlot</S>
                <S>Get-AzWebAppSlotConfigName</S>
                <S>Get-AzWebAppSlotMetric</S>
                <S>Get-AzWebAppSlotPublishingProfile</S>
                <S>New-AzWebAppSlot</S>
                <S>Remove-AzWebAppSlot</S>
                <S>Reset-AzWebAppSlotPublishingProfile</S>
                <S>Restart-AzWebAppSlot</S>
                <S>Set-AzWebAppSlot</S>
                <S>Set-AzWebAppSlotConfigName</S>
                <S>Start-AzWebAppSlot</S>
                <S>Stop-AzWebAppSlot</S>
                <S>Switch-AzWebAppSlot</S>
                <S>New-AzWebAppDatabaseBackupSetting</S>
                <S>Restore-AzWebAppBackup</S>
                <S>Get-AzAppServicePlanMetric</S>
                <S>Get-AzWebAppCertificate</S>
                <S>Get-AzWebAppSSLBinding</S>
                <S>New-AzWebAppSSLBinding</S>
                <S>Remove-AzWebAppSSLBinding</S>
                <S>Edit-AzWebAppBackupConfiguration</S>
                <S>Get-AzWebAppBackup</S>
                <S>Get-AzWebAppBackupConfiguration</S>
                <S>Get-AzWebAppBackupList</S>
                <S>Get-AzWebAppMetric</S>
                <S>Get-AzWebAppPublishingProfile</S>
                <S>Get-AzWebApp</S>
                <S>New-AzWebAppBackup</S>
                <S>Remove-AzWebApp</S>
                <S>New-AzWebApp</S>
                <S>Remove-AzWebAppBackup</S>
                <S>Reset-AzWebAppPublishingProfile</S>
                <S>Restart-AzWebApp</S>
                <S>Set-AzWebApp</S>
                <S>Start-AzWebApp</S>
                <S>Stop-AzWebApp</S>
                <S>Get-AzWebAppSnapshot</S>
                <S>Restore-AzWebAppSnapshot</S>
                <S>Get-AzDeletedWebApp</S>
                <S>Restore-AzDeletedWebApp</S>
                <S>Get-AzWebAppContainerContinuousDeploymentUrl</S>
                <S>Enter-AzWebAppContainerPSSession</S>
                <S>New-AzWebAppContainerPSSession</S>
                <S>New-AzWebAppAzureStoragePath</S>
                <S>Publish-AzWebApp</S>
                <S>Get-AzWebAppAccessRestrictionConfig</S>
                <S>Add-AzWebAppAccessRestrictionRule</S>
                <S>Remove-AzWebAppAccessRestrictionRule</S>
                <S>Update-AzWebAppAccessRestrictionConfig</S>
                <S>Add-AzWebAppTrafficRouting</S>
                <S>Remove-AzWebAppTrafficRouting</S>
                <S>Get-AzWebAppTrafficRouting</S>
                <S>Update-AzWebAppTrafficRouting</S>
              </LST>
            </Obj>
          </En>
          <En>
            <S N="Key">Cmdlet</S>
            <Obj N="Value" RefId="5">
              <TNRef RefId="1" />
              <LST>
                <S>Get-AzAppServicePlan</S>
                <S>Set-AzAppServicePlan</S>
                <S>New-AzAppServicePlan</S>
                <S>Remove-AzAppServicePlan</S>
                <S>Get-AzWebAppSlot</S>
                <S>Get-AzWebAppSlotConfigName</S>
                <S>Get-AzWebAppSlotMetric</S>
                <S>Get-AzWebAppSlotPublishingProfile</S>
                <S>New-AzWebAppSlot</S>
                <S>Remove-AzWebAppSlot</S>
                <S>Reset-AzWebAppSlotPublishingProfile</S>
                <S>Restart-AzWebAppSlot</S>
                <S>Set-AzWebAppSlot</S>
                <S>Set-AzWebAppSlotConfigName</S>
                <S>Start-AzWebAppSlot</S>
                <S>Stop-AzWebAppSlot</S>
                <S>Switch-AzWebAppSlot</S>
                <S>New-AzWebAppDatabaseBackupSetting</S>
                <S>Restore-AzWebAppBackup</S>
                <S>Get-AzAppServicePlanMetric</S>
                <S>Get-AzWebAppCertificate</S>
                <S>Get-AzWebAppSSLBinding</S>
                <S>New-AzWebAppSSLBinding</S>
                <S>Remove-AzWebAppSSLBinding</S>
                <S>Edit-AzWebAppBackupConfiguration</S>
                <S>Get-AzWebAppBackup</S>
                <S>Get-AzWebAppBackupConfiguration</S>
                <S>Get-AzWebAppBackupList</S>
                <S>Get-AzWebAppMetric</S>
                <S>Get-AzWebAppPublishingProfile</S>
                <S>Get-AzWebApp</S>
                <S>New-AzWebAppBackup</S>
                <S>Remove-AzWebApp</S>
                <S>New-AzWebApp</S>
                <S>Remove-AzWebAppBackup</S>
                <S>Reset-AzWebAppPublishingProfile</S>
                <S>Restart-AzWebApp</S>
                <S>Set-AzWebApp</S>
                <S>Start-AzWebApp</S>
                <S>Stop-AzWebApp</S>
                <S>Get-AzWebAppSnapshot</S>
                <S>Restore-AzWebAppSnapshot</S>
                <S>Get-AzDeletedWebApp</S>
                <S>Restore-AzDeletedWebApp</S>
                <S>Get-AzWebAppContainerContinuousDeploymentUrl</S>
                <S>Enter-AzWebAppContainerPSSession</S>
                <S>New-AzWebAppContainerPSSession</S>
                <S>New-AzWebAppAzureStoragePath</S>
                <S>Publish-AzWebApp</S>
                <S>Get-AzWebAppAccessRestrictionConfig</S>
                <S>Add-AzWebAppAccessRestrictionRule</S>
                <S>Remove-AzWebAppAccessRestrictionRule</S>
                <S>Update-AzWebAppAccessRestrictionConfig</S>
                <S>Add-AzWebAppTrafficRouting</S>
                <S>Remove-AzWebAppTrafficRouting</S>
                <S>Get-AzWebAppTrafficRouting</S>
                <S>Update-AzWebAppTrafficRouting</S>
              </LST>
            </Obj>
          </En>
          <En>
            <S N="Key">Function</S>
            <Ref N="Value" RefId="3" />
          </En>
          <En>
            <S N="Key">Workflow</S>
            <Ref N="Value" RefId="3" />
          </En>
          <En>
            <S N="Key">DscResource</S>
            <Ref N="Value" RefId="3" />
          </En>
        </DCT>
      </Obj>
      <Nil N="PowerShellGetFormatVersion" />
      <S N="ReleaseNotes">* Added safeguard to delete created webapp if restore failed in 'Restore-AzDeletedWebApp'_x000D__x000A_* Added 'SourceWebApp.Location' for 'New-AzWebApp' and 'New-AzWebAppSlot'_x000D__x000A_* Fixed bug that prevented changing Container settings in 'Set-AzWebApp' and 'Set-AzWebAppSlot'_x000D__x000A_* Fixed bug to get SiteConfig when -Name is not given for Get-AzWebApp_x000D__x000A_* Added a support to create ASP for Linux Apps_x000D__x000A_* Added exceptions for clone across resource groups</S>
      <Obj N="Dependencies" RefId="6">
        <TNRef RefId="1" />
        <LST>
          <Obj RefId="7">
            <TN RefId="3">
              <T>System.Collections.Specialized.OrderedDictionary</T>
              <T>System.Object</T>
            </TN>
            <DCT>
              <En>
                <S N="Key">Name</S>
                <S N="Value">Az.Accounts</S>
              </En>
              <En>
                <S N="Key">MinimumVersion</S>
                <S N="Value">1.9.0</S>
              </En>
              <En>
                <S N="Key">CanonicalId</S>
                <S N="Value">nuget:Az.Accounts/1.9.0</S>
              </En>
            </DCT>
          </Obj>
        </LST>
      </Obj>
      <S N="RepositorySourceLocation">https://www.powershellgallery.com/api/v2</S>
      <S N="Repository">PSGallery</S>
      <S N="PackageManagementProvider">NuGet</S>
      <Obj N="AdditionalMetadata" RefId="8">
        <TN RefId="4">
          <T>System.Management.Automation.PSCustomObject</T>
          <T>System.Object</T>
        </TN>
        <MS>
          <S N="copyright">Microsoft Corporation. All rights reserved.</S>
          <S N="description">Microsoft Azure PowerShell - App Service (Web Apps) service cmdlets for Azure Resource Manager in Windows PowerShell and PowerShell Core._x000D__x000A__x000D__x000A_For more information on App Service, please visit the following: https://docs.microsoft.com/azure/app-service-web/</S>
          <S N="requireLicenseAcceptance">True</S>
          <S N="releaseNotes">* Added safeguard to delete created webapp if restore failed in 'Restore-AzDeletedWebApp'_x000D__x000A_* Added 'SourceWebApp.Location' for 'New-AzWebApp' and 'New-AzWebAppSlot'_x000D__x000A_* Fixed bug that prevented changing Container settings in 'Set-AzWebApp' and 'Set-AzWebAppSlot'_x000D__x000A_* Fixed bug to get SiteConfig when -Name is not given for Get-AzWebApp_x000D__x000A_* Added a support to create ASP for Linux Apps_x000D__x000A_* Added exceptions for clone across resource groups</S>
          <S N="isLatestVersion">True</S>
          <S N="isAbsoluteLatestVersion">True</S>
          <S N="versionDownloadCount">260459</S>
          <S N="downloadCount">6580794</S>
          <S N="packageSize">945537</S>
          <S N="published">6/23/2020 6:24:14 AM -04:00</S>
          <S N="created">6/23/2020 6:24:14 AM -04:00</S>
          <S N="lastUpdated">7/8/2020 12:15:03 PM -04:00</S>
          <S N="tags">Azure ResourceManager ARM Websites Website AppService PSModule PSEdition_Core PSEdition_Desktop PSCmdlet_Get-AzAppServicePlan PSCommand_Get-AzAppServicePlan PSCmdlet_Set-AzAppServicePlan PSCommand_Set-AzAppServicePlan PSCmdlet_New-AzAppServicePlan PSCommand_New-AzAppServicePlan PSCmdlet_Remove-AzAppServicePlan PSCommand_Remove-AzAppServicePlan PSCmdlet_Get-AzWebAppSlot PSCommand_Get-AzWebAppSlot PSCmdlet_Get-AzWebAppSlotConfigName PSCommand_Get-AzWebAppSlotConfigName PSCmdlet_Get-AzWebAppSlotMetric PSCommand_Get-AzWebAppSlotMetric PSCmdlet_Get-AzWebAppSlotPublishingProfile PSCommand_Get-AzWebAppSlotPublishingProfile PSCmdlet_New-AzWebAppSlot PSCommand_New-AzWebAppSlot PSCmdlet_Remove-AzWebAppSlot PSCommand_Remove-AzWebAppSlot PSCmdlet_Reset-AzWebAppSlotPublishingProfile PSCommand_Reset-AzWebAppSlotPublishingProfile PSCmdlet_Restart-AzWebAppSlot PSCommand_Restart-AzWebAppSlot PSCmdlet_Set-AzWebAppSlot PSCommand_Set-AzWebAppSlot PSCmdlet_Set-AzWebAppSlotConfigName PSCommand_Set-AzWebAppSlotConfigName PSCmdlet_Start-AzWebAppSlot PSCommand_Start-AzWebAppSlot PSCmdlet_Stop-AzWebAppSlot PSCommand_Stop-AzWebAppSlot PSCmdlet_Switch-AzWebAppSlot PSCommand_Switch-AzWebAppSlot PSCmdlet_New-AzWebAppDatabaseBackupSetting PSCommand_New-AzWebAppDatabaseBackupSetting PSCmdlet_Restore-AzWebAppBackup PSCommand_Restore-AzWebAppBackup PSCmdlet_Get-AzAppServicePlanMetric PSCommand_Get-AzAppServicePlanMetric PSCmdlet_Get-AzWebAppCertificate PSCommand_Get-AzWebAppCertificate PSCmdlet_Get-AzWebAppSSLBinding PSCommand_Get-AzWebAppSSLBinding PSCmdlet_New-AzWebAppSSLBinding PSCommand_New-AzWebAppSSLBinding PSCmdlet_Remove-AzWebAppSSLBinding PSCommand_Remove-AzWebAppSSLBinding PSCmdlet_Edit-AzWebAppBackupConfiguration PSCommand_Edit-AzWebAppBackupConfiguration PSCmdlet_Get-AzWebAppBackup PSCommand_Get-AzWebAppBackup PSCmdlet_Get-AzWebAppBackupConfiguration PSCommand_Get-AzWebAppBackupConfiguration PSCmdlet_Get-AzWebAppBackupList PSCommand_Get-AzWebAppBackupList PSCmdlet_Get-AzWebAppMetric PSCommand_Get-AzWebAppMetric PSCmdlet_Get-AzWebAppPublishingProfile PSCommand_Get-AzWebAppPublishingProfile PSCmdlet_Get-AzWebApp PSCommand_Get-AzWebApp PSCmdlet_New-AzWebAppBackup PSCommand_New-AzWebAppBackup PSCmdlet_Remove-AzWebApp PSCommand_Remove-AzWebApp PSCmdlet_New-AzWebApp PSCommand_New-AzWebApp PSCmdlet_Remove-AzWebAppBackup PSCommand_Remove-AzWebAppBackup PSCmdlet_Reset-AzWebAppPublishingProfile PSCommand_Reset-AzWebAppPublishingProfile PSCmdlet_Restart-AzWebApp PSCommand_Restart-AzWebApp PSCmdlet_Set-AzWebApp PSCommand_Set-AzWebApp PSCmdlet_Start-AzWebApp PSCommand_Start-AzWebApp PSCmdlet_Stop-AzWebApp PSCommand_Stop-AzWebApp PSCmdlet_Get-AzWebAppSnapshot PSCommand_Get-AzWebAppSnapshot PSCmdlet_Restore-AzWebAppSnapshot PSCommand_Restore-AzWebAppSnapshot PSCmdlet_Get-AzDeletedWebApp PSCommand_Get-AzDeletedWebApp PSCmdlet_Restore-AzDeletedWebApp PSCommand_Restore-AzDeletedWebApp PSCmdlet_Get-AzWebAppContainerContinuousDeploymentUrl PSCommand_Get-AzWebAppContainerContinuousDeploymentUrl PSCmdlet_Enter-AzWebAppContainerPSSession PSCommand_Enter-AzWebAppContainerPSSession PSCmdlet_New-AzWebAppContainerPSSession PSCommand_New-AzWebAppContainerPSSession PSCmdlet_New-AzWebAppAzureStoragePath PSCommand_New-AzWebAppAzureStoragePath PSCmdlet_Publish-AzWebApp PSCommand_Publish-AzWebApp PSCmdlet_Get-AzWebAppAccessRestrictionConfig PSCommand_Get-AzWebAppAccessRestrictionConfig PSCmdlet_Add-AzWebAppAccessRestrictionRule PSCommand_Add-AzWebAppAccessRestrictionRule PSCmdlet_Remove-AzWebAppAccessRestrictionRule PSCommand_Remove-AzWebAppAccessRestrictionRule PSCmdlet_Update-AzWebAppAccessRestrictionConfig PSCommand_Update-AzWebAppAccessRestrictionConfig PSCmdlet_Add-AzWebAppTrafficRouting PSCommand_Add-AzWebAppTrafficRouting PSCmdlet_Remove-AzWebAppTrafficRouting PSCommand_Remove-AzWebAppTrafficRouting PSCmdlet_Get-AzWebAppTrafficRouting PSCommand_Get-AzWebAppTrafficRouting PSCmdlet_Update-AzWebAppTrafficRouting PSCommand_Update-AzWebAppTrafficRouting PSIncludes_Cmdlet</S>
          <S N="developmentDependency">False</S>
          <S N="updated">2020-07-08T12:15:03Z</S>
          <S N="NormalizedVersion">1.10.0</S>
          <S N="Authors">Microsoft Corporation</S>
          <S N="IsPrerelease">false</S>
          <S N="ItemType">Module</S>
          <S N="FileList">Az.Websites.nuspec|Az.Websites.psd1|Az.Websites.psm1|Microsoft.Azure.Management.Websites.dll|Microsoft.Azure.PowerShell.Cmdlets.Websites.deps.json|Microsoft.Azure.PowerShell.Cmdlets.Websites.dll|Microsoft.Azure.PowerShell.Cmdlets.Websites.dll-Help.xml|Websites.format.ps1xml</S>
          <S N="GUID">80c60f49-dd83-4f4e-92ad-5f3449de36e3</S>
          <S N="PowerShellVersion">5.1</S>
          <S N="DotNetFrameworkVersion">4.7.2</S>
          <S N="CompanyName">Microsoft Corporation</S>
        </MS>
      </Obj>
      <S N="InstalledLocation">/Users/crenaud/git/assembly/abx/abx-powershell/Modules/Az.Websites/1.10.0</S>
    </MS>
  </Obj>
</Objs>
