<Objs Version="1.1.0.1" xmlns="http://schemas.microsoft.com/powershell/2004/04">
  <Obj RefId="0">
    <TN RefId="0">
      <T>Microsoft.PowerShell.Commands.PSRepositoryItemInfo</T>
      <T>System.Management.Automation.PSCustomObject</T>
      <T>System.Object</T>
    </TN>
    <MS>
      <S N="Name">Az.FrontDoor</S>
      <S N="Version">1.5.0</S>
      <S N="Type">Module</S>
      <S N="Description">Microsoft Azure PowerShell - Front Door service cmdlets for Azure Resource Manager in Windows PowerShell and PowerShell Core._x000D__x000A__x000D__x000A_For more information on Front Door, please visit the following: https://docs.microsoft.com/azure/frontdoor/</S>
      <S N="Author">Microsoft Corporation</S>
      <S N="CompanyName">azure-sdk</S>
      <S N="Copyright">Microsoft Corporation. All rights reserved.</S>
      <DT N="PublishedDate">2020-05-19T10:34:52-04:00</DT>
      <Nil N="InstalledDate" />
      <Nil N="UpdatedDate" />
      <URI N="LicenseUri">https://aka.ms/azps-license</URI>
      <URI N="ProjectUri">https://github.com/Azure/azure-powershell</URI>
      <Nil N="IconUri" />
      <Obj N="Tags" RefId="1">
        <TN RefId="1">
          <T>System.Object[]</T>
          <T>System.Array</T>
          <T>System.Object</T>
        </TN>
        <LST>
          <S>Azure</S>
          <S>ResourceManager</S>
          <S>ARM</S>
          <S>FrontDoor</S>
          <S>PSModule</S>
          <S>PSEdition_Core</S>
          <S>PSEdition_Desktop</S>
        </LST>
      </Obj>
      <Obj N="Includes" RefId="2">
        <TN RefId="2">
          <T>System.Collections.Hashtable</T>
          <T>System.Object</T>
        </TN>
        <DCT>
          <En>
            <S N="Key">RoleCapability</S>
            <Obj N="Value" RefId="3">
              <TNRef RefId="1" />
              <LST />
            </Obj>
          </En>
          <En>
            <S N="Key">Command</S>
            <Obj N="Value" RefId="4">
              <TNRef RefId="1" />
              <LST>
                <S>New-AzFrontDoor</S>
                <S>Get-AzFrontDoor</S>
                <S>Set-AzFrontDoor</S>
                <S>Remove-AzFrontDoor</S>
                <S>New-AzFrontDoorRoutingRuleObject</S>
                <S>New-AzFrontDoorBackendObject</S>
                <S>New-AzFrontDoorBackendPoolObject</S>
                <S>New-AzFrontDoorBackendPoolsSettingObject</S>
                <S>New-AzFrontDoorFrontendEndpointObject</S>
                <S>New-AzFrontDoorHealthProbeSettingObject</S>
                <S>New-AzFrontDoorLoadBalancingSettingObject</S>
                <S>New-AzFrontDoorWafMatchConditionObject</S>
                <S>New-AzFrontDoorWafCustomRuleObject</S>
                <S>New-AzFrontDoorWafManagedRuleObject</S>
                <S>New-AzFrontDoorWafPolicy</S>
                <S>Get-AzFrontDoorWafPolicy</S>
                <S>Update-AzFrontDoorWafPolicy</S>
                <S>Get-AzFrontDoorWafManagedRuleSetDefinition</S>
                <S>Remove-AzFrontDoorWafPolicy</S>
                <S>New-AzFrontDoorWafRuleGroupOverrideObject</S>
                <S>Remove-AzFrontDoorContent</S>
                <S>Enable-AzFrontDoorCustomDomainHttps</S>
                <S>Disable-AzFrontDoorCustomDomainHttps</S>
                <S>Get-AzFrontDoorFrontendEndpoint</S>
                <S>New-AzFrontDoorWafManagedRuleOverrideObject</S>
                <S>New-AzFrontDoorWafManagedRuleExclusionObject</S>
                <S>New-AzFrontDoorRulesEngine</S>
                <S>New-AzFrontDoorRulesEngineRuleObject</S>
                <S>New-AzFrontDoorRulesEngineActionObject</S>
                <S>New-AzFrontDoorHeaderActionObject</S>
                <S>New-AzFrontDoorRulesEngineMatchConditionObject</S>
                <S>Get-AzFrontDoorRulesEngine</S>
                <S>Set-AzFrontDoorRulesEngine</S>
                <S>Remove-AzFrontDoorRulesEngine</S>
              </LST>
            </Obj>
          </En>
          <En>
            <S N="Key">Cmdlet</S>
            <Obj N="Value" RefId="5">
              <TNRef RefId="1" />
              <LST>
                <S>New-AzFrontDoor</S>
                <S>Get-AzFrontDoor</S>
                <S>Set-AzFrontDoor</S>
                <S>Remove-AzFrontDoor</S>
                <S>New-AzFrontDoorRoutingRuleObject</S>
                <S>New-AzFrontDoorBackendObject</S>
                <S>New-AzFrontDoorBackendPoolObject</S>
                <S>New-AzFrontDoorBackendPoolsSettingObject</S>
                <S>New-AzFrontDoorFrontendEndpointObject</S>
                <S>New-AzFrontDoorHealthProbeSettingObject</S>
                <S>New-AzFrontDoorLoadBalancingSettingObject</S>
                <S>New-AzFrontDoorWafMatchConditionObject</S>
                <S>New-AzFrontDoorWafCustomRuleObject</S>
                <S>New-AzFrontDoorWafManagedRuleObject</S>
                <S>New-AzFrontDoorWafPolicy</S>
                <S>Get-AzFrontDoorWafPolicy</S>
                <S>Update-AzFrontDoorWafPolicy</S>
                <S>Get-AzFrontDoorWafManagedRuleSetDefinition</S>
                <S>Remove-AzFrontDoorWafPolicy</S>
                <S>New-AzFrontDoorWafRuleGroupOverrideObject</S>
                <S>Remove-AzFrontDoorContent</S>
                <S>Enable-AzFrontDoorCustomDomainHttps</S>
                <S>Disable-AzFrontDoorCustomDomainHttps</S>
                <S>Get-AzFrontDoorFrontendEndpoint</S>
                <S>New-AzFrontDoorWafManagedRuleOverrideObject</S>
                <S>New-AzFrontDoorWafManagedRuleExclusionObject</S>
                <S>New-AzFrontDoorRulesEngine</S>
                <S>New-AzFrontDoorRulesEngineRuleObject</S>
                <S>New-AzFrontDoorRulesEngineActionObject</S>
                <S>New-AzFrontDoorHeaderActionObject</S>
                <S>New-AzFrontDoorRulesEngineMatchConditionObject</S>
                <S>Get-AzFrontDoorRulesEngine</S>
                <S>Set-AzFrontDoorRulesEngine</S>
                <S>Remove-AzFrontDoorRulesEngine</S>
              </LST>
            </Obj>
          </En>
          <En>
            <S N="Key">Function</S>
            <Ref N="Value" RefId="3" />
          </En>
          <En>
            <S N="Key">Workflow</S>
            <Ref N="Value" RefId="3" />
          </En>
          <En>
            <S N="Key">DscResource</S>
            <Ref N="Value" RefId="3" />
          </En>
        </DCT>
      </Obj>
      <Nil N="PowerShellGetFormatVersion" />
      <S N="ReleaseNotes">* Added new cmdlets for creation, update, retreival, and deletion of Front Door Rules Engine object_x000D__x000A_* Added helper cmdlets for construction of Front Door Rules Engine object_x000D__x000A_* Added Rules Engine reference to Front Door Routing Rule object._x000D__x000A_* Added Private Link parameters to Front Door Backend object</S>
      <Obj N="Dependencies" RefId="6">
        <TNRef RefId="1" />
        <LST>
          <Obj RefId="7">
            <TN RefId="3">
              <T>System.Collections.Specialized.OrderedDictionary</T>
              <T>System.Object</T>
            </TN>
            <DCT>
              <En>
                <S N="Key">Name</S>
                <S N="Value">Az.Accounts</S>
              </En>
              <En>
                <S N="Key">MinimumVersion</S>
                <S N="Value">1.8.0</S>
              </En>
              <En>
                <S N="Key">CanonicalId</S>
                <S N="Value">nuget:Az.Accounts/1.8.0</S>
              </En>
            </DCT>
          </Obj>
        </LST>
      </Obj>
      <S N="RepositorySourceLocation">https://www.powershellgallery.com/api/v2</S>
      <S N="Repository">PSGallery</S>
      <S N="PackageManagementProvider">NuGet</S>
      <Obj N="AdditionalMetadata" RefId="8">
        <TN RefId="4">
          <T>System.Management.Automation.PSCustomObject</T>
          <T>System.Object</T>
        </TN>
        <MS>
          <S N="copyright">Microsoft Corporation. All rights reserved.</S>
          <S N="description">Microsoft Azure PowerShell - Front Door service cmdlets for Azure Resource Manager in Windows PowerShell and PowerShell Core._x000D__x000A__x000D__x000A_For more information on Front Door, please visit the following: https://docs.microsoft.com/azure/frontdoor/</S>
          <S N="requireLicenseAcceptance">True</S>
          <S N="releaseNotes">* Added new cmdlets for creation, update, retreival, and deletion of Front Door Rules Engine object_x000D__x000A_* Added helper cmdlets for construction of Front Door Rules Engine object_x000D__x000A_* Added Rules Engine reference to Front Door Routing Rule object._x000D__x000A_* Added Private Link parameters to Front Door Backend object</S>
          <S N="isLatestVersion">True</S>
          <S N="isAbsoluteLatestVersion">True</S>
          <S N="versionDownloadCount">771734</S>
          <S N="downloadCount">5679175</S>
          <S N="packageSize">240214</S>
          <S N="published">5/19/2020 10:34:52 AM -04:00</S>
          <S N="created">5/19/2020 10:34:52 AM -04:00</S>
          <S N="lastUpdated">7/8/2020 12:20:03 PM -04:00</S>
          <S N="tags">Azure ResourceManager ARM FrontDoor PSModule PSEdition_Core PSEdition_Desktop PSCmdlet_New-AzFrontDoor PSCommand_New-AzFrontDoor PSCmdlet_Get-AzFrontDoor PSCommand_Get-AzFrontDoor PSCmdlet_Set-AzFrontDoor PSCommand_Set-AzFrontDoor PSCmdlet_Remove-AzFrontDoor PSCommand_Remove-AzFrontDoor PSCmdlet_New-AzFrontDoorRoutingRuleObject PSCommand_New-AzFrontDoorRoutingRuleObject PSCmdlet_New-AzFrontDoorBackendObject PSCommand_New-AzFrontDoorBackendObject PSCmdlet_New-AzFrontDoorBackendPoolObject PSCommand_New-AzFrontDoorBackendPoolObject PSCmdlet_New-AzFrontDoorBackendPoolsSettingObject PSCommand_New-AzFrontDoorBackendPoolsSettingObject PSCmdlet_New-AzFrontDoorFrontendEndpointObject PSCommand_New-AzFrontDoorFrontendEndpointObject PSCmdlet_New-AzFrontDoorHealthProbeSettingObject PSCommand_New-AzFrontDoorHealthProbeSettingObject PSCmdlet_New-AzFrontDoorLoadBalancingSettingObject PSCommand_New-AzFrontDoorLoadBalancingSettingObject PSCmdlet_New-AzFrontDoorWafMatchConditionObject PSCommand_New-AzFrontDoorWafMatchConditionObject PSCmdlet_New-AzFrontDoorWafCustomRuleObject PSCommand_New-AzFrontDoorWafCustomRuleObject PSCmdlet_New-AzFrontDoorWafManagedRuleObject PSCommand_New-AzFrontDoorWafManagedRuleObject PSCmdlet_New-AzFrontDoorWafPolicy PSCommand_New-AzFrontDoorWafPolicy PSCmdlet_Get-AzFrontDoorWafPolicy PSCommand_Get-AzFrontDoorWafPolicy PSCmdlet_Update-AzFrontDoorWafPolicy PSCommand_Update-AzFrontDoorWafPolicy PSCmdlet_Get-AzFrontDoorWafManagedRuleSetDefinition PSCommand_Get-AzFrontDoorWafManagedRuleSetDefinition PSCmdlet_Remove-AzFrontDoorWafPolicy PSCommand_Remove-AzFrontDoorWafPolicy PSCmdlet_New-AzFrontDoorWafRuleGroupOverrideObject PSCommand_New-AzFrontDoorWafRuleGroupOverrideObject PSCmdlet_Remove-AzFrontDoorContent PSCommand_Remove-AzFrontDoorContent PSCmdlet_Enable-AzFrontDoorCustomDomainHttps PSCommand_Enable-AzFrontDoorCustomDomainHttps PSCmdlet_Disable-AzFrontDoorCustomDomainHttps PSCommand_Disable-AzFrontDoorCustomDomainHttps PSCmdlet_Get-AzFrontDoorFrontendEndpoint PSCommand_Get-AzFrontDoorFrontendEndpoint PSCmdlet_New-AzFrontDoorWafManagedRuleOverrideObject PSCommand_New-AzFrontDoorWafManagedRuleOverrideObject PSCmdlet_New-AzFrontDoorWafManagedRuleExclusionObject PSCommand_New-AzFrontDoorWafManagedRuleExclusionObject PSCmdlet_New-AzFrontDoorRulesEngine PSCommand_New-AzFrontDoorRulesEngine PSCmdlet_New-AzFrontDoorRulesEngineRuleObject PSCommand_New-AzFrontDoorRulesEngineRuleObject PSCmdlet_New-AzFrontDoorRulesEngineActionObject PSCommand_New-AzFrontDoorRulesEngineActionObject PSCmdlet_New-AzFrontDoorHeaderActionObject PSCommand_New-AzFrontDoorHeaderActionObject PSCmdlet_New-AzFrontDoorRulesEngineMatchConditionObject PSCommand_New-AzFrontDoorRulesEngineMatchConditionObject PSCmdlet_Get-AzFrontDoorRulesEngine PSCommand_Get-AzFrontDoorRulesEngine PSCmdlet_Set-AzFrontDoorRulesEngine PSCommand_Set-AzFrontDoorRulesEngine PSCmdlet_Remove-AzFrontDoorRulesEngine PSCommand_Remove-AzFrontDoorRulesEngine PSIncludes_Cmdlet</S>
          <S N="developmentDependency">False</S>
          <S N="updated">2020-07-08T12:20:03Z</S>
          <S N="NormalizedVersion">1.5.0</S>
          <S N="Authors">Microsoft Corporation</S>
          <S N="IsPrerelease">false</S>
          <S N="ItemType">Module</S>
          <S N="FileList">Az.FrontDoor.nuspec|Az.FrontDoor.psd1|Az.FrontDoor.psm1|Microsoft.Azure.Management.FrontDoor.dll|Microsoft.Azure.PowerShell.Cmdlets.FrontDoor.deps.json|Microsoft.Azure.PowerShell.Cmdlets.FrontDoor.dll|Microsoft.Azure.PowerShell.Cmdlets.FrontDoor.dll-Help.xml</S>
          <S N="GUID">91832aaa-dc11-4583-8239-adb7df531604</S>
          <S N="PowerShellVersion">5.1</S>
          <S N="DotNetFrameworkVersion">4.7.2</S>
          <S N="CompanyName">Microsoft Corporation</S>
        </MS>
      </Obj>
      <S N="InstalledLocation">/Users/crenaud/git/assembly/abx/abx-powershell/Modules/Az.FrontDoor/1.5.0</S>
    </MS>
  </Obj>
</Objs>
