<Objs Version="1.1.0.1" xmlns="http://schemas.microsoft.com/powershell/2004/04">
  <Obj RefId="0">
    <TN RefId="0">
      <T>Microsoft.PowerShell.Commands.PSRepositoryItemInfo</T>
      <T>System.Management.Automation.PSCustomObject</T>
      <T>System.Object</T>
    </TN>
    <MS>
      <S N="Name">Az.DataFactory</S>
      <S N="Version">1.8.2</S>
      <S N="Type">Module</S>
      <S N="Description">Microsoft Azure PowerShell - Data Factory service cmdlets for Azure Resource Manager in Windows PowerShell and PowerShell Core._x000D__x000A__x000D__x000A_For more information on Data Factory, please visit the following: https://docs.microsoft.com/azure/data-factory/</S>
      <S N="Author">Microsoft Corporation</S>
      <S N="CompanyName">azure-sdk</S>
      <S N="Copyright">Microsoft Corporation. All rights reserved.</S>
      <DT N="PublishedDate">2020-06-23T06:19:33-04:00</DT>
      <Nil N="InstalledDate" />
      <Nil N="UpdatedDate" />
      <URI N="LicenseUri">https://aka.ms/azps-license</URI>
      <URI N="ProjectUri">https://github.com/Azure/azure-powershell</URI>
      <Nil N="IconUri" />
      <Obj N="Tags" RefId="1">
        <TN RefId="1">
          <T>System.Object[]</T>
          <T>System.Array</T>
          <T>System.Object</T>
        </TN>
        <LST>
          <S>Azure</S>
          <S>ResourceManager</S>
          <S>ARM</S>
          <S>DataFactory</S>
          <S>PSModule</S>
          <S>PSEdition_Core</S>
          <S>PSEdition_Desktop</S>
        </LST>
      </Obj>
      <Obj N="Includes" RefId="2">
        <TN RefId="2">
          <T>System.Collections.Hashtable</T>
          <T>System.Object</T>
        </TN>
        <DCT>
          <En>
            <S N="Key">RoleCapability</S>
            <Obj N="Value" RefId="3">
              <TNRef RefId="1" />
              <LST />
            </Obj>
          </En>
          <En>
            <S N="Key">Command</S>
            <Obj N="Value" RefId="4">
              <TNRef RefId="1" />
              <LST>
                <S>Set-AzDataFactoryV2</S>
                <S>Update-AzDataFactoryV2</S>
                <S>Get-AzDataFactoryV2</S>
                <S>Remove-AzDataFactoryV2</S>
                <S>Set-AzDataFactoryV2LinkedService</S>
                <S>New-AzDataFactoryV2LinkedServiceEncryptedCredential</S>
                <S>Get-AzDataFactoryV2LinkedService</S>
                <S>Remove-AzDataFactoryV2LinkedService</S>
                <S>Set-AzDataFactoryV2DataFlow</S>
                <S>Get-AzDataFactoryV2DataFlow</S>
                <S>Remove-AzDataFactoryV2DataFlow</S>
                <S>Start-AzDataFactoryV2DataFlowDebugSession</S>
                <S>Add-AzDataFactoryV2DataFlowDebugSessionPackage</S>
                <S>Invoke-AzDataFactoryV2DataFlowDebugSessionCommand</S>
                <S>Stop-AzDataFactoryV2DataFlowDebugSession</S>
                <S>Get-AzDataFactoryV2DataFlowDebugSession</S>
                <S>Set-AzDataFactoryV2Dataset</S>
                <S>Get-AzDataFactoryV2Dataset</S>
                <S>Remove-AzDataFactoryV2Dataset</S>
                <S>Set-AzDataFactoryV2Trigger</S>
                <S>Get-AzDataFactoryV2Trigger</S>
                <S>Remove-AzDataFactoryV2Trigger</S>
                <S>Start-AzDataFactoryV2Trigger</S>
                <S>Stop-AzDataFactoryV2Trigger</S>
                <S>Set-AzDataFactoryV2Pipeline</S>
                <S>Get-AzDataFactoryV2Pipeline</S>
                <S>Remove-AzDataFactoryV2Pipeline</S>
                <S>Invoke-AzDataFactoryV2Pipeline</S>
                <S>Get-AzDataFactoryV2PipelineRun</S>
                <S>Stop-AzDataFactoryV2PipelineRun</S>
                <S>Get-AzDataFactoryV2ActivityRun</S>
                <S>Get-AzDataFactoryV2IntegrationRuntimeKey</S>
                <S>Get-AzDataFactoryV2IntegrationRuntime</S>
                <S>New-AzDataFactoryV2IntegrationRuntimeKey</S>
                <S>Remove-AzDataFactoryV2IntegrationRuntime</S>
                <S>Set-AzDataFactoryV2IntegrationRuntime</S>
                <S>Start-AzDataFactoryV2IntegrationRuntime</S>
                <S>Stop-AzDataFactoryV2IntegrationRuntime</S>
                <S>Get-AzDataFactoryV2IntegrationRuntimeMetric</S>
                <S>Remove-AzDataFactoryV2IntegrationRuntimeNode</S>
                <S>Update-AzDataFactoryV2IntegrationRuntimeNode</S>
                <S>Get-AzDataFactoryV2IntegrationRuntimeNode</S>
                <S>Invoke-AzDataFactoryV2IntegrationRuntimeUpgrade</S>
                <S>Sync-AzDataFactoryV2IntegrationRuntimeCredential</S>
                <S>Update-AzDataFactoryV2IntegrationRuntime</S>
                <S>Get-AzDataFactoryV2TriggerRun</S>
                <S>Remove-AzDataFactory</S>
                <S>Get-AzDataFactoryRun</S>
                <S>Get-AzDataFactorySlice</S>
                <S>Save-AzDataFactoryLog</S>
                <S>Set-AzDataFactorySliceStatus</S>
                <S>New-AzDataFactoryEncryptValue</S>
                <S>Get-AzDataFactoryGateway</S>
                <S>New-AzDataFactoryGateway</S>
                <S>Get-AzDataFactoryGatewayAuthkey</S>
                <S>New-AzDataFactoryGatewayAuthkey</S>
                <S>Remove-AzDataFactoryGateway</S>
                <S>Set-AzDataFactoryGateway</S>
                <S>Get-AzDataFactoryHub</S>
                <S>New-AzDataFactoryHub</S>
                <S>Remove-AzDataFactoryHub</S>
                <S>Get-AzDataFactoryLinkedService</S>
                <S>Get-AzDataFactoryActivityWindow</S>
                <S>New-AzDataFactoryLinkedService</S>
                <S>Remove-AzDataFactoryLinkedService</S>
                <S>Get-AzDataFactory</S>
                <S>New-AzDataFactory</S>
                <S>Get-AzDataFactoryPipeline</S>
                <S>New-AzDataFactoryPipeline</S>
                <S>Remove-AzDataFactoryPipeline</S>
                <S>Resume-AzDataFactoryPipeline</S>
                <S>Set-AzDataFactoryPipelineActivePeriod</S>
                <S>Suspend-AzDataFactoryPipeline</S>
                <S>Get-AzDataFactoryDataset</S>
                <S>New-AzDataFactoryDataset</S>
                <S>Remove-AzDataFactoryDataset</S>
                <S>Add-AzDataFactoryV2TriggerSubscription</S>
                <S>Remove-AzDataFactoryV2TriggerSubscription</S>
                <S>Get-AzDataFactoryV2TriggerSubscriptionStatus</S>
              </LST>
            </Obj>
          </En>
          <En>
            <S N="Key">Cmdlet</S>
            <Obj N="Value" RefId="5">
              <TNRef RefId="1" />
              <LST>
                <S>Set-AzDataFactoryV2</S>
                <S>Update-AzDataFactoryV2</S>
                <S>Get-AzDataFactoryV2</S>
                <S>Remove-AzDataFactoryV2</S>
                <S>Set-AzDataFactoryV2LinkedService</S>
                <S>New-AzDataFactoryV2LinkedServiceEncryptedCredential</S>
                <S>Get-AzDataFactoryV2LinkedService</S>
                <S>Remove-AzDataFactoryV2LinkedService</S>
                <S>Set-AzDataFactoryV2DataFlow</S>
                <S>Get-AzDataFactoryV2DataFlow</S>
                <S>Remove-AzDataFactoryV2DataFlow</S>
                <S>Start-AzDataFactoryV2DataFlowDebugSession</S>
                <S>Add-AzDataFactoryV2DataFlowDebugSessionPackage</S>
                <S>Invoke-AzDataFactoryV2DataFlowDebugSessionCommand</S>
                <S>Stop-AzDataFactoryV2DataFlowDebugSession</S>
                <S>Get-AzDataFactoryV2DataFlowDebugSession</S>
                <S>Set-AzDataFactoryV2Dataset</S>
                <S>Get-AzDataFactoryV2Dataset</S>
                <S>Remove-AzDataFactoryV2Dataset</S>
                <S>Set-AzDataFactoryV2Trigger</S>
                <S>Get-AzDataFactoryV2Trigger</S>
                <S>Remove-AzDataFactoryV2Trigger</S>
                <S>Start-AzDataFactoryV2Trigger</S>
                <S>Stop-AzDataFactoryV2Trigger</S>
                <S>Set-AzDataFactoryV2Pipeline</S>
                <S>Get-AzDataFactoryV2Pipeline</S>
                <S>Remove-AzDataFactoryV2Pipeline</S>
                <S>Invoke-AzDataFactoryV2Pipeline</S>
                <S>Get-AzDataFactoryV2PipelineRun</S>
                <S>Stop-AzDataFactoryV2PipelineRun</S>
                <S>Get-AzDataFactoryV2ActivityRun</S>
                <S>Get-AzDataFactoryV2IntegrationRuntimeKey</S>
                <S>Get-AzDataFactoryV2IntegrationRuntime</S>
                <S>New-AzDataFactoryV2IntegrationRuntimeKey</S>
                <S>Remove-AzDataFactoryV2IntegrationRuntime</S>
                <S>Set-AzDataFactoryV2IntegrationRuntime</S>
                <S>Start-AzDataFactoryV2IntegrationRuntime</S>
                <S>Stop-AzDataFactoryV2IntegrationRuntime</S>
                <S>Get-AzDataFactoryV2IntegrationRuntimeMetric</S>
                <S>Remove-AzDataFactoryV2IntegrationRuntimeNode</S>
                <S>Update-AzDataFactoryV2IntegrationRuntimeNode</S>
                <S>Get-AzDataFactoryV2IntegrationRuntimeNode</S>
                <S>Invoke-AzDataFactoryV2IntegrationRuntimeUpgrade</S>
                <S>Sync-AzDataFactoryV2IntegrationRuntimeCredential</S>
                <S>Update-AzDataFactoryV2IntegrationRuntime</S>
                <S>Get-AzDataFactoryV2TriggerRun</S>
                <S>Remove-AzDataFactory</S>
                <S>Get-AzDataFactoryRun</S>
                <S>Get-AzDataFactorySlice</S>
                <S>Save-AzDataFactoryLog</S>
                <S>Set-AzDataFactorySliceStatus</S>
                <S>New-AzDataFactoryEncryptValue</S>
                <S>Get-AzDataFactoryGateway</S>
                <S>New-AzDataFactoryGateway</S>
                <S>Get-AzDataFactoryGatewayAuthkey</S>
                <S>New-AzDataFactoryGatewayAuthkey</S>
                <S>Remove-AzDataFactoryGateway</S>
                <S>Set-AzDataFactoryGateway</S>
                <S>Get-AzDataFactoryHub</S>
                <S>New-AzDataFactoryHub</S>
                <S>Remove-AzDataFactoryHub</S>
                <S>Get-AzDataFactoryLinkedService</S>
                <S>Get-AzDataFactoryActivityWindow</S>
                <S>New-AzDataFactoryLinkedService</S>
                <S>Remove-AzDataFactoryLinkedService</S>
                <S>Get-AzDataFactory</S>
                <S>New-AzDataFactory</S>
                <S>Get-AzDataFactoryPipeline</S>
                <S>New-AzDataFactoryPipeline</S>
                <S>Remove-AzDataFactoryPipeline</S>
                <S>Resume-AzDataFactoryPipeline</S>
                <S>Set-AzDataFactoryPipelineActivePeriod</S>
                <S>Suspend-AzDataFactoryPipeline</S>
                <S>Get-AzDataFactoryDataset</S>
                <S>New-AzDataFactoryDataset</S>
                <S>Remove-AzDataFactoryDataset</S>
                <S>Add-AzDataFactoryV2TriggerSubscription</S>
                <S>Remove-AzDataFactoryV2TriggerSubscription</S>
                <S>Get-AzDataFactoryV2TriggerSubscriptionStatus</S>
              </LST>
            </Obj>
          </En>
          <En>
            <S N="Key">Function</S>
            <Ref N="Value" RefId="3" />
          </En>
          <En>
            <S N="Key">Workflow</S>
            <Ref N="Value" RefId="3" />
          </En>
          <En>
            <S N="Key">DscResource</S>
            <Ref N="Value" RefId="3" />
          </En>
        </DCT>
      </Obj>
      <Nil N="PowerShellGetFormatVersion" />
      <S N="ReleaseNotes">* Updated ADF .Net SDK version to 4.9.0</S>
      <Obj N="Dependencies" RefId="6">
        <TNRef RefId="1" />
        <LST>
          <Obj RefId="7">
            <TN RefId="3">
              <T>System.Collections.Specialized.OrderedDictionary</T>
              <T>System.Object</T>
            </TN>
            <DCT>
              <En>
                <S N="Key">Name</S>
                <S N="Value">Az.Accounts</S>
              </En>
              <En>
                <S N="Key">MinimumVersion</S>
                <S N="Value">1.9.0</S>
              </En>
              <En>
                <S N="Key">CanonicalId</S>
                <S N="Value">nuget:Az.Accounts/1.9.0</S>
              </En>
            </DCT>
          </Obj>
        </LST>
      </Obj>
      <S N="RepositorySourceLocation">https://www.powershellgallery.com/api/v2</S>
      <S N="Repository">PSGallery</S>
      <S N="PackageManagementProvider">NuGet</S>
      <Obj N="AdditionalMetadata" RefId="8">
        <TN RefId="4">
          <T>System.Management.Automation.PSCustomObject</T>
          <T>System.Object</T>
        </TN>
        <MS>
          <S N="copyright">Microsoft Corporation. All rights reserved.</S>
          <S N="description">Microsoft Azure PowerShell - Data Factory service cmdlets for Azure Resource Manager in Windows PowerShell and PowerShell Core._x000D__x000A__x000D__x000A_For more information on Data Factory, please visit the following: https://docs.microsoft.com/azure/data-factory/</S>
          <S N="requireLicenseAcceptance">True</S>
          <S N="releaseNotes">* Updated ADF .Net SDK version to 4.9.0</S>
          <S N="isLatestVersion">True</S>
          <S N="isAbsoluteLatestVersion">True</S>
          <S N="versionDownloadCount">273796</S>
          <S N="downloadCount">6590802</S>
          <S N="packageSize">1075595</S>
          <S N="published">6/23/2020 6:19:33 AM -04:00</S>
          <S N="created">6/23/2020 6:19:33 AM -04:00</S>
          <S N="lastUpdated">7/8/2020 12:20:03 PM -04:00</S>
          <S N="tags">Azure ResourceManager ARM DataFactory PSModule PSEdition_Core PSEdition_Desktop PSCmdlet_Set-AzDataFactoryV2 PSCommand_Set-AzDataFactoryV2 PSCmdlet_Update-AzDataFactoryV2 PSCommand_Update-AzDataFactoryV2 PSCmdlet_Get-AzDataFactoryV2 PSCommand_Get-AzDataFactoryV2 PSCmdlet_Remove-AzDataFactoryV2 PSCommand_Remove-AzDataFactoryV2 PSCmdlet_Set-AzDataFactoryV2LinkedService PSCommand_Set-AzDataFactoryV2LinkedService PSCmdlet_New-AzDataFactoryV2LinkedServiceEncryptedCredential PSCommand_New-AzDataFactoryV2LinkedServiceEncryptedCredential PSCmdlet_Get-AzDataFactoryV2LinkedService PSCommand_Get-AzDataFactoryV2LinkedService PSCmdlet_Remove-AzDataFactoryV2LinkedService PSCommand_Remove-AzDataFactoryV2LinkedService PSCmdlet_Set-AzDataFactoryV2DataFlow PSCommand_Set-AzDataFactoryV2DataFlow PSCmdlet_Get-AzDataFactoryV2DataFlow PSCommand_Get-AzDataFactoryV2DataFlow PSCmdlet_Remove-AzDataFactoryV2DataFlow PSCommand_Remove-AzDataFactoryV2DataFlow PSCmdlet_Start-AzDataFactoryV2DataFlowDebugSession PSCommand_Start-AzDataFactoryV2DataFlowDebugSession PSCmdlet_Add-AzDataFactoryV2DataFlowDebugSessionPackage PSCommand_Add-AzDataFactoryV2DataFlowDebugSessionPackage PSCmdlet_Invoke-AzDataFactoryV2DataFlowDebugSessionCommand PSCommand_Invoke-AzDataFactoryV2DataFlowDebugSessionCommand PSCmdlet_Stop-AzDataFactoryV2DataFlowDebugSession PSCommand_Stop-AzDataFactoryV2DataFlowDebugSession PSCmdlet_Get-AzDataFactoryV2DataFlowDebugSession PSCommand_Get-AzDataFactoryV2DataFlowDebugSession PSCmdlet_Set-AzDataFactoryV2Dataset PSCommand_Set-AzDataFactoryV2Dataset PSCmdlet_Get-AzDataFactoryV2Dataset PSCommand_Get-AzDataFactoryV2Dataset PSCmdlet_Remove-AzDataFactoryV2Dataset PSCommand_Remove-AzDataFactoryV2Dataset PSCmdlet_Set-AzDataFactoryV2Trigger PSCommand_Set-AzDataFactoryV2Trigger PSCmdlet_Get-AzDataFactoryV2Trigger PSCommand_Get-AzDataFactoryV2Trigger PSCmdlet_Remove-AzDataFactoryV2Trigger PSCommand_Remove-AzDataFactoryV2Trigger PSCmdlet_Start-AzDataFactoryV2Trigger PSCommand_Start-AzDataFactoryV2Trigger PSCmdlet_Stop-AzDataFactoryV2Trigger PSCommand_Stop-AzDataFactoryV2Trigger PSCmdlet_Set-AzDataFactoryV2Pipeline PSCommand_Set-AzDataFactoryV2Pipeline PSCmdlet_Get-AzDataFactoryV2Pipeline PSCommand_Get-AzDataFactoryV2Pipeline PSCmdlet_Remove-AzDataFactoryV2Pipeline PSCommand_Remove-AzDataFactoryV2Pipeline PSCmdlet_Invoke-AzDataFactoryV2Pipeline PSCommand_Invoke-AzDataFactoryV2Pipeline PSCmdlet_Get-AzDataFactoryV2PipelineRun PSCommand_Get-AzDataFactoryV2PipelineRun PSCmdlet_Stop-AzDataFactoryV2PipelineRun PSCommand_Stop-AzDataFactoryV2PipelineRun PSCmdlet_Get-AzDataFactoryV2ActivityRun PSCommand_Get-AzDataFactoryV2ActivityRun PSCmdlet_Get-AzDataFactoryV2IntegrationRuntimeKey PSCommand_Get-AzDataFactoryV2IntegrationRuntimeKey PSCmdlet_Get-AzDataFactoryV2IntegrationRuntime PSCommand_Get-AzDataFactoryV2IntegrationRuntime PSCmdlet_New-AzDataFactoryV2IntegrationRuntimeKey PSCommand_New-AzDataFactoryV2IntegrationRuntimeKey PSCmdlet_Remove-AzDataFactoryV2IntegrationRuntime PSCommand_Remove-AzDataFactoryV2IntegrationRuntime PSCmdlet_Set-AzDataFactoryV2IntegrationRuntime PSCommand_Set-AzDataFactoryV2IntegrationRuntime PSCmdlet_Start-AzDataFactoryV2IntegrationRuntime PSCommand_Start-AzDataFactoryV2IntegrationRuntime PSCmdlet_Stop-AzDataFactoryV2IntegrationRuntime PSCommand_Stop-AzDataFactoryV2IntegrationRuntime PSCmdlet_Get-AzDataFactoryV2IntegrationRuntimeMetric PSCommand_Get-AzDataFactoryV2IntegrationRuntimeMetric PSCmdlet_Remove-AzDataFactoryV2IntegrationRuntimeNode PSCommand_Remove-AzDataFactoryV2IntegrationRuntimeNode PSCmdlet_Update-AzDataFactoryV2IntegrationRuntimeNode PSCommand_Update-AzDataFactoryV2IntegrationRuntimeNode PSCmdlet_Get-AzDataFactoryV2IntegrationRuntimeNode PSCommand_Get-AzDataFactoryV2IntegrationRuntimeNode PSCmdlet_Invoke-AzDataFactoryV2IntegrationRuntimeUpgrade PSCommand_Invoke-AzDataFactoryV2IntegrationRuntimeUpgrade PSCmdlet_Sync-AzDataFactoryV2IntegrationRuntimeCredential PSCommand_Sync-AzDataFactoryV2IntegrationRuntimeCredential PSCmdlet_Update-AzDataFactoryV2IntegrationRuntime PSCommand_Update-AzDataFactoryV2IntegrationRuntime PSCmdlet_Get-AzDataFactoryV2TriggerRun PSCommand_Get-AzDataFactoryV2TriggerRun PSCmdlet_Remove-AzDataFactory PSCommand_Remove-AzDataFactory PSCmdlet_Get-AzDataFactoryRun PSCommand_Get-AzDataFactoryRun PSCmdlet_Get-AzDataFactorySlice PSCommand_Get-AzDataFactorySlice PSCmdlet_Save-AzDataFactoryLog PSCommand_Save-AzDataFactoryLog PSCmdlet_Set-AzDataFactorySliceStatus PSCommand_Set-AzDataFactorySliceStatus PSCmdlet_New-AzDataFactoryEncryptValue PSCommand_New-AzDataFactoryEncryptValue PSCmdlet_Get-AzDataFactoryGateway PSCommand_Get-AzDataFactoryGateway PSCmdlet_New-AzDataFactoryGateway PSCommand_New-AzDataFactoryGateway PSCmdlet_Get-AzDataFactoryGatewayAuthkey PSCommand_Get-AzDataFactoryGatewayAuthkey PSCmdlet_New-AzDataFactoryGatewayAuthkey PSCommand_New-AzDataFactoryGatewayAuthkey PSCmdlet_Remove-AzDataFactoryGateway PSCommand_Remove-AzDataFactoryGateway PSCmdlet_Set-AzDataFactoryGateway PSCommand_Set-AzDataFactoryGateway PSCmdlet_Get-AzDataFactoryHub PSCommand_Get-AzDataFactoryHub PSCmdlet_New-AzDataFactoryHub PSCommand_New-AzDataFactoryHub PSCmdlet_Remove-AzDataFactoryHub PSCommand_Remove-AzDataFactoryHub PSCmdlet_Get-AzDataFactoryLinkedService PSCommand_Get-AzDataFactoryLinkedService PSCmdlet_Get-AzDataFactoryActivityWindow PSCommand_Get-AzDataFactoryActivityWindow PSCmdlet_New-AzDataFactoryLinkedService PSCommand_New-AzDataFactoryLinkedService PSCmdlet_Remove-AzDataFactoryLinkedService PSCommand_Remove-AzDataFactoryLinkedService PSCmdlet_Get-AzDataFactory PSCommand_Get-AzDataFactory PSCmdlet_New-AzDataFactory PSCommand_New-AzDataFactory PSCmdlet_Get-AzDataFactoryPipeline PSCommand_Get-AzDataFactoryPipeline PSCmdlet_New-AzDataFactoryPipeline PSCommand_New-AzDataFactoryPipeline PSCmdlet_Remove-AzDataFactoryPipeline PSCommand_Remove-AzDataFactoryPipeline PSCmdlet_Resume-AzDataFactoryPipeline PSCommand_Resume-AzDataFactoryPipeline PSCmdlet_Set-AzDataFactoryPipelineActivePeriod PSCommand_Set-AzDataFactoryPipelineActivePeriod PSCmdlet_Suspend-AzDataFactoryPipeline PSCommand_Suspend-AzDataFactoryPipeline PSCmdlet_Get-AzDataFactoryDataset PSCommand_Get-AzDataFactoryDataset PSCmdlet_New-AzDataFactoryDataset PSCommand_New-AzDataFactoryDataset PSCmdlet_Remove-AzDataFactoryDataset PSCommand_Remove-AzDataFactoryDataset PSCmdlet_Add-AzDataFactoryV2TriggerSubscription PSCommand_Add-AzDataFactoryV2TriggerSubscription PSCmdlet_Remove-AzDataFactoryV2TriggerSubscription PSCommand_Remove-AzDataFactoryV2TriggerSubscription PSCmdlet_Get-AzDataFactoryV2TriggerSubscriptionStatus PSCommand_Get-AzDataFactoryV2TriggerSubscriptionStatus PSIncludes_Cmdlet</S>
          <S N="developmentDependency">False</S>
          <S N="updated">2020-07-08T12:20:03Z</S>
          <S N="NormalizedVersion">1.8.2</S>
          <S N="Authors">Microsoft Corporation</S>
          <S N="IsPrerelease">false</S>
          <S N="ItemType">Module</S>
          <S N="FileList">Az.DataFactory.nuspec|Az.DataFactory.psd1|Az.DataFactory.psm1|DataFactories.format.ps1xml|DataFactoryV2.format.ps1xml|Microsoft.Azure.Management.DataFactories.dll|Microsoft.Azure.Management.DataFactory.dll|Microsoft.Azure.PowerShell.Cmdlets.DataFactories.deps.json|Microsoft.Azure.PowerShell.Cmdlets.DataFactories.dll|Microsoft.Azure.PowerShell.Cmdlets.DataFactories.dll-Help.xml|Microsoft.Azure.PowerShell.Cmdlets.DataFactoryV2.deps.json|Microsoft.Azure.PowerShell.Cmdlets.DataFactoryV2.dll|Microsoft.Azure.PowerShell.Cmdlets.DataFactoryV2.dll-Help.xml|Microsoft.DataTransfer.Gateway.Encryption.dll|Microsoft.WindowsAzure.Storage.dll|System.IO.FileSystem.AccessControl.dll</S>
          <S N="GUID">e3c0f6bc-fe96-41a0-88f4-5e490a91f05d</S>
          <S N="PowerShellVersion">5.1</S>
          <S N="DotNetFrameworkVersion">4.7.2</S>
          <S N="CompanyName">Microsoft Corporation</S>
        </MS>
      </Obj>
      <S N="InstalledLocation">/Users/crenaud/git/assembly/abx/abx-powershell/Modules/Az.DataFactory/1.8.2</S>
    </MS>
  </Obj>
</Objs>
