<Objs Version="1.1.0.1" xmlns="http://schemas.microsoft.com/powershell/2004/04">
  <Obj RefId="0">
    <TN RefId="0">
      <T>Microsoft.PowerShell.Commands.PSRepositoryItemInfo</T>
      <T>System.Management.Automation.PSCustomObject</T>
      <T>System.Object</T>
    </TN>
    <MS>
      <S N="Name">Az.NotificationHubs</S>
      <S N="Version">1.1.1</S>
      <S N="Type">Module</S>
      <S N="Description">Microsoft Azure PowerShell - Notification Hubs cmdlets for Azure Resource Manager in Windows PowerShell and PowerShell Core._x000D__x000A__x000D__x000A_For more information on Notification Hubs, please visit the following: https://docs.microsoft.com/azure/notification-hubs/</S>
      <S N="Author">Microsoft Corporation</S>
      <S N="CompanyName">azure-sdk</S>
      <S N="Copyright">Microsoft Corporation. All rights reserved.</S>
      <DT N="PublishedDate">2019-12-17T02:30:51-05:00</DT>
      <Nil N="InstalledDate" />
      <Nil N="UpdatedDate" />
      <URI N="LicenseUri">https://aka.ms/azps-license</URI>
      <URI N="ProjectUri">https://github.com/Azure/azure-powershell</URI>
      <Nil N="IconUri" />
      <Obj N="Tags" RefId="1">
        <TN RefId="1">
          <T>System.Object[]</T>
          <T>System.Array</T>
          <T>System.Object</T>
        </TN>
        <LST>
          <S>Azure</S>
          <S>ResourceManager</S>
          <S>ARM</S>
          <S>Media</S>
          <S>NotificationHubs</S>
          <S>PSModule</S>
          <S>PSEdition_Core</S>
          <S>PSEdition_Desktop</S>
        </LST>
      </Obj>
      <Obj N="Includes" RefId="2">
        <TN RefId="2">
          <T>System.Collections.Hashtable</T>
          <T>System.Object</T>
        </TN>
        <DCT>
          <En>
            <S N="Key">RoleCapability</S>
            <Obj N="Value" RefId="3">
              <TNRef RefId="1" />
              <LST />
            </Obj>
          </En>
          <En>
            <S N="Key">Command</S>
            <Obj N="Value" RefId="4">
              <TNRef RefId="1" />
              <LST>
                <S>Get-AzNotificationHub</S>
                <S>Get-AzNotificationHubAuthorizationRule</S>
                <S>Get-AzNotificationHubListKey</S>
                <S>Get-AzNotificationHubPNSCredential</S>
                <S>New-AzNotificationHub</S>
                <S>New-AzNotificationHubAuthorizationRule</S>
                <S>New-AzNotificationHubKey</S>
                <S>Remove-AzNotificationHub</S>
                <S>Remove-AzNotificationHubAuthorizationRule</S>
                <S>Set-AzNotificationHub</S>
                <S>Set-AzNotificationHubAuthorizationRule</S>
                <S>Get-AzNotificationHubsNamespaceAuthorizationRule</S>
                <S>Get-AzNotificationHubsNamespaceListKey</S>
                <S>New-AzNotificationHubsNamespaceAuthorizationRule</S>
                <S>New-AzNotificationHubsNamespaceKey</S>
                <S>Remove-AzNotificationHubsNamespaceAuthorizationRule</S>
                <S>Set-AzNotificationHubsNamespaceAuthorizationRule</S>
                <S>Get-AzNotificationHubsNamespace</S>
                <S>New-AzNotificationHubsNamespace</S>
                <S>Remove-AzNotificationHubsNamespace</S>
                <S>Set-AzNotificationHubsNamespace</S>
              </LST>
            </Obj>
          </En>
          <En>
            <S N="Key">Cmdlet</S>
            <Obj N="Value" RefId="5">
              <TNRef RefId="1" />
              <LST>
                <S>Get-AzNotificationHub</S>
                <S>Get-AzNotificationHubAuthorizationRule</S>
                <S>Get-AzNotificationHubListKey</S>
                <S>Get-AzNotificationHubPNSCredential</S>
                <S>New-AzNotificationHub</S>
                <S>New-AzNotificationHubAuthorizationRule</S>
                <S>New-AzNotificationHubKey</S>
                <S>Remove-AzNotificationHub</S>
                <S>Remove-AzNotificationHubAuthorizationRule</S>
                <S>Set-AzNotificationHub</S>
                <S>Set-AzNotificationHubAuthorizationRule</S>
                <S>Get-AzNotificationHubsNamespaceAuthorizationRule</S>
                <S>Get-AzNotificationHubsNamespaceListKey</S>
                <S>New-AzNotificationHubsNamespaceAuthorizationRule</S>
                <S>New-AzNotificationHubsNamespaceKey</S>
                <S>Remove-AzNotificationHubsNamespaceAuthorizationRule</S>
                <S>Set-AzNotificationHubsNamespaceAuthorizationRule</S>
                <S>Get-AzNotificationHubsNamespace</S>
                <S>New-AzNotificationHubsNamespace</S>
                <S>Remove-AzNotificationHubsNamespace</S>
                <S>Set-AzNotificationHubsNamespace</S>
              </LST>
            </Obj>
          </En>
          <En>
            <S N="Key">Function</S>
            <Ref N="Value" RefId="3" />
          </En>
          <En>
            <S N="Key">Workflow</S>
            <Ref N="Value" RefId="3" />
          </En>
          <En>
            <S N="Key">DscResource</S>
            <Ref N="Value" RefId="3" />
          </En>
        </DCT>
      </Obj>
      <Nil N="PowerShellGetFormatVersion" />
      <S N="ReleaseNotes">* Update references in .psd1 to use relative path</S>
      <Obj N="Dependencies" RefId="6">
        <TNRef RefId="1" />
        <LST>
          <Obj RefId="7">
            <TN RefId="3">
              <T>System.Collections.Specialized.OrderedDictionary</T>
              <T>System.Object</T>
            </TN>
            <DCT>
              <En>
                <S N="Key">Name</S>
                <S N="Value">Az.Accounts</S>
              </En>
              <En>
                <S N="Key">MinimumVersion</S>
                <S N="Value">1.6.5</S>
              </En>
              <En>
                <S N="Key">CanonicalId</S>
                <S N="Value">nuget:Az.Accounts/1.6.5</S>
              </En>
            </DCT>
          </Obj>
        </LST>
      </Obj>
      <S N="RepositorySourceLocation">https://www.powershellgallery.com/api/v2</S>
      <S N="Repository">PSGallery</S>
      <S N="PackageManagementProvider">NuGet</S>
      <Obj N="AdditionalMetadata" RefId="8">
        <TN RefId="4">
          <T>System.Management.Automation.PSCustomObject</T>
          <T>System.Object</T>
        </TN>
        <MS>
          <S N="copyright">Microsoft Corporation. All rights reserved.</S>
          <S N="description">Microsoft Azure PowerShell - Notification Hubs cmdlets for Azure Resource Manager in Windows PowerShell and PowerShell Core._x000D__x000A__x000D__x000A_For more information on Notification Hubs, please visit the following: https://docs.microsoft.com/azure/notification-hubs/</S>
          <S N="requireLicenseAcceptance">True</S>
          <S N="releaseNotes">* Update references in .psd1 to use relative path</S>
          <S N="isLatestVersion">True</S>
          <S N="isAbsoluteLatestVersion">True</S>
          <S N="versionDownloadCount">3138106</S>
          <S N="downloadCount">6505560</S>
          <S N="packageSize">123135</S>
          <S N="published">12/17/2019 2:30:51 AM -05:00</S>
          <S N="created">12/17/2019 2:30:51 AM -05:00</S>
          <S N="lastUpdated">7/8/2020 12:20:03 PM -04:00</S>
          <S N="tags">Azure ResourceManager ARM Media NotificationHubs PSModule PSEdition_Core PSEdition_Desktop PSCmdlet_Get-AzNotificationHub PSCommand_Get-AzNotificationHub PSCmdlet_Get-AzNotificationHubAuthorizationRule PSCommand_Get-AzNotificationHubAuthorizationRule PSCmdlet_Get-AzNotificationHubListKey PSCommand_Get-AzNotificationHubListKey PSCmdlet_Get-AzNotificationHubPNSCredential PSCommand_Get-AzNotificationHubPNSCredential PSCmdlet_New-AzNotificationHub PSCommand_New-AzNotificationHub PSCmdlet_New-AzNotificationHubAuthorizationRule PSCommand_New-AzNotificationHubAuthorizationRule PSCmdlet_New-AzNotificationHubKey PSCommand_New-AzNotificationHubKey PSCmdlet_Remove-AzNotificationHub PSCommand_Remove-AzNotificationHub PSCmdlet_Remove-AzNotificationHubAuthorizationRule PSCommand_Remove-AzNotificationHubAuthorizationRule PSCmdlet_Set-AzNotificationHub PSCommand_Set-AzNotificationHub PSCmdlet_Set-AzNotificationHubAuthorizationRule PSCommand_Set-AzNotificationHubAuthorizationRule PSCmdlet_Get-AzNotificationHubsNamespaceAuthorizationRule PSCommand_Get-AzNotificationHubsNamespaceAuthorizationRule PSCmdlet_Get-AzNotificationHubsNamespaceListKey PSCommand_Get-AzNotificationHubsNamespaceListKey PSCmdlet_New-AzNotificationHubsNamespaceAuthorizationRule PSCommand_New-AzNotificationHubsNamespaceAuthorizationRule PSCmdlet_New-AzNotificationHubsNamespaceKey PSCommand_New-AzNotificationHubsNamespaceKey PSCmdlet_Remove-AzNotificationHubsNamespaceAuthorizationRule PSCommand_Remove-AzNotificationHubsNamespaceAuthorizationRule PSCmdlet_Set-AzNotificationHubsNamespaceAuthorizationRule PSCommand_Set-AzNotificationHubsNamespaceAuthorizationRule PSCmdlet_Get-AzNotificationHubsNamespace PSCommand_Get-AzNotificationHubsNamespace PSCmdlet_New-AzNotificationHubsNamespace PSCommand_New-AzNotificationHubsNamespace PSCmdlet_Remove-AzNotificationHubsNamespace PSCommand_Remove-AzNotificationHubsNamespace PSCmdlet_Set-AzNotificationHubsNamespace PSCommand_Set-AzNotificationHubsNamespace PSIncludes_Cmdlet</S>
          <S N="developmentDependency">False</S>
          <S N="updated">2020-07-08T12:20:03Z</S>
          <S N="NormalizedVersion">1.1.1</S>
          <S N="Authors">Microsoft Corporation</S>
          <S N="IsPrerelease">false</S>
          <S N="ItemType">Module</S>
          <S N="FileList">Az.NotificationHubs.nuspec|Az.NotificationHubs.psd1|Az.NotificationHubs.psm1|Microsoft.Azure.Management.NotificationHubs.dll|Microsoft.Azure.PowerShell.Cmdlets.NotificationHubs.deps.json|Microsoft.Azure.PowerShell.Cmdlets.NotificationHubs.dll|Microsoft.Azure.PowerShell.Cmdlets.NotificationHubs.dll-Help.xml</S>
          <S N="GUID">403ef21f-1a49-4de6-8ef3-9a79240cde32</S>
          <S N="PowerShellVersion">5.1</S>
          <S N="DotNetFrameworkVersion">4.7.2</S>
          <S N="CompanyName">Microsoft Corporation</S>
        </MS>
      </Obj>
      <S N="InstalledLocation">/Users/crenaud/git/assembly/abx/abx-powershell/Modules/Az.NotificationHubs/1.1.1</S>
    </MS>
  </Obj>
</Objs>
