<Objs Version="1.1.0.1" xmlns="http://schemas.microsoft.com/powershell/2004/04">
  <Obj RefId="0">
    <TN RefId="0">
      <T>Microsoft.PowerShell.Commands.PSRepositoryItemInfo</T>
      <T>System.Management.Automation.PSCustomObject</T>
      <T>System.Object</T>
    </TN>
    <MS>
      <S N="Name">Az.ApplicationInsights</S>
      <S N="Version">1.1.0</S>
      <S N="Type">Module</S>
      <S N="Description">Microsoft Azure PowerShell - Application Insights management cmdlets for Azure Resource Manager in Windows PowerShell and PowerShell Core.  Creates and manages application insights in Azure Resource Manager._x000D__x000A__x000D__x000A_For more information on Application Insights, please visit the following: https://docs.microsoft.com/azure/application-insights/</S>
      <S N="Author">Microsoft Corporation</S>
      <S N="CompanyName">azure-sdk</S>
      <S N="Copyright">Microsoft Corporation. All rights reserved.</S>
      <DT N="PublishedDate">2020-05-19T10:32:47-04:00</DT>
      <Nil N="InstalledDate" />
      <Nil N="UpdatedDate" />
      <URI N="LicenseUri">https://raw.githubusercontent.com/Azure/azure-powershell/dev/LICENSE.txt</URI>
      <URI N="ProjectUri">https://github.com/Azure/azure-powershell</URI>
      <Nil N="IconUri" />
      <Obj N="Tags" RefId="1">
        <TN RefId="1">
          <T>System.Object[]</T>
          <T>System.Array</T>
          <T>System.Object</T>
        </TN>
        <LST>
          <S>Azure</S>
          <S>ResourceManager</S>
          <S>ARM</S>
          <S>ApplicationInsights</S>
          <S>PSModule</S>
          <S>PSEdition_Core</S>
          <S>PSEdition_Desktop</S>
        </LST>
      </Obj>
      <Obj N="Includes" RefId="2">
        <TN RefId="2">
          <T>System.Collections.Hashtable</T>
          <T>System.Object</T>
        </TN>
        <DCT>
          <En>
            <S N="Key">RoleCapability</S>
            <Obj N="Value" RefId="3">
              <TNRef RefId="1" />
              <LST />
            </Obj>
          </En>
          <En>
            <S N="Key">Command</S>
            <Obj N="Value" RefId="4">
              <TNRef RefId="1" />
              <LST>
                <S>Get-AzApplicationInsights</S>
                <S>New-AzApplicationInsights</S>
                <S>Remove-AzApplicationInsights</S>
                <S>Update-AzApplicationInsights</S>
                <S>Set-AzApplicationInsightsPricingPlan</S>
                <S>Set-AzApplicationInsightsDailyCap</S>
                <S>Get-AzApplicationInsightsContinuousExport</S>
                <S>Set-AzApplicationInsightsContinuousExport</S>
                <S>New-AzApplicationInsightsContinuousExport</S>
                <S>Remove-AzApplicationInsightsContinuousExport</S>
                <S>Get-AzApplicationInsightsApiKey</S>
                <S>New-AzApplicationInsightsApiKey</S>
                <S>Remove-AzApplicationInsightsApiKey</S>
                <S>Get-AZApplicationInsightsLinkedStorageAccount</S>
                <S>New-AZApplicationInsightsLinkedStorageAccount</S>
                <S>Update-AZApplicationInsightsLinkedStorageAccount</S>
                <S>Remove-AZApplicationInsightsLinkedStorageAccount</S>
              </LST>
            </Obj>
          </En>
          <En>
            <S N="Key">Cmdlet</S>
            <Obj N="Value" RefId="5">
              <TNRef RefId="1" />
              <LST>
                <S>Get-AzApplicationInsights</S>
                <S>New-AzApplicationInsights</S>
                <S>Remove-AzApplicationInsights</S>
                <S>Update-AzApplicationInsights</S>
                <S>Set-AzApplicationInsightsPricingPlan</S>
                <S>Set-AzApplicationInsightsDailyCap</S>
                <S>Get-AzApplicationInsightsContinuousExport</S>
                <S>Set-AzApplicationInsightsContinuousExport</S>
                <S>New-AzApplicationInsightsContinuousExport</S>
                <S>Remove-AzApplicationInsightsContinuousExport</S>
                <S>Get-AzApplicationInsightsApiKey</S>
                <S>New-AzApplicationInsightsApiKey</S>
                <S>Remove-AzApplicationInsightsApiKey</S>
                <S>Get-AZApplicationInsightsLinkedStorageAccount</S>
                <S>New-AZApplicationInsightsLinkedStorageAccount</S>
                <S>Update-AZApplicationInsightsLinkedStorageAccount</S>
                <S>Remove-AZApplicationInsightsLinkedStorageAccount</S>
              </LST>
            </Obj>
          </En>
          <En>
            <S N="Key">Function</S>
            <Ref N="Value" RefId="3" />
          </En>
          <En>
            <S N="Key">Workflow</S>
            <Ref N="Value" RefId="3" />
          </En>
          <En>
            <S N="Key">DscResource</S>
            <Ref N="Value" RefId="3" />
          </En>
        </DCT>
      </Obj>
      <Nil N="PowerShellGetFormatVersion" />
      <S N="ReleaseNotes">* Added Parameters: 'RetentionInDays' 'PublicNetworkAccessForIngestion' 'PublicNetworkAccessForQuery' for 'New-AzApplicationInsights'_x000D__x000A_* Created cmdlet 'Update-AzApplicationInsights'_x000D__x000A_* Created cmdlets for Linked Storage Account</S>
      <Obj N="Dependencies" RefId="6">
        <TNRef RefId="1" />
        <LST>
          <Obj RefId="7">
            <TN RefId="3">
              <T>System.Collections.Specialized.OrderedDictionary</T>
              <T>System.Object</T>
            </TN>
            <DCT>
              <En>
                <S N="Key">Name</S>
                <S N="Value">Az.Accounts</S>
              </En>
              <En>
                <S N="Key">MinimumVersion</S>
                <S N="Value">1.8.0</S>
              </En>
              <En>
                <S N="Key">CanonicalId</S>
                <S N="Value">nuget:Az.Accounts/1.8.0</S>
              </En>
            </DCT>
          </Obj>
        </LST>
      </Obj>
      <S N="RepositorySourceLocation">https://www.powershellgallery.com/api/v2</S>
      <S N="Repository">PSGallery</S>
      <S N="PackageManagementProvider">NuGet</S>
      <Obj N="AdditionalMetadata" RefId="8">
        <TN RefId="4">
          <T>System.Management.Automation.PSCustomObject</T>
          <T>System.Object</T>
        </TN>
        <MS>
          <S N="copyright">Microsoft Corporation. All rights reserved.</S>
          <S N="description">Microsoft Azure PowerShell - Application Insights management cmdlets for Azure Resource Manager in Windows PowerShell and PowerShell Core.  Creates and manages application insights in Azure Resource Manager._x000D__x000A__x000D__x000A_For more information on Application Insights, please visit the following: https://docs.microsoft.com/azure/application-insights/</S>
          <S N="requireLicenseAcceptance">True</S>
          <S N="releaseNotes">* Added Parameters: 'RetentionInDays' 'PublicNetworkAccessForIngestion' 'PublicNetworkAccessForQuery' for 'New-AzApplicationInsights'_x000D__x000A_* Created cmdlet 'Update-AzApplicationInsights'_x000D__x000A_* Created cmdlets for Linked Storage Account</S>
          <S N="isLatestVersion">True</S>
          <S N="isAbsoluteLatestVersion">True</S>
          <S N="versionDownloadCount">795326</S>
          <S N="downloadCount">6718094</S>
          <S N="packageSize">216865</S>
          <S N="published">5/19/2020 10:32:47 AM -04:00</S>
          <S N="created">5/19/2020 10:32:47 AM -04:00</S>
          <S N="lastUpdated">7/8/2020 12:19:49 PM -04:00</S>
          <S N="tags">Azure ResourceManager ARM ApplicationInsights PSModule PSEdition_Core PSEdition_Desktop PSCmdlet_Get-AzApplicationInsights PSCommand_Get-AzApplicationInsights PSCmdlet_New-AzApplicationInsights PSCommand_New-AzApplicationInsights PSCmdlet_Remove-AzApplicationInsights PSCommand_Remove-AzApplicationInsights PSCmdlet_Update-AzApplicationInsights PSCommand_Update-AzApplicationInsights PSCmdlet_Set-AzApplicationInsightsPricingPlan PSCommand_Set-AzApplicationInsightsPricingPlan PSCmdlet_Set-AzApplicationInsightsDailyCap PSCommand_Set-AzApplicationInsightsDailyCap PSCmdlet_Get-AzApplicationInsightsContinuousExport PSCommand_Get-AzApplicationInsightsContinuousExport PSCmdlet_Set-AzApplicationInsightsContinuousExport PSCommand_Set-AzApplicationInsightsContinuousExport PSCmdlet_New-AzApplicationInsightsContinuousExport PSCommand_New-AzApplicationInsightsContinuousExport PSCmdlet_Remove-AzApplicationInsightsContinuousExport PSCommand_Remove-AzApplicationInsightsContinuousExport PSCmdlet_Get-AzApplicationInsightsApiKey PSCommand_Get-AzApplicationInsightsApiKey PSCmdlet_New-AzApplicationInsightsApiKey PSCommand_New-AzApplicationInsightsApiKey PSCmdlet_Remove-AzApplicationInsightsApiKey PSCommand_Remove-AzApplicationInsightsApiKey PSCmdlet_Get-AZApplicationInsightsLinkedStorageAccount PSCommand_Get-AZApplicationInsightsLinkedStorageAccount PSCmdlet_New-AZApplicationInsightsLinkedStorageAccount PSCommand_New-AZApplicationInsightsLinkedStorageAccount PSCmdlet_Update-AZApplicationInsightsLinkedStorageAccount PSCommand_Update-AZApplicationInsightsLinkedStorageAccount PSCmdlet_Remove-AZApplicationInsightsLinkedStorageAccount PSCommand_Remove-AZApplicationInsightsLinkedStorageAccount PSIncludes_Cmdlet</S>
          <S N="developmentDependency">False</S>
          <S N="updated">2020-07-08T12:19:49Z</S>
          <S N="NormalizedVersion">1.1.0</S>
          <S N="Authors">Microsoft Corporation</S>
          <S N="IsPrerelease">false</S>
          <S N="ItemType">Module</S>
          <S N="FileList">Az.ApplicationInsights.nuspec|ApplicationInsights.format.ps1xml|Az.ApplicationInsights.psd1|Az.ApplicationInsights.psm1|Microsoft.Azure.Management.ApplicationInsights.dll|Microsoft.Azure.PowerShell.Cmdlets.ApplicationInsights.deps.json|Microsoft.Azure.PowerShell.Cmdlets.ApplicationInsights.dll|Microsoft.Azure.PowerShell.Cmdlets.ApplicationInsights.dll-Help.xml</S>
          <S N="GUID">e3077f56-10b0-4190-a07f-3f1e454e3a42</S>
          <S N="PowerShellVersion">5.1</S>
          <S N="DotNetFrameworkVersion">4.7.2</S>
          <S N="CompanyName">Microsoft Corporation</S>
        </MS>
      </Obj>
      <S N="InstalledLocation">/Users/crenaud/git/assembly/abx/abx-powershell/Modules/Az.ApplicationInsights/1.1.0</S>
    </MS>
  </Obj>
</Objs>
