<Objs Version="1.1.0.1" xmlns="http://schemas.microsoft.com/powershell/2004/04">
  <Obj RefId="0">
    <TN RefId="0">
      <T>Microsoft.PowerShell.Commands.PSRepositoryItemInfo</T>
      <T>System.Management.Automation.PSCustomObject</T>
      <T>System.Object</T>
    </TN>
    <MS>
      <S N="Name">Az.Cdn</S>
      <S N="Version">1.4.3</S>
      <S N="Type">Module</S>
      <S N="Description">Microsoft Azure PowerShell - CDN service cmdlets for Azure Resource Manager in Windows PowerShell and PowerShell Core._x000D__x000A__x000D__x000A_For more information on Cdn, please visit the following: https://docs.microsoft.com/azure/cdn/</S>
      <S N="Author">Microsoft Corporation</S>
      <S N="CompanyName">azure-sdk</S>
      <S N="Copyright">Microsoft Corporation. All rights reserved.</S>
      <DT N="PublishedDate">2020-04-21T10:25:30-04:00</DT>
      <Nil N="InstalledDate" />
      <Nil N="UpdatedDate" />
      <URI N="LicenseUri">https://aka.ms/azps-license</URI>
      <URI N="ProjectUri">https://github.com/Azure/azure-powershell</URI>
      <Nil N="IconUri" />
      <Obj N="Tags" RefId="1">
        <TN RefId="1">
          <T>System.Object[]</T>
          <T>System.Array</T>
          <T>System.Object</T>
        </TN>
        <LST>
          <S>Azure</S>
          <S>ResourceManager</S>
          <S>ARM</S>
          <S>CDN</S>
          <S>PSModule</S>
          <S>PSEdition_Core</S>
          <S>PSEdition_Desktop</S>
        </LST>
      </Obj>
      <Obj N="Includes" RefId="2">
        <TN RefId="2">
          <T>System.Collections.Hashtable</T>
          <T>System.Object</T>
        </TN>
        <DCT>
          <En>
            <S N="Key">RoleCapability</S>
            <Obj N="Value" RefId="3">
              <TNRef RefId="1" />
              <LST />
            </Obj>
          </En>
          <En>
            <S N="Key">Command</S>
            <Obj N="Value" RefId="4">
              <TNRef RefId="1" />
              <LST>
                <S>Get-AzCdnProfile</S>
                <S>Get-AzCdnProfileSsoUrl</S>
                <S>New-AzCdnProfile</S>
                <S>Remove-AzCdnProfile</S>
                <S>Set-AzCdnProfile</S>
                <S>Get-AzCdnOrigin</S>
                <S>Set-AzCdnOrigin</S>
                <S>Get-AzCdnEndpointNameAvailability</S>
                <S>Get-AzCdnEndpoint</S>
                <S>Publish-AzCdnEndpointContent</S>
                <S>New-AzCdnEndpoint</S>
                <S>Unpublish-AzCdnEndpointContent</S>
                <S>Remove-AzCdnEndpoint</S>
                <S>Set-AzCdnEndpoint</S>
                <S>Start-AzCdnEndpoint</S>
                <S>Stop-AzCdnEndpoint</S>
                <S>Test-AzCdnCustomDomain</S>
                <S>Get-AzCdnCustomDomain</S>
                <S>New-AzCdnCustomDomain</S>
                <S>Remove-AzCdnCustomDomain</S>
                <S>Enable-AzCdnCustomDomain</S>
                <S>Disable-AzCdnCustomDomain</S>
                <S>Enable-AzCdnCustomDomainHttps</S>
                <S>Disable-AzCdnCustomDomainHttps</S>
                <S>Get-AzCdnProfileResourceUsage</S>
                <S>Confirm-AzCdnEndpointProbeUrl</S>
                <S>Get-AzCdnEndpointResourceUsage</S>
                <S>Get-AzCdnProfileSupportedOptimizationType</S>
                <S>Get-AzCdnSubscriptionResourceUsage</S>
                <S>Get-AzCdnEdgeNode</S>
                <S>New-AzCdnDeliveryRule</S>
                <S>New-AzCdnDeliveryRuleCondition</S>
                <S>New-AzCdnDeliveryRuleAction</S>
                <S>New-AzCdnDeliveryPolicy</S>
              </LST>
            </Obj>
          </En>
          <En>
            <S N="Key">Cmdlet</S>
            <Obj N="Value" RefId="5">
              <TNRef RefId="1" />
              <LST>
                <S>Get-AzCdnProfile</S>
                <S>Get-AzCdnProfileSsoUrl</S>
                <S>New-AzCdnProfile</S>
                <S>Remove-AzCdnProfile</S>
                <S>Set-AzCdnProfile</S>
                <S>Get-AzCdnOrigin</S>
                <S>Set-AzCdnOrigin</S>
                <S>Get-AzCdnEndpointNameAvailability</S>
                <S>Get-AzCdnEndpoint</S>
                <S>Publish-AzCdnEndpointContent</S>
                <S>New-AzCdnEndpoint</S>
                <S>Unpublish-AzCdnEndpointContent</S>
                <S>Remove-AzCdnEndpoint</S>
                <S>Set-AzCdnEndpoint</S>
                <S>Start-AzCdnEndpoint</S>
                <S>Stop-AzCdnEndpoint</S>
                <S>Test-AzCdnCustomDomain</S>
                <S>Get-AzCdnCustomDomain</S>
                <S>New-AzCdnCustomDomain</S>
                <S>Remove-AzCdnCustomDomain</S>
                <S>Enable-AzCdnCustomDomain</S>
                <S>Disable-AzCdnCustomDomain</S>
                <S>Enable-AzCdnCustomDomainHttps</S>
                <S>Disable-AzCdnCustomDomainHttps</S>
                <S>Get-AzCdnProfileResourceUsage</S>
                <S>Confirm-AzCdnEndpointProbeUrl</S>
                <S>Get-AzCdnEndpointResourceUsage</S>
                <S>Get-AzCdnProfileSupportedOptimizationType</S>
                <S>Get-AzCdnSubscriptionResourceUsage</S>
                <S>Get-AzCdnEdgeNode</S>
                <S>New-AzCdnDeliveryRule</S>
                <S>New-AzCdnDeliveryRuleCondition</S>
                <S>New-AzCdnDeliveryRuleAction</S>
                <S>New-AzCdnDeliveryPolicy</S>
              </LST>
            </Obj>
          </En>
          <En>
            <S N="Key">Function</S>
            <Ref N="Value" RefId="3" />
          </En>
          <En>
            <S N="Key">Workflow</S>
            <Ref N="Value" RefId="3" />
          </En>
          <En>
            <S N="Key">DscResource</S>
            <Ref N="Value" RefId="3" />
          </En>
        </DCT>
      </Obj>
      <Nil N="PowerShellGetFormatVersion" />
      <S N="ReleaseNotes">* Fixed ChinaCDN related pricing SKU display</S>
      <Obj N="Dependencies" RefId="6">
        <TNRef RefId="1" />
        <LST>
          <Obj RefId="7">
            <TN RefId="3">
              <T>System.Collections.Specialized.OrderedDictionary</T>
              <T>System.Object</T>
            </TN>
            <DCT>
              <En>
                <S N="Key">Name</S>
                <S N="Value">Az.Accounts</S>
              </En>
              <En>
                <S N="Key">MinimumVersion</S>
                <S N="Value">1.7.5</S>
              </En>
              <En>
                <S N="Key">CanonicalId</S>
                <S N="Value">nuget:Az.Accounts/1.7.5</S>
              </En>
            </DCT>
          </Obj>
        </LST>
      </Obj>
      <S N="RepositorySourceLocation">https://www.powershellgallery.com/api/v2</S>
      <S N="Repository">PSGallery</S>
      <S N="PackageManagementProvider">NuGet</S>
      <Obj N="AdditionalMetadata" RefId="8">
        <TN RefId="4">
          <T>System.Management.Automation.PSCustomObject</T>
          <T>System.Object</T>
        </TN>
        <MS>
          <S N="copyright">Microsoft Corporation. All rights reserved.</S>
          <S N="description">Microsoft Azure PowerShell - CDN service cmdlets for Azure Resource Manager in Windows PowerShell and PowerShell Core._x000D__x000A__x000D__x000A_For more information on Cdn, please visit the following: https://docs.microsoft.com/azure/cdn/</S>
          <S N="requireLicenseAcceptance">True</S>
          <S N="releaseNotes">* Fixed ChinaCDN related pricing SKU display</S>
          <S N="isLatestVersion">True</S>
          <S N="isAbsoluteLatestVersion">False</S>
          <S N="versionDownloadCount">1282150</S>
          <S N="downloadCount">6645744</S>
          <S N="packageSize">201298</S>
          <S N="published">4/21/2020 10:25:30 AM -04:00</S>
          <S N="created">4/21/2020 10:25:30 AM -04:00</S>
          <S N="lastUpdated">7/8/2020 12:19:49 PM -04:00</S>
          <S N="tags">Azure ResourceManager ARM CDN PSModule PSEdition_Core PSEdition_Desktop PSCmdlet_Get-AzCdnProfile PSCommand_Get-AzCdnProfile PSCmdlet_Get-AzCdnProfileSsoUrl PSCommand_Get-AzCdnProfileSsoUrl PSCmdlet_New-AzCdnProfile PSCommand_New-AzCdnProfile PSCmdlet_Remove-AzCdnProfile PSCommand_Remove-AzCdnProfile PSCmdlet_Set-AzCdnProfile PSCommand_Set-AzCdnProfile PSCmdlet_Get-AzCdnOrigin PSCommand_Get-AzCdnOrigin PSCmdlet_Set-AzCdnOrigin PSCommand_Set-AzCdnOrigin PSCmdlet_Get-AzCdnEndpointNameAvailability PSCommand_Get-AzCdnEndpointNameAvailability PSCmdlet_Get-AzCdnEndpoint PSCommand_Get-AzCdnEndpoint PSCmdlet_Publish-AzCdnEndpointContent PSCommand_Publish-AzCdnEndpointContent PSCmdlet_New-AzCdnEndpoint PSCommand_New-AzCdnEndpoint PSCmdlet_Unpublish-AzCdnEndpointContent PSCommand_Unpublish-AzCdnEndpointContent PSCmdlet_Remove-AzCdnEndpoint PSCommand_Remove-AzCdnEndpoint PSCmdlet_Set-AzCdnEndpoint PSCommand_Set-AzCdnEndpoint PSCmdlet_Start-AzCdnEndpoint PSCommand_Start-AzCdnEndpoint PSCmdlet_Stop-AzCdnEndpoint PSCommand_Stop-AzCdnEndpoint PSCmdlet_Test-AzCdnCustomDomain PSCommand_Test-AzCdnCustomDomain PSCmdlet_Get-AzCdnCustomDomain PSCommand_Get-AzCdnCustomDomain PSCmdlet_New-AzCdnCustomDomain PSCommand_New-AzCdnCustomDomain PSCmdlet_Remove-AzCdnCustomDomain PSCommand_Remove-AzCdnCustomDomain PSCmdlet_Enable-AzCdnCustomDomain PSCommand_Enable-AzCdnCustomDomain PSCmdlet_Disable-AzCdnCustomDomain PSCommand_Disable-AzCdnCustomDomain PSCmdlet_Enable-AzCdnCustomDomainHttps PSCommand_Enable-AzCdnCustomDomainHttps PSCmdlet_Disable-AzCdnCustomDomainHttps PSCommand_Disable-AzCdnCustomDomainHttps PSCmdlet_Get-AzCdnProfileResourceUsage PSCommand_Get-AzCdnProfileResourceUsage PSCmdlet_Confirm-AzCdnEndpointProbeUrl PSCommand_Confirm-AzCdnEndpointProbeUrl PSCmdlet_Get-AzCdnEndpointResourceUsage PSCommand_Get-AzCdnEndpointResourceUsage PSCmdlet_Get-AzCdnProfileSupportedOptimizationType PSCommand_Get-AzCdnProfileSupportedOptimizationType PSCmdlet_Get-AzCdnSubscriptionResourceUsage PSCommand_Get-AzCdnSubscriptionResourceUsage PSCmdlet_Get-AzCdnEdgeNode PSCommand_Get-AzCdnEdgeNode PSCmdlet_New-AzCdnDeliveryRule PSCommand_New-AzCdnDeliveryRule PSCmdlet_New-AzCdnDeliveryRuleCondition PSCommand_New-AzCdnDeliveryRuleCondition PSCmdlet_New-AzCdnDeliveryRuleAction PSCommand_New-AzCdnDeliveryRuleAction PSCmdlet_New-AzCdnDeliveryPolicy PSCommand_New-AzCdnDeliveryPolicy PSIncludes_Cmdlet</S>
          <S N="developmentDependency">False</S>
          <S N="updated">2020-07-08T12:19:49Z</S>
          <S N="NormalizedVersion">1.4.3</S>
          <S N="Authors">Microsoft Corporation</S>
          <S N="IsPrerelease">false</S>
          <S N="ItemType">Module</S>
          <S N="FileList">Az.Cdn.nuspec|Az.Cdn.psd1|Az.Cdn.psm1|Microsoft.Azure.Management.Cdn.dll|Microsoft.Azure.PowerShell.Cmdlets.Cdn.deps.json|Microsoft.Azure.PowerShell.Cmdlets.Cdn.dll|Microsoft.Azure.PowerShell.Cmdlets.Cdn.dll-Help.xml</S>
          <S N="GUID">91832aaa-dc11-4583-8239-bce5fd531604</S>
          <S N="PowerShellVersion">5.1</S>
          <S N="DotNetFrameworkVersion">4.7.2</S>
          <S N="CompanyName">Microsoft Corporation</S>
        </MS>
      </Obj>
      <S N="InstalledLocation">/Users/crenaud/git/assembly/abx/abx-powershell/Modules/Az.Cdn/1.4.3</S>
    </MS>
  </Obj>
</Objs>
