<Objs Version="1.1.0.1" xmlns="http://schemas.microsoft.com/powershell/2004/04">
  <Obj RefId="0">
    <TN RefId="0">
      <T>Microsoft.PowerShell.Commands.PSRepositoryItemInfo</T>
      <T>System.Management.Automation.PSCustomObject</T>
      <T>System.Object</T>
    </TN>
    <MS>
      <S N="Name">Az.ServiceBus</S>
      <S N="Version">1.4.1</S>
      <S N="Type">Module</S>
      <S N="Description">Microsoft Azure PowerShell - Service Bus service cmdlets for Azure Resource Manager in Windows PowerShell and PowerShell Core._x000D__x000A__x000D__x000A_For more information on Service Bus, please visit the following: https://docs.microsoft.com/azure/service-bus/</S>
      <S N="Author">Microsoft Corporation</S>
      <S N="CompanyName">azure-sdk</S>
      <S N="Copyright">Microsoft Corporation. All rights reserved.</S>
      <DT N="PublishedDate">2019-12-17T02:31:39-05:00</DT>
      <Nil N="InstalledDate" />
      <Nil N="UpdatedDate" />
      <URI N="LicenseUri">https://aka.ms/azps-license</URI>
      <URI N="ProjectUri">https://github.com/Azure/azure-powershell</URI>
      <Nil N="IconUri" />
      <Obj N="Tags" RefId="1">
        <TN RefId="1">
          <T>System.Object[]</T>
          <T>System.Array</T>
          <T>System.Object</T>
        </TN>
        <LST>
          <S>Azure</S>
          <S>ResourceManager</S>
          <S>ARM</S>
          <S>ServiceBus</S>
          <S>PSModule</S>
          <S>PSEdition_Core</S>
          <S>PSEdition_Desktop</S>
        </LST>
      </Obj>
      <Obj N="Includes" RefId="2">
        <TN RefId="2">
          <T>System.Collections.Hashtable</T>
          <T>System.Object</T>
        </TN>
        <DCT>
          <En>
            <S N="Key">RoleCapability</S>
            <Obj N="Value" RefId="3">
              <TNRef RefId="1" />
              <LST />
            </Obj>
          </En>
          <En>
            <S N="Key">Command</S>
            <Obj N="Value" RefId="4">
              <TNRef RefId="1" />
              <LST>
                <S>New-AzServiceBusNamespace</S>
                <S>Get-AzServiceBusNamespace</S>
                <S>Set-AzServiceBusNamespace</S>
                <S>Remove-AzServiceBusNamespace</S>
                <S>New-AzServiceBusQueue</S>
                <S>Get-AzServiceBusQueue</S>
                <S>Set-AzServiceBusQueue</S>
                <S>Remove-AzServiceBusQueue</S>
                <S>New-AzServiceBusTopic</S>
                <S>Get-AzServiceBusTopic</S>
                <S>Set-AzServiceBusTopic</S>
                <S>Remove-AzServiceBusTopic</S>
                <S>New-AzServiceBusSubscription</S>
                <S>Get-AzServiceBusSubscription</S>
                <S>Set-AzServiceBusSubscription</S>
                <S>Remove-AzServiceBusSubscription</S>
                <S>New-AzServiceBusAuthorizationRule</S>
                <S>Get-AzServiceBusAuthorizationRule</S>
                <S>Set-AzServiceBusAuthorizationRule</S>
                <S>Remove-AzServiceBusAuthorizationRule</S>
                <S>New-AzServiceBusKey</S>
                <S>Get-AzServiceBusKey</S>
                <S>Get-AzServiceBusOperation</S>
                <S>New-AzServiceBusRule</S>
                <S>Get-AzServiceBusRule</S>
                <S>Set-AzServiceBusRule</S>
                <S>Remove-AzServiceBusRule</S>
                <S>New-AzServiceBusGeoDRConfiguration</S>
                <S>Get-AzServiceBusGeoDRConfiguration</S>
                <S>Remove-AzServiceBusGeoDRConfiguration</S>
                <S>Set-AzServiceBusGeoDRConfigurationBreakPair</S>
                <S>Set-AzServiceBusGeoDRConfigurationFailOver</S>
                <S>Test-AzServiceBusName</S>
                <S>Get-AzServiceBusMigration</S>
                <S>Stop-AzServiceBusMigration</S>
                <S>Start-AzServiceBusMigration</S>
                <S>Complete-AzServiceBusMigration</S>
                <S>Remove-AzServiceBusMigration</S>
                <S>Remove-AzServiceBusIPRule</S>
                <S>Add-AzServiceBusIPRule</S>
                <S>Remove-AzServiceBusVirtualNetworkRule</S>
                <S>Add-AzServiceBusVirtualNetworkRule</S>
                <S>Get-AzServiceBusNetworkRuleSet</S>
                <S>Remove-AzServiceBusNetworkRuleSet</S>
                <S>Set-AzServiceBusNetworkRuleSet</S>
                <S>New-AzServiceBusAuthorizationRuleSASToken</S>
                <S>Test-AzServiceBusNameAvailability</S>
              </LST>
            </Obj>
          </En>
          <En>
            <S N="Key">Cmdlet</S>
            <Obj N="Value" RefId="5">
              <TNRef RefId="1" />
              <LST>
                <S>New-AzServiceBusNamespace</S>
                <S>Get-AzServiceBusNamespace</S>
                <S>Set-AzServiceBusNamespace</S>
                <S>Remove-AzServiceBusNamespace</S>
                <S>New-AzServiceBusQueue</S>
                <S>Get-AzServiceBusQueue</S>
                <S>Set-AzServiceBusQueue</S>
                <S>Remove-AzServiceBusQueue</S>
                <S>New-AzServiceBusTopic</S>
                <S>Get-AzServiceBusTopic</S>
                <S>Set-AzServiceBusTopic</S>
                <S>Remove-AzServiceBusTopic</S>
                <S>New-AzServiceBusSubscription</S>
                <S>Get-AzServiceBusSubscription</S>
                <S>Set-AzServiceBusSubscription</S>
                <S>Remove-AzServiceBusSubscription</S>
                <S>New-AzServiceBusAuthorizationRule</S>
                <S>Get-AzServiceBusAuthorizationRule</S>
                <S>Set-AzServiceBusAuthorizationRule</S>
                <S>Remove-AzServiceBusAuthorizationRule</S>
                <S>New-AzServiceBusKey</S>
                <S>Get-AzServiceBusKey</S>
                <S>Get-AzServiceBusOperation</S>
                <S>New-AzServiceBusRule</S>
                <S>Get-AzServiceBusRule</S>
                <S>Set-AzServiceBusRule</S>
                <S>Remove-AzServiceBusRule</S>
                <S>New-AzServiceBusGeoDRConfiguration</S>
                <S>Get-AzServiceBusGeoDRConfiguration</S>
                <S>Remove-AzServiceBusGeoDRConfiguration</S>
                <S>Set-AzServiceBusGeoDRConfigurationBreakPair</S>
                <S>Set-AzServiceBusGeoDRConfigurationFailOver</S>
                <S>Test-AzServiceBusName</S>
                <S>Get-AzServiceBusMigration</S>
                <S>Stop-AzServiceBusMigration</S>
                <S>Start-AzServiceBusMigration</S>
                <S>Complete-AzServiceBusMigration</S>
                <S>Remove-AzServiceBusMigration</S>
                <S>Remove-AzServiceBusIPRule</S>
                <S>Add-AzServiceBusIPRule</S>
                <S>Remove-AzServiceBusVirtualNetworkRule</S>
                <S>Add-AzServiceBusVirtualNetworkRule</S>
                <S>Get-AzServiceBusNetworkRuleSet</S>
                <S>Remove-AzServiceBusNetworkRuleSet</S>
                <S>Set-AzServiceBusNetworkRuleSet</S>
                <S>New-AzServiceBusAuthorizationRuleSASToken</S>
                <S>Test-AzServiceBusNameAvailability</S>
              </LST>
            </Obj>
          </En>
          <En>
            <S N="Key">Function</S>
            <Ref N="Value" RefId="3" />
          </En>
          <En>
            <S N="Key">Workflow</S>
            <Ref N="Value" RefId="3" />
          </En>
          <En>
            <S N="Key">DscResource</S>
            <Ref N="Value" RefId="3" />
          </En>
        </DCT>
      </Obj>
      <Nil N="PowerShellGetFormatVersion" />
      <S N="ReleaseNotes">* Update references in .psd1 to use relative path</S>
      <Obj N="Dependencies" RefId="6">
        <TNRef RefId="1" />
        <LST>
          <Obj RefId="7">
            <TN RefId="3">
              <T>System.Collections.Specialized.OrderedDictionary</T>
              <T>System.Object</T>
            </TN>
            <DCT>
              <En>
                <S N="Key">Name</S>
                <S N="Value">Az.Accounts</S>
              </En>
              <En>
                <S N="Key">MinimumVersion</S>
                <S N="Value">1.6.5</S>
              </En>
              <En>
                <S N="Key">CanonicalId</S>
                <S N="Value">nuget:Az.Accounts/1.6.5</S>
              </En>
            </DCT>
          </Obj>
        </LST>
      </Obj>
      <S N="RepositorySourceLocation">https://www.powershellgallery.com/api/v2</S>
      <S N="Repository">PSGallery</S>
      <S N="PackageManagementProvider">NuGet</S>
      <Obj N="AdditionalMetadata" RefId="8">
        <TN RefId="4">
          <T>System.Management.Automation.PSCustomObject</T>
          <T>System.Object</T>
        </TN>
        <MS>
          <S N="copyright">Microsoft Corporation. All rights reserved.</S>
          <S N="description">Microsoft Azure PowerShell - Service Bus service cmdlets for Azure Resource Manager in Windows PowerShell and PowerShell Core._x000D__x000A__x000D__x000A_For more information on Service Bus, please visit the following: https://docs.microsoft.com/azure/service-bus/</S>
          <S N="requireLicenseAcceptance">True</S>
          <S N="releaseNotes">* Update references in .psd1 to use relative path</S>
          <S N="isLatestVersion">True</S>
          <S N="isAbsoluteLatestVersion">True</S>
          <S N="versionDownloadCount">3206143</S>
          <S N="downloadCount">6586734</S>
          <S N="packageSize">246169</S>
          <S N="published">12/17/2019 2:31:39 AM -05:00</S>
          <S N="created">12/17/2019 2:31:39 AM -05:00</S>
          <S N="lastUpdated">7/8/2020 12:19:49 PM -04:00</S>
          <S N="tags">Azure ResourceManager ARM ServiceBus PSModule PSEdition_Core PSEdition_Desktop PSCmdlet_New-AzServiceBusNamespace PSCommand_New-AzServiceBusNamespace PSCmdlet_Get-AzServiceBusNamespace PSCommand_Get-AzServiceBusNamespace PSCmdlet_Set-AzServiceBusNamespace PSCommand_Set-AzServiceBusNamespace PSCmdlet_Remove-AzServiceBusNamespace PSCommand_Remove-AzServiceBusNamespace PSCmdlet_New-AzServiceBusQueue PSCommand_New-AzServiceBusQueue PSCmdlet_Get-AzServiceBusQueue PSCommand_Get-AzServiceBusQueue PSCmdlet_Set-AzServiceBusQueue PSCommand_Set-AzServiceBusQueue PSCmdlet_Remove-AzServiceBusQueue PSCommand_Remove-AzServiceBusQueue PSCmdlet_New-AzServiceBusTopic PSCommand_New-AzServiceBusTopic PSCmdlet_Get-AzServiceBusTopic PSCommand_Get-AzServiceBusTopic PSCmdlet_Set-AzServiceBusTopic PSCommand_Set-AzServiceBusTopic PSCmdlet_Remove-AzServiceBusTopic PSCommand_Remove-AzServiceBusTopic PSCmdlet_New-AzServiceBusSubscription PSCommand_New-AzServiceBusSubscription PSCmdlet_Get-AzServiceBusSubscription PSCommand_Get-AzServiceBusSubscription PSCmdlet_Set-AzServiceBusSubscription PSCommand_Set-AzServiceBusSubscription PSCmdlet_Remove-AzServiceBusSubscription PSCommand_Remove-AzServiceBusSubscription PSCmdlet_New-AzServiceBusAuthorizationRule PSCommand_New-AzServiceBusAuthorizationRule PSCmdlet_Get-AzServiceBusAuthorizationRule PSCommand_Get-AzServiceBusAuthorizationRule PSCmdlet_Set-AzServiceBusAuthorizationRule PSCommand_Set-AzServiceBusAuthorizationRule PSCmdlet_Remove-AzServiceBusAuthorizationRule PSCommand_Remove-AzServiceBusAuthorizationRule PSCmdlet_New-AzServiceBusKey PSCommand_New-AzServiceBusKey PSCmdlet_Get-AzServiceBusKey PSCommand_Get-AzServiceBusKey PSCmdlet_Get-AzServiceBusOperation PSCommand_Get-AzServiceBusOperation PSCmdlet_New-AzServiceBusRule PSCommand_New-AzServiceBusRule PSCmdlet_Get-AzServiceBusRule PSCommand_Get-AzServiceBusRule PSCmdlet_Set-AzServiceBusRule PSCommand_Set-AzServiceBusRule PSCmdlet_Remove-AzServiceBusRule PSCommand_Remove-AzServiceBusRule PSCmdlet_New-AzServiceBusGeoDRConfiguration PSCommand_New-AzServiceBusGeoDRConfiguration PSCmdlet_Get-AzServiceBusGeoDRConfiguration PSCommand_Get-AzServiceBusGeoDRConfiguration PSCmdlet_Remove-AzServiceBusGeoDRConfiguration PSCommand_Remove-AzServiceBusGeoDRConfiguration PSCmdlet_Set-AzServiceBusGeoDRConfigurationBreakPair PSCommand_Set-AzServiceBusGeoDRConfigurationBreakPair PSCmdlet_Set-AzServiceBusGeoDRConfigurationFailOver PSCommand_Set-AzServiceBusGeoDRConfigurationFailOver PSCmdlet_Test-AzServiceBusName PSCommand_Test-AzServiceBusName PSCmdlet_Get-AzServiceBusMigration PSCommand_Get-AzServiceBusMigration PSCmdlet_Stop-AzServiceBusMigration PSCommand_Stop-AzServiceBusMigration PSCmdlet_Start-AzServiceBusMigration PSCommand_Start-AzServiceBusMigration PSCmdlet_Complete-AzServiceBusMigration PSCommand_Complete-AzServiceBusMigration PSCmdlet_Remove-AzServiceBusMigration PSCommand_Remove-AzServiceBusMigration PSCmdlet_Remove-AzServiceBusIPRule PSCommand_Remove-AzServiceBusIPRule PSCmdlet_Add-AzServiceBusIPRule PSCommand_Add-AzServiceBusIPRule PSCmdlet_Remove-AzServiceBusVirtualNetworkRule PSCommand_Remove-AzServiceBusVirtualNetworkRule PSCmdlet_Add-AzServiceBusVirtualNetworkRule PSCommand_Add-AzServiceBusVirtualNetworkRule PSCmdlet_Get-AzServiceBusNetworkRuleSet PSCommand_Get-AzServiceBusNetworkRuleSet PSCmdlet_Remove-AzServiceBusNetworkRuleSet PSCommand_Remove-AzServiceBusNetworkRuleSet PSCmdlet_Set-AzServiceBusNetworkRuleSet PSCommand_Set-AzServiceBusNetworkRuleSet PSCmdlet_New-AzServiceBusAuthorizationRuleSASToken PSCommand_New-AzServiceBusAuthorizationRuleSASToken PSCmdlet_Test-AzServiceBusNameAvailability PSCommand_Test-AzServiceBusNameAvailability PSIncludes_Cmdlet</S>
          <S N="developmentDependency">False</S>
          <S N="updated">2020-07-08T12:19:49Z</S>
          <S N="NormalizedVersion">1.4.1</S>
          <S N="Authors">Microsoft Corporation</S>
          <S N="IsPrerelease">false</S>
          <S N="ItemType">Module</S>
          <S N="FileList">Az.ServiceBus.nuspec|Az.ServiceBus.psd1|Az.ServiceBus.psm1|Microsoft.Azure.Management.ServiceBus.dll|Microsoft.Azure.PowerShell.Cmdlets.ServiceBus.deps.json|Microsoft.Azure.PowerShell.Cmdlets.ServiceBus.dll|Microsoft.Azure.PowerShell.Cmdlets.ServiceBus.dll-Help.xml|ServiceBus.format.ps1xml</S>
          <S N="GUID">ced192ca-b6cd-4848-90dc-b83a5970befc</S>
          <S N="PowerShellVersion">5.1</S>
          <S N="DotNetFrameworkVersion">4.7.2</S>
          <S N="CompanyName">Microsoft Corporation</S>
        </MS>
      </Obj>
      <S N="InstalledLocation">/Users/crenaud/git/assembly/abx/abx-powershell/Modules/Az.ServiceBus/1.4.1</S>
    </MS>
  </Obj>
</Objs>
