<Objs Version="1.1.0.1" xmlns="http://schemas.microsoft.com/powershell/2004/04">
  <Obj RefId="0">
    <TN RefId="0">
      <T>Microsoft.PowerShell.Commands.PSRepositoryItemInfo</T>
      <T>System.Management.Automation.PSCustomObject</T>
      <T>System.Object</T>
    </TN>
    <MS>
      <S N="Name">Az.HealthcareApis</S>
      <S N="Version">1.1.0</S>
      <S N="Type">Module</S>
      <S N="Description">Microsoft Azure PowerShell - HealthcareApis management cmdlets for Azure Resource Manager in Windows PowerShell and PowerShell Core. Creates and manages HealthcareApis service accounts in Azure Resource Manager._x000D__x000A__x000D__x000A_For more information on HealthcareApis Service, please visit the following: https://docs.microsoft.com/en-us/azure/healthcare-apis/</S>
      <S N="Author">Microsoft Corporation</S>
      <S N="CompanyName">azure-sdk</S>
      <S N="Copyright">Microsoft Corporation. All rights reserved.</S>
      <DT N="PublishedDate">2020-06-23T06:20:45-04:00</DT>
      <Nil N="InstalledDate" />
      <Nil N="UpdatedDate" />
      <URI N="LicenseUri">https://aka.ms/azps-license</URI>
      <URI N="ProjectUri">https://github.com/Azure/azure-powershell</URI>
      <Nil N="IconUri" />
      <Obj N="Tags" RefId="1">
        <TN RefId="1">
          <T>System.Object[]</T>
          <T>System.Array</T>
          <T>System.Object</T>
        </TN>
        <LST>
          <S>Azure</S>
          <S>ResourceManager</S>
          <S>ARM</S>
          <S>HealthCare</S>
          <S>HealthcareApis</S>
          <S>FhirService</S>
          <S>PSModule</S>
          <S>PSEdition_Core</S>
          <S>PSEdition_Desktop</S>
        </LST>
      </Obj>
      <Obj N="Includes" RefId="2">
        <TN RefId="2">
          <T>System.Collections.Hashtable</T>
          <T>System.Object</T>
        </TN>
        <DCT>
          <En>
            <S N="Key">RoleCapability</S>
            <Obj N="Value" RefId="3">
              <TNRef RefId="1" />
              <LST />
            </Obj>
          </En>
          <En>
            <S N="Key">Command</S>
            <Obj N="Value" RefId="4">
              <TNRef RefId="1" />
              <LST>
                <S>New-AzHealthcareApisService</S>
                <S>Remove-AzHealthcareApisService</S>
                <S>Set-AzHealthcareApisService</S>
                <S>Get-AzHealthcareApisService</S>
              </LST>
            </Obj>
          </En>
          <En>
            <S N="Key">Cmdlet</S>
            <Obj N="Value" RefId="5">
              <TNRef RefId="1" />
              <LST>
                <S>New-AzHealthcareApisService</S>
                <S>Remove-AzHealthcareApisService</S>
                <S>Set-AzHealthcareApisService</S>
                <S>Get-AzHealthcareApisService</S>
              </LST>
            </Obj>
          </En>
          <En>
            <S N="Key">Function</S>
            <Ref N="Value" RefId="3" />
          </En>
          <En>
            <S N="Key">Workflow</S>
            <Ref N="Value" RefId="3" />
          </En>
          <En>
            <S N="Key">DscResource</S>
            <Ref N="Value" RefId="3" />
          </En>
        </DCT>
      </Obj>
      <Nil N="PowerShellGetFormatVersion" />
      <S N="ReleaseNotes">* Updated the SDK version to 1.1.0_x000D__x000A_* Added support for Export settings and Managed Identity</S>
      <Obj N="Dependencies" RefId="6">
        <TNRef RefId="1" />
        <LST>
          <Obj RefId="7">
            <TN RefId="3">
              <T>System.Collections.Specialized.OrderedDictionary</T>
              <T>System.Object</T>
            </TN>
            <DCT>
              <En>
                <S N="Key">Name</S>
                <S N="Value">Az.Accounts</S>
              </En>
              <En>
                <S N="Key">MinimumVersion</S>
                <S N="Value">1.9.0</S>
              </En>
              <En>
                <S N="Key">CanonicalId</S>
                <S N="Value">nuget:Az.Accounts/1.9.0</S>
              </En>
            </DCT>
          </Obj>
        </LST>
      </Obj>
      <S N="RepositorySourceLocation">https://www.powershellgallery.com/api/v2</S>
      <S N="Repository">PSGallery</S>
      <S N="PackageManagementProvider">NuGet</S>
      <Obj N="AdditionalMetadata" RefId="8">
        <TN RefId="4">
          <T>System.Management.Automation.PSCustomObject</T>
          <T>System.Object</T>
        </TN>
        <MS>
          <S N="copyright">Microsoft Corporation. All rights reserved.</S>
          <S N="description">Microsoft Azure PowerShell - HealthcareApis management cmdlets for Azure Resource Manager in Windows PowerShell and PowerShell Core. Creates and manages HealthcareApis service accounts in Azure Resource Manager._x000D__x000A__x000D__x000A_For more information on HealthcareApis Service, please visit the following: https://docs.microsoft.com/en-us/azure/healthcare-apis/</S>
          <S N="requireLicenseAcceptance">True</S>
          <S N="releaseNotes">* Updated the SDK version to 1.1.0_x000D__x000A_* Added support for Export settings and Managed Identity</S>
          <S N="isLatestVersion">True</S>
          <S N="isAbsoluteLatestVersion">True</S>
          <S N="versionDownloadCount">266702</S>
          <S N="downloadCount">4321330</S>
          <S N="packageSize">99509</S>
          <S N="published">6/23/2020 6:20:45 AM -04:00</S>
          <S N="created">6/23/2020 6:20:45 AM -04:00</S>
          <S N="lastUpdated">7/8/2020 12:20:03 PM -04:00</S>
          <S N="tags">Azure ResourceManager ARM HealthCare HealthcareApis FhirService PSModule PSEdition_Core PSEdition_Desktop PSCmdlet_New-AzHealthcareApisService PSCommand_New-AzHealthcareApisService PSCmdlet_Remove-AzHealthcareApisService PSCommand_Remove-AzHealthcareApisService PSCmdlet_Set-AzHealthcareApisService PSCommand_Set-AzHealthcareApisService PSCmdlet_Get-AzHealthcareApisService PSCommand_Get-AzHealthcareApisService PSIncludes_Cmdlet</S>
          <S N="developmentDependency">False</S>
          <S N="updated">2020-07-08T12:20:03Z</S>
          <S N="NormalizedVersion">1.1.0</S>
          <S N="Authors">Microsoft Corporation</S>
          <S N="IsPrerelease">false</S>
          <S N="ItemType">Module</S>
          <S N="FileList">Az.HealthcareApis.nuspec|Az.HealthcareApis.psd1|Az.HealthcareApis.psm1|Microsoft.Azure.Management.HealthcareApis.dll|Microsoft.Azure.PowerShell.Cmdlets.HealthcareApis.deps.json|Microsoft.Azure.PowerShell.Cmdlets.HealthcareApis.dll|Microsoft.Azure.PowerShell.Cmdlets.HealthcareApis.dll-Help.xml</S>
          <S N="GUID">de3f478d-0227-4782-85cf-62fb649b685a</S>
          <S N="PowerShellVersion">5.1</S>
          <S N="DotNetFrameworkVersion">4.7.2</S>
          <S N="CompanyName">Microsoft Corporation</S>
        </MS>
      </Obj>
      <S N="InstalledLocation">/Users/crenaud/git/assembly/abx/abx-powershell/Modules/Az.HealthcareApis/1.1.0</S>
    </MS>
  </Obj>
</Objs>
