<Objs Version="1.1.0.1" xmlns="http://schemas.microsoft.com/powershell/2004/04">
  <Obj RefId="0">
    <TN RefId="0">
      <T>Microsoft.PowerShell.Commands.PSRepositoryItemInfo</T>
      <T>System.Management.Automation.PSCustomObject</T>
      <T>System.Object</T>
    </TN>
    <MS>
      <S N="Name">Az.HDInsight</S>
      <S N="Version">3.3.0</S>
      <S N="Type">Module</S>
      <S N="Description">Microsoft Azure PowerShell - HDInsight service cmdlets for Azure Resource Manager in Windows PowerShell and PowerShell Core._x000D__x000A__x000D__x000A_For more information on HDInsight, please visit the following: https://docs.microsoft.com/azure/hdinsight/</S>
      <S N="Author">Microsoft Corporation</S>
      <S N="CompanyName">azure-sdk</S>
      <S N="Copyright">Microsoft Corporation. All rights reserved.</S>
      <DT N="PublishedDate">2020-06-23T06:20:42-04:00</DT>
      <Nil N="InstalledDate" />
      <Nil N="UpdatedDate" />
      <URI N="LicenseUri">https://aka.ms/azps-license</URI>
      <URI N="ProjectUri">https://github.com/Azure/azure-powershell</URI>
      <Nil N="IconUri" />
      <Obj N="Tags" RefId="1">
        <TN RefId="1">
          <T>System.Object[]</T>
          <T>System.Array</T>
          <T>System.Object</T>
        </TN>
        <LST>
          <S>Azure</S>
          <S>ResourceManager</S>
          <S>ARM</S>
          <S>HDInsight</S>
          <S>PSModule</S>
          <S>PSEdition_Core</S>
          <S>PSEdition_Desktop</S>
        </LST>
      </Obj>
      <Obj N="Includes" RefId="2">
        <TN RefId="2">
          <T>System.Collections.Hashtable</T>
          <T>System.Object</T>
        </TN>
        <DCT>
          <En>
            <S N="Key">RoleCapability</S>
            <Obj N="Value" RefId="3">
              <TNRef RefId="1" />
              <LST />
            </Obj>
          </En>
          <En>
            <S N="Key">Command</S>
            <Obj N="Value" RefId="4">
              <TNRef RefId="1" />
              <LST>
                <S>Get-AzHDInsightJob</S>
                <S>New-AzHDInsightSqoopJobDefinition</S>
                <S>Wait-AzHDInsightJob</S>
                <S>New-AzHDInsightStreamingMapReduceJobDefinition</S>
                <S>New-AzHDInsightMapReduceJobDefinition</S>
                <S>New-AzHDInsightPigJobDefinition</S>
                <S>New-AzHDInsightHiveJobDefinition</S>
                <S>Get-AzHDInsightJobOutput</S>
                <S>Invoke-AzHDInsightHiveJob</S>
                <S>Use-AzHDInsightCluster</S>
                <S>Stop-AzHDInsightJob</S>
                <S>Start-AzHDInsightJob</S>
                <S>Add-AzHDInsightComponentVersion</S>
                <S>Add-AzHDInsightSecurityProfile</S>
                <S>Set-AzHDInsightDefaultStorage</S>
                <S>Add-AzHDInsightStorage</S>
                <S>Add-AzHDInsightScriptAction</S>
                <S>Add-AzHDInsightMetastore</S>
                <S>Add-AzHDInsightConfigValue</S>
                <S>Get-AzHDInsightProperty</S>
                <S>Set-AzHDInsightGatewayCredential</S>
                <S>New-AzHDInsightClusterConfig</S>
                <S>Remove-AzHDInsightCluster</S>
                <S>Set-AzHDInsightClusterSize</S>
                <S>Get-AzHDInsightPersistedScriptAction</S>
                <S>Get-AzHDInsightScriptActionHistory</S>
                <S>Remove-AzHDInsightPersistedScriptAction</S>
                <S>Set-AzHDInsightPersistedScriptAction</S>
                <S>Submit-AzHDInsightScriptAction</S>
                <S>Get-AzHDInsightCluster</S>
                <S>New-AzHDInsightCluster</S>
                <S>Add-AzHDInsightClusterIdentity</S>
                <S>Enable-AzHDInsightMonitoring</S>
                <S>Disable-AzHDInsightMonitoring</S>
                <S>Get-AzHDInsightMonitoring</S>
                <S>Set-AzHDInsightClusterDiskEncryptionKey</S>
                <S>Get-AzHDInsightHost</S>
                <S>Restart-AzHDInsightHost</S>
              </LST>
            </Obj>
          </En>
          <En>
            <S N="Key">Cmdlet</S>
            <Obj N="Value" RefId="5">
              <TNRef RefId="1" />
              <LST>
                <S>Get-AzHDInsightJob</S>
                <S>New-AzHDInsightSqoopJobDefinition</S>
                <S>Wait-AzHDInsightJob</S>
                <S>New-AzHDInsightStreamingMapReduceJobDefinition</S>
                <S>New-AzHDInsightMapReduceJobDefinition</S>
                <S>New-AzHDInsightPigJobDefinition</S>
                <S>New-AzHDInsightHiveJobDefinition</S>
                <S>Get-AzHDInsightJobOutput</S>
                <S>Invoke-AzHDInsightHiveJob</S>
                <S>Use-AzHDInsightCluster</S>
                <S>Stop-AzHDInsightJob</S>
                <S>Start-AzHDInsightJob</S>
                <S>Add-AzHDInsightComponentVersion</S>
                <S>Add-AzHDInsightSecurityProfile</S>
                <S>Set-AzHDInsightDefaultStorage</S>
                <S>Add-AzHDInsightStorage</S>
                <S>Add-AzHDInsightScriptAction</S>
                <S>Add-AzHDInsightMetastore</S>
                <S>Add-AzHDInsightConfigValue</S>
                <S>Get-AzHDInsightProperty</S>
                <S>Set-AzHDInsightGatewayCredential</S>
                <S>New-AzHDInsightClusterConfig</S>
                <S>Remove-AzHDInsightCluster</S>
                <S>Set-AzHDInsightClusterSize</S>
                <S>Get-AzHDInsightPersistedScriptAction</S>
                <S>Get-AzHDInsightScriptActionHistory</S>
                <S>Remove-AzHDInsightPersistedScriptAction</S>
                <S>Set-AzHDInsightPersistedScriptAction</S>
                <S>Submit-AzHDInsightScriptAction</S>
                <S>Get-AzHDInsightCluster</S>
                <S>New-AzHDInsightCluster</S>
                <S>Add-AzHDInsightClusterIdentity</S>
                <S>Enable-AzHDInsightMonitoring</S>
                <S>Disable-AzHDInsightMonitoring</S>
                <S>Get-AzHDInsightMonitoring</S>
                <S>Set-AzHDInsightClusterDiskEncryptionKey</S>
                <S>Get-AzHDInsightHost</S>
                <S>Restart-AzHDInsightHost</S>
              </LST>
            </Obj>
          </En>
          <En>
            <S N="Key">Function</S>
            <Ref N="Value" RefId="3" />
          </En>
          <En>
            <S N="Key">Workflow</S>
            <Ref N="Value" RefId="3" />
          </En>
          <En>
            <S N="Key">DscResource</S>
            <Ref N="Value" RefId="3" />
          </En>
        </DCT>
      </Obj>
      <Nil N="PowerShellGetFormatVersion" />
      <S N="ReleaseNotes">* Supported listing hosts and restart specific hosts of the HDInsight cluster.</S>
      <Obj N="Dependencies" RefId="6">
        <TNRef RefId="1" />
        <LST>
          <Obj RefId="7">
            <TN RefId="3">
              <T>System.Collections.Specialized.OrderedDictionary</T>
              <T>System.Object</T>
            </TN>
            <DCT>
              <En>
                <S N="Key">Name</S>
                <S N="Value">Az.Accounts</S>
              </En>
              <En>
                <S N="Key">MinimumVersion</S>
                <S N="Value">1.9.0</S>
              </En>
              <En>
                <S N="Key">CanonicalId</S>
                <S N="Value">nuget:Az.Accounts/1.9.0</S>
              </En>
            </DCT>
          </Obj>
        </LST>
      </Obj>
      <S N="RepositorySourceLocation">https://www.powershellgallery.com/api/v2</S>
      <S N="Repository">PSGallery</S>
      <S N="PackageManagementProvider">NuGet</S>
      <Obj N="AdditionalMetadata" RefId="8">
        <TN RefId="4">
          <T>System.Management.Automation.PSCustomObject</T>
          <T>System.Object</T>
        </TN>
        <MS>
          <S N="copyright">Microsoft Corporation. All rights reserved.</S>
          <S N="description">Microsoft Azure PowerShell - HDInsight service cmdlets for Azure Resource Manager in Windows PowerShell and PowerShell Core._x000D__x000A__x000D__x000A_For more information on HDInsight, please visit the following: https://docs.microsoft.com/azure/hdinsight/</S>
          <S N="requireLicenseAcceptance">True</S>
          <S N="releaseNotes">* Supported listing hosts and restart specific hosts of the HDInsight cluster.</S>
          <S N="isLatestVersion">True</S>
          <S N="isAbsoluteLatestVersion">True</S>
          <S N="versionDownloadCount">267307</S>
          <S N="downloadCount">6542732</S>
          <S N="packageSize">517207</S>
          <S N="published">6/23/2020 6:20:42 AM -04:00</S>
          <S N="created">6/23/2020 6:20:42 AM -04:00</S>
          <S N="lastUpdated">7/8/2020 12:20:03 PM -04:00</S>
          <S N="tags">Azure ResourceManager ARM HDInsight PSModule PSEdition_Core PSEdition_Desktop PSCmdlet_Get-AzHDInsightJob PSCommand_Get-AzHDInsightJob PSCmdlet_New-AzHDInsightSqoopJobDefinition PSCommand_New-AzHDInsightSqoopJobDefinition PSCmdlet_Wait-AzHDInsightJob PSCommand_Wait-AzHDInsightJob PSCmdlet_New-AzHDInsightStreamingMapReduceJobDefinition PSCommand_New-AzHDInsightStreamingMapReduceJobDefinition PSCmdlet_New-AzHDInsightMapReduceJobDefinition PSCommand_New-AzHDInsightMapReduceJobDefinition PSCmdlet_New-AzHDInsightPigJobDefinition PSCommand_New-AzHDInsightPigJobDefinition PSCmdlet_New-AzHDInsightHiveJobDefinition PSCommand_New-AzHDInsightHiveJobDefinition PSCmdlet_Get-AzHDInsightJobOutput PSCommand_Get-AzHDInsightJobOutput PSCmdlet_Invoke-AzHDInsightHiveJob PSCommand_Invoke-AzHDInsightHiveJob PSCmdlet_Use-AzHDInsightCluster PSCommand_Use-AzHDInsightCluster PSCmdlet_Stop-AzHDInsightJob PSCommand_Stop-AzHDInsightJob PSCmdlet_Start-AzHDInsightJob PSCommand_Start-AzHDInsightJob PSCmdlet_Add-AzHDInsightComponentVersion PSCommand_Add-AzHDInsightComponentVersion PSCmdlet_Add-AzHDInsightSecurityProfile PSCommand_Add-AzHDInsightSecurityProfile PSCmdlet_Set-AzHDInsightDefaultStorage PSCommand_Set-AzHDInsightDefaultStorage PSCmdlet_Add-AzHDInsightStorage PSCommand_Add-AzHDInsightStorage PSCmdlet_Add-AzHDInsightScriptAction PSCommand_Add-AzHDInsightScriptAction PSCmdlet_Add-AzHDInsightMetastore PSCommand_Add-AzHDInsightMetastore PSCmdlet_Add-AzHDInsightConfigValue PSCommand_Add-AzHDInsightConfigValue PSCmdlet_Get-AzHDInsightProperty PSCommand_Get-AzHDInsightProperty PSCmdlet_Set-AzHDInsightGatewayCredential PSCommand_Set-AzHDInsightGatewayCredential PSCmdlet_New-AzHDInsightClusterConfig PSCommand_New-AzHDInsightClusterConfig PSCmdlet_Remove-AzHDInsightCluster PSCommand_Remove-AzHDInsightCluster PSCmdlet_Set-AzHDInsightClusterSize PSCommand_Set-AzHDInsightClusterSize PSCmdlet_Get-AzHDInsightPersistedScriptAction PSCommand_Get-AzHDInsightPersistedScriptAction PSCmdlet_Get-AzHDInsightScriptActionHistory PSCommand_Get-AzHDInsightScriptActionHistory PSCmdlet_Remove-AzHDInsightPersistedScriptAction PSCommand_Remove-AzHDInsightPersistedScriptAction PSCmdlet_Set-AzHDInsightPersistedScriptAction PSCommand_Set-AzHDInsightPersistedScriptAction PSCmdlet_Submit-AzHDInsightScriptAction PSCommand_Submit-AzHDInsightScriptAction PSCmdlet_Get-AzHDInsightCluster PSCommand_Get-AzHDInsightCluster PSCmdlet_New-AzHDInsightCluster PSCommand_New-AzHDInsightCluster PSCmdlet_Add-AzHDInsightClusterIdentity PSCommand_Add-AzHDInsightClusterIdentity PSCmdlet_Enable-AzHDInsightMonitoring PSCommand_Enable-AzHDInsightMonitoring PSCmdlet_Disable-AzHDInsightMonitoring PSCommand_Disable-AzHDInsightMonitoring PSCmdlet_Get-AzHDInsightMonitoring PSCommand_Get-AzHDInsightMonitoring PSCmdlet_Set-AzHDInsightClusterDiskEncryptionKey PSCommand_Set-AzHDInsightClusterDiskEncryptionKey PSCmdlet_Get-AzHDInsightHost PSCommand_Get-AzHDInsightHost PSCmdlet_Restart-AzHDInsightHost PSCommand_Restart-AzHDInsightHost PSIncludes_Cmdlet</S>
          <S N="developmentDependency">False</S>
          <S N="updated">2020-07-08T12:20:03Z</S>
          <S N="NormalizedVersion">3.3.0</S>
          <S N="Authors">Microsoft Corporation</S>
          <S N="IsPrerelease">false</S>
          <S N="ItemType">Module</S>
          <S N="FileList">Az.HDInsight.nuspec|Az.HDInsight.psd1|Az.HDInsight.psm1|Microsoft.Azure.Management.HDInsight.dll|Microsoft.Azure.Management.HDInsight.Job.dll|Microsoft.Azure.PowerShell.Cmdlets.HDInsight.deps.json|Microsoft.Azure.PowerShell.Cmdlets.HDInsight.dll|Microsoft.Azure.PowerShell.Cmdlets.HDInsight.dll-Help.xml|Microsoft.WindowsAzure.Storage.dll</S>
          <S N="GUID">483c408e-6d98-45fc-b138-5b2327216d16</S>
          <S N="PowerShellVersion">5.1</S>
          <S N="DotNetFrameworkVersion">4.7.2</S>
          <S N="CompanyName">Microsoft Corporation</S>
        </MS>
      </Obj>
      <S N="InstalledLocation">/Users/crenaud/git/assembly/abx/abx-powershell/Modules/Az.HDInsight/3.3.0</S>
    </MS>
  </Obj>
</Objs>
