<?xml version="1.0" encoding="utf-8"?>
<helpItems schema="maml" xmlns="http://msh">
  <command:command xmlns:maml="http://schemas.microsoft.com/maml/2004/10" xmlns:command="http://schemas.microsoft.com/maml/dev/command/2004/10" xmlns:dev="http://schemas.microsoft.com/maml/dev/2004/10" xmlns:MSHelp="http://msdn.microsoft.com/mshelp">
    <command:details>
      <command:name>Disable-AzAdvisorRecommendation</command:name>
      <command:verb>Disable</command:verb>
      <command:noun>AzAdvisorRecommendation</command:noun>
      <maml:description>
        <maml:para>Disable an Azure Advisor recommendation.</maml:para>
      </maml:description>
    </command:details>
    <maml:description>
      <maml:para>Creates a suppression for recommendation(s), this enables a particular recommendation to be postponed for a specific duration or infinitely.</maml:para>
    </maml:description>
    <command:syntax>
      <command:syntaxItem>
        <maml:name>Disable-AzAdvisorRecommendation</maml:name>
        <command:parameter required="true" variableLength="true" globbing="false" pipelineInput="True (ByValue)" position="0" aliases="none">
          <maml:name>InputObject</maml:name>
          <maml:Description>
            <maml:para>The powershell object type PsAzureAdvisorResourceRecommendationBase returned by Get-AzAdvisorRecommendation call.</maml:para>
          </maml:Description>
          <command:parameterValue required="true" variableLength="false">PsAzureAdvisorResourceRecommendationBase</command:parameterValue>
          <dev:type>
            <maml:name>PsAzureAdvisorResourceRecommendationBase</maml:name>
            <maml:uri />
          </dev:type>
          <dev:defaultValue>None</dev:defaultValue>
        </command:parameter>
        <command:parameter required="false" variableLength="true" globbing="false" pipelineInput="False" position="1" aliases="none">
          <maml:name>Days</maml:name>
          <maml:Description>
            <maml:para>Days to disable.</maml:para>
          </maml:Description>
          <command:parameterValue required="true" variableLength="false">Int32</command:parameterValue>
          <dev:type>
            <maml:name>Int32</maml:name>
            <maml:uri />
          </dev:type>
          <dev:defaultValue>None</dev:defaultValue>
        </command:parameter>
        <command:parameter required="false" variableLength="true" globbing="false" pipelineInput="False" position="named" aliases="cf">
          <maml:name>Confirm</maml:name>
          <maml:Description>
            <maml:para>Prompts you for confirmation before running the cmdlet.</maml:para>
          </maml:Description>
          <dev:type>
            <maml:name>SwitchParameter</maml:name>
            <maml:uri />
          </dev:type>
          <dev:defaultValue>False</dev:defaultValue>
        </command:parameter>
        <command:parameter required="false" variableLength="true" globbing="false" pipelineInput="False" position="named" aliases="AzureRmContext, AzureCredential">
          <maml:name>DefaultProfile</maml:name>
          <maml:Description>
            <maml:para>The credentials, account, tenant, and subscription used for communication with Azure.</maml:para>
          </maml:Description>
          <command:parameterValue required="true" variableLength="false">IAzureContextContainer</command:parameterValue>
          <dev:type>
            <maml:name>IAzureContextContainer</maml:name>
            <maml:uri />
          </dev:type>
          <dev:defaultValue>None</dev:defaultValue>
        </command:parameter>
        <command:parameter required="false" variableLength="true" globbing="false" pipelineInput="False" position="named" aliases="wi">
          <maml:name>WhatIf</maml:name>
          <maml:Description>
            <maml:para>Shows what would happen if the cmdlet runs. The cmdlet is not run.</maml:para>
          </maml:Description>
          <dev:type>
            <maml:name>SwitchParameter</maml:name>
            <maml:uri />
          </dev:type>
          <dev:defaultValue>False</dev:defaultValue>
        </command:parameter>
      </command:syntaxItem>
      <command:syntaxItem>
        <maml:name>Disable-AzAdvisorRecommendation</maml:name>
        <command:parameter required="true" variableLength="true" globbing="false" pipelineInput="False" position="0" aliases="none">
          <maml:name>RecommendationName</maml:name>
          <maml:Description>
            <maml:para>ResourceName of the recommendation</maml:para>
          </maml:Description>
          <command:parameterValue required="true" variableLength="false">String</command:parameterValue>
          <dev:type>
            <maml:name>String</maml:name>
            <maml:uri />
          </dev:type>
          <dev:defaultValue>None</dev:defaultValue>
        </command:parameter>
        <command:parameter required="false" variableLength="true" globbing="false" pipelineInput="False" position="1" aliases="none">
          <maml:name>Days</maml:name>
          <maml:Description>
            <maml:para>Days to disable.</maml:para>
          </maml:Description>
          <command:parameterValue required="true" variableLength="false">Int32</command:parameterValue>
          <dev:type>
            <maml:name>Int32</maml:name>
            <maml:uri />
          </dev:type>
          <dev:defaultValue>None</dev:defaultValue>
        </command:parameter>
        <command:parameter required="false" variableLength="true" globbing="false" pipelineInput="False" position="named" aliases="cf">
          <maml:name>Confirm</maml:name>
          <maml:Description>
            <maml:para>Prompts you for confirmation before running the cmdlet.</maml:para>
          </maml:Description>
          <dev:type>
            <maml:name>SwitchParameter</maml:name>
            <maml:uri />
          </dev:type>
          <dev:defaultValue>False</dev:defaultValue>
        </command:parameter>
        <command:parameter required="false" variableLength="true" globbing="false" pipelineInput="False" position="named" aliases="AzureRmContext, AzureCredential">
          <maml:name>DefaultProfile</maml:name>
          <maml:Description>
            <maml:para>The credentials, account, tenant, and subscription used for communication with Azure.</maml:para>
          </maml:Description>
          <command:parameterValue required="true" variableLength="false">IAzureContextContainer</command:parameterValue>
          <dev:type>
            <maml:name>IAzureContextContainer</maml:name>
            <maml:uri />
          </dev:type>
          <dev:defaultValue>None</dev:defaultValue>
        </command:parameter>
        <command:parameter required="false" variableLength="true" globbing="false" pipelineInput="False" position="named" aliases="wi">
          <maml:name>WhatIf</maml:name>
          <maml:Description>
            <maml:para>Shows what would happen if the cmdlet runs. The cmdlet is not run.</maml:para>
          </maml:Description>
          <dev:type>
            <maml:name>SwitchParameter</maml:name>
            <maml:uri />
          </dev:type>
          <dev:defaultValue>False</dev:defaultValue>
        </command:parameter>
      </command:syntaxItem>
      <command:syntaxItem>
        <maml:name>Disable-AzAdvisorRecommendation</maml:name>
        <command:parameter required="true" variableLength="true" globbing="false" pipelineInput="False" position="0" aliases="none">
          <maml:name>ResourceId</maml:name>
          <maml:Description>
            <maml:para>Id of the recommendation to be suppressed.</maml:para>
          </maml:Description>
          <command:parameterValue required="true" variableLength="false">String</command:parameterValue>
          <dev:type>
            <maml:name>String</maml:name>
            <maml:uri />
          </dev:type>
          <dev:defaultValue>None</dev:defaultValue>
        </command:parameter>
        <command:parameter required="false" variableLength="true" globbing="false" pipelineInput="False" position="1" aliases="none">
          <maml:name>Days</maml:name>
          <maml:Description>
            <maml:para>Days to disable.</maml:para>
          </maml:Description>
          <command:parameterValue required="true" variableLength="false">Int32</command:parameterValue>
          <dev:type>
            <maml:name>Int32</maml:name>
            <maml:uri />
          </dev:type>
          <dev:defaultValue>None</dev:defaultValue>
        </command:parameter>
        <command:parameter required="false" variableLength="true" globbing="false" pipelineInput="False" position="named" aliases="cf">
          <maml:name>Confirm</maml:name>
          <maml:Description>
            <maml:para>Prompts you for confirmation before running the cmdlet.</maml:para>
          </maml:Description>
          <dev:type>
            <maml:name>SwitchParameter</maml:name>
            <maml:uri />
          </dev:type>
          <dev:defaultValue>False</dev:defaultValue>
        </command:parameter>
        <command:parameter required="false" variableLength="true" globbing="false" pipelineInput="False" position="named" aliases="AzureRmContext, AzureCredential">
          <maml:name>DefaultProfile</maml:name>
          <maml:Description>
            <maml:para>The credentials, account, tenant, and subscription used for communication with Azure.</maml:para>
          </maml:Description>
          <command:parameterValue required="true" variableLength="false">IAzureContextContainer</command:parameterValue>
          <dev:type>
            <maml:name>IAzureContextContainer</maml:name>
            <maml:uri />
          </dev:type>
          <dev:defaultValue>None</dev:defaultValue>
        </command:parameter>
        <command:parameter required="false" variableLength="true" globbing="false" pipelineInput="False" position="named" aliases="wi">
          <maml:name>WhatIf</maml:name>
          <maml:Description>
            <maml:para>Shows what would happen if the cmdlet runs. The cmdlet is not run.</maml:para>
          </maml:Description>
          <dev:type>
            <maml:name>SwitchParameter</maml:name>
            <maml:uri />
          </dev:type>
          <dev:defaultValue>False</dev:defaultValue>
        </command:parameter>
      </command:syntaxItem>
    </command:syntax>
    <command:parameters>
      <command:parameter required="false" variableLength="true" globbing="false" pipelineInput="False" position="named" aliases="cf">
        <maml:name>Confirm</maml:name>
        <maml:Description>
          <maml:para>Prompts you for confirmation before running the cmdlet.</maml:para>
        </maml:Description>
        <command:parameterValue required="false" variableLength="false">SwitchParameter</command:parameterValue>
        <dev:type>
          <maml:name>SwitchParameter</maml:name>
          <maml:uri />
        </dev:type>
        <dev:defaultValue>False</dev:defaultValue>
      </command:parameter>
      <command:parameter required="false" variableLength="true" globbing="false" pipelineInput="False" position="1" aliases="none">
        <maml:name>Days</maml:name>
        <maml:Description>
          <maml:para>Days to disable.</maml:para>
        </maml:Description>
        <command:parameterValue required="true" variableLength="false">Int32</command:parameterValue>
        <dev:type>
          <maml:name>Int32</maml:name>
          <maml:uri />
        </dev:type>
        <dev:defaultValue>None</dev:defaultValue>
      </command:parameter>
      <command:parameter required="false" variableLength="true" globbing="false" pipelineInput="False" position="named" aliases="AzureRmContext, AzureCredential">
        <maml:name>DefaultProfile</maml:name>
        <maml:Description>
          <maml:para>The credentials, account, tenant, and subscription used for communication with Azure.</maml:para>
        </maml:Description>
        <command:parameterValue required="true" variableLength="false">IAzureContextContainer</command:parameterValue>
        <dev:type>
          <maml:name>IAzureContextContainer</maml:name>
          <maml:uri />
        </dev:type>
        <dev:defaultValue>None</dev:defaultValue>
      </command:parameter>
      <command:parameter required="true" variableLength="true" globbing="false" pipelineInput="True (ByValue)" position="0" aliases="none">
        <maml:name>InputObject</maml:name>
        <maml:Description>
          <maml:para>The powershell object type PsAzureAdvisorResourceRecommendationBase returned by Get-AzAdvisorRecommendation call.</maml:para>
        </maml:Description>
        <command:parameterValue required="true" variableLength="false">PsAzureAdvisorResourceRecommendationBase</command:parameterValue>
        <dev:type>
          <maml:name>PsAzureAdvisorResourceRecommendationBase</maml:name>
          <maml:uri />
        </dev:type>
        <dev:defaultValue>None</dev:defaultValue>
      </command:parameter>
      <command:parameter required="true" variableLength="true" globbing="false" pipelineInput="False" position="0" aliases="none">
        <maml:name>RecommendationName</maml:name>
        <maml:Description>
          <maml:para>ResourceName of the recommendation</maml:para>
        </maml:Description>
        <command:parameterValue required="true" variableLength="false">String</command:parameterValue>
        <dev:type>
          <maml:name>String</maml:name>
          <maml:uri />
        </dev:type>
        <dev:defaultValue>None</dev:defaultValue>
      </command:parameter>
      <command:parameter required="true" variableLength="true" globbing="false" pipelineInput="False" position="0" aliases="none">
        <maml:name>ResourceId</maml:name>
        <maml:Description>
          <maml:para>Id of the recommendation to be suppressed.</maml:para>
        </maml:Description>
        <command:parameterValue required="true" variableLength="false">String</command:parameterValue>
        <dev:type>
          <maml:name>String</maml:name>
          <maml:uri />
        </dev:type>
        <dev:defaultValue>None</dev:defaultValue>
      </command:parameter>
      <command:parameter required="false" variableLength="true" globbing="false" pipelineInput="False" position="named" aliases="wi">
        <maml:name>WhatIf</maml:name>
        <maml:Description>
          <maml:para>Shows what would happen if the cmdlet runs. The cmdlet is not run.</maml:para>
        </maml:Description>
        <command:parameterValue required="false" variableLength="false">SwitchParameter</command:parameterValue>
        <dev:type>
          <maml:name>SwitchParameter</maml:name>
          <maml:uri />
        </dev:type>
        <dev:defaultValue>False</dev:defaultValue>
      </command:parameter>
    </command:parameters>
    <command:inputTypes>
      <command:inputType>
        <dev:type>
          <maml:name>System.String</maml:name>
        </dev:type>
        <maml:description>
          <maml:para></maml:para>
        </maml:description>
      </command:inputType>
      <command:inputType>
        <dev:type>
          <maml:name>Microsoft.Azure.Commands.Advisor.Cmdlets.Models.PsAzureAdvisorResourceRecommendationBase</maml:name>
        </dev:type>
        <maml:description>
          <maml:para></maml:para>
        </maml:description>
      </command:inputType>
    </command:inputTypes>
    <command:returnValues>
      <command:returnValue>
        <dev:type>
          <maml:name>Microsoft.Azure.Commands.Advisor.Cmdlets.Models.PsAzureAdvisorSuppressionContract</maml:name>
        </dev:type>
        <maml:description>
          <maml:para></maml:para>
        </maml:description>
      </command:returnValue>
    </command:returnValues>
    <maml:alertSet>
      <maml:alert>
        <maml:para></maml:para>
      </maml:alert>
    </maml:alertSet>
    <command:examples>
      <command:example>
        <maml:title>-------------------------- Example 1 --------------------------</maml:title>
        <dev:code>PS C:\&gt; Disable-AzAdvisorRecommendation -Name "f380a3a8-9d18-cfad-78e0-55762c72a178"

SuppressionId : d1f70547-0e72-db29-443e-c1164d5d4377
Ttl           : -1
Id            : /subscriptions/{user_subscription}/resourceGroups/{resourceGroupName}/providers/Microsoft.Cache/Redis/xyz/providers/Microsoft.Advisor/recommendations
                /{recommendation_id}/suppressions/HardCodedSupressionName
Name          : HardCodedSupressionName
Type          : Microsoft.Advisor/suppressions</dev:code>
        <dev:remarks>
          <maml:para>Create a suppression for the given recommendation name with a default-SuppressionName and default days as -1.</maml:para>
<maml:para></maml:para>
<maml:para></maml:para>
        </dev:remarks>
      </command:example>
      <command:example>
        <maml:title>-------------------------- Example 2 --------------------------</maml:title>
        <dev:code>PS C:\&gt; Disable-AzAdvisorRecommendation -ResourceId "/subscriptions/{user_subscription}/resourceGroups/{resourceGroupName}/providers/Microsoft.Cache/Redis/xyz" -Days 12

SuppressionId : 7d1f0547-0e72-db29-443e-c1164d5d4377
Ttl           : 12.00:00:00
Id            : /subscriptions/{user_subscription}/resourceGroups/{resourceGroupName}/providers/Microsoft.Cache/Redis/xyz/providers/Microsoft.Advisor/recommendations
                /{recommendation_id}/suppressions/HardCodedSupressionName
Name          : HardCodedSupressionName
Type          : Microsoft.Advisor/suppressions</dev:code>
        <dev:remarks>
          <maml:para>A suppression is created for the given recommendation-Id.</maml:para>
<maml:para></maml:para>
<maml:para></maml:para>
        </dev:remarks>
      </command:example>
      <command:example>
        <maml:title>-------------------------- Example 3 --------------------------</maml:title>
        <dev:code>PS C:\&gt;  Get-AzAdvisorRecommendation -ResourceId "/subscriptions/user_subscription/resourceGroups/{resourceGroupName}/providers/Microsoft.Cache/Redis/xyz" | Disable-A
zAdvisorRecommendation

SuppressionId : daf24e78-af2d-e8d3-9c50-fa970edc2937
Ttl           : -1
Id            : /subscriptions/{user_subscription}/resourceGroups/{resourceGroupName}/providers/Microsoft.Cache/Redis/xyz/providers/Microsoft.Advisor/recommendations
                /{recommendation_id}/suppressions/HardCodedSupressionName
Name          : HardCodedSupressionName
Type          : Microsoft.Advisor/suppressions</dev:code>
        <dev:remarks>
          <maml:para>Creating a suppression, piping from Get-AzAdvisorRecommendation to Disable-AzAdvisorRecommendation.</maml:para>
<maml:para></maml:para>
<maml:para></maml:para>
        </dev:remarks>
      </command:example>
    </command:examples>
    <command:relatedLinks>
      <maml:navigationLink>
        <maml:linkText>Online Version:</maml:linkText>
        <maml:uri>https://docs.microsoft.com/en-us/powershell/module/az.advisor/disable-azadvisorrecommendation</maml:uri>
      </maml:navigationLink>
    </command:relatedLinks>
  </command:command>
  <command:command xmlns:maml="http://schemas.microsoft.com/maml/2004/10" xmlns:command="http://schemas.microsoft.com/maml/dev/command/2004/10" xmlns:dev="http://schemas.microsoft.com/maml/dev/2004/10" xmlns:MSHelp="http://msdn.microsoft.com/mshelp">
    <command:details>
      <command:name>Enable-AzAdvisorRecommendation</command:name>
      <command:verb>Enable</command:verb>
      <command:noun>AzAdvisorRecommendation</command:noun>
      <maml:description>
        <maml:para>Enables Azure Advisor recommendation(s).</maml:para>
      </maml:description>
    </command:details>
    <maml:description>
      <maml:para>This cmdlet enables a previously suppressed recommendation. You can remove all the suppressions associated with a recommendation as well.</maml:para>
    </maml:description>
    <command:syntax>
      <command:syntaxItem>
        <maml:name>Enable-AzAdvisorRecommendation</maml:name>
        <command:parameter required="true" variableLength="true" globbing="false" pipelineInput="True (ByValue)" position="0" aliases="none">
          <maml:name>InputObject</maml:name>
          <maml:Description>
            <maml:para>The powershell object type PsAzureAdvisorResourceRecommendationBase returned by Get-AzAdvisorRecommendation call.</maml:para>
          </maml:Description>
          <command:parameterValue required="true" variableLength="false">PsAzureAdvisorResourceRecommendationBase</command:parameterValue>
          <dev:type>
            <maml:name>PsAzureAdvisorResourceRecommendationBase</maml:name>
            <maml:uri />
          </dev:type>
          <dev:defaultValue>None</dev:defaultValue>
        </command:parameter>
        <command:parameter required="false" variableLength="true" globbing="false" pipelineInput="False" position="named" aliases="cf">
          <maml:name>Confirm</maml:name>
          <maml:Description>
            <maml:para>Prompts you for confirmation before running the cmdlet.</maml:para>
          </maml:Description>
          <dev:type>
            <maml:name>SwitchParameter</maml:name>
            <maml:uri />
          </dev:type>
          <dev:defaultValue>False</dev:defaultValue>
        </command:parameter>
        <command:parameter required="false" variableLength="true" globbing="false" pipelineInput="False" position="named" aliases="AzureRmContext, AzureCredential">
          <maml:name>DefaultProfile</maml:name>
          <maml:Description>
            <maml:para>The credentials, account, tenant, and subscription used for communication with Azure.</maml:para>
          </maml:Description>
          <command:parameterValue required="true" variableLength="false">IAzureContextContainer</command:parameterValue>
          <dev:type>
            <maml:name>IAzureContextContainer</maml:name>
            <maml:uri />
          </dev:type>
          <dev:defaultValue>None</dev:defaultValue>
        </command:parameter>
        <command:parameter required="false" variableLength="true" globbing="false" pipelineInput="False" position="named" aliases="wi">
          <maml:name>WhatIf</maml:name>
          <maml:Description>
            <maml:para>Shows what would happen if the cmdlet runs. The cmdlet is not run.</maml:para>
          </maml:Description>
          <dev:type>
            <maml:name>SwitchParameter</maml:name>
            <maml:uri />
          </dev:type>
          <dev:defaultValue>False</dev:defaultValue>
        </command:parameter>
      </command:syntaxItem>
      <command:syntaxItem>
        <maml:name>Enable-AzAdvisorRecommendation</maml:name>
        <command:parameter required="true" variableLength="true" globbing="false" pipelineInput="False" position="0" aliases="none">
          <maml:name>RecommendationName</maml:name>
          <maml:Description>
            <maml:para>ResourceName of the recommendation.</maml:para>
          </maml:Description>
          <command:parameterValue required="true" variableLength="false">String</command:parameterValue>
          <dev:type>
            <maml:name>String</maml:name>
            <maml:uri />
          </dev:type>
          <dev:defaultValue>None</dev:defaultValue>
        </command:parameter>
        <command:parameter required="false" variableLength="true" globbing="false" pipelineInput="False" position="named" aliases="cf">
          <maml:name>Confirm</maml:name>
          <maml:Description>
            <maml:para>Prompts you for confirmation before running the cmdlet.</maml:para>
          </maml:Description>
          <dev:type>
            <maml:name>SwitchParameter</maml:name>
            <maml:uri />
          </dev:type>
          <dev:defaultValue>False</dev:defaultValue>
        </command:parameter>
        <command:parameter required="false" variableLength="true" globbing="false" pipelineInput="False" position="named" aliases="AzureRmContext, AzureCredential">
          <maml:name>DefaultProfile</maml:name>
          <maml:Description>
            <maml:para>The credentials, account, tenant, and subscription used for communication with Azure.</maml:para>
          </maml:Description>
          <command:parameterValue required="true" variableLength="false">IAzureContextContainer</command:parameterValue>
          <dev:type>
            <maml:name>IAzureContextContainer</maml:name>
            <maml:uri />
          </dev:type>
          <dev:defaultValue>None</dev:defaultValue>
        </command:parameter>
        <command:parameter required="false" variableLength="true" globbing="false" pipelineInput="False" position="named" aliases="wi">
          <maml:name>WhatIf</maml:name>
          <maml:Description>
            <maml:para>Shows what would happen if the cmdlet runs. The cmdlet is not run.</maml:para>
          </maml:Description>
          <dev:type>
            <maml:name>SwitchParameter</maml:name>
            <maml:uri />
          </dev:type>
          <dev:defaultValue>False</dev:defaultValue>
        </command:parameter>
      </command:syntaxItem>
      <command:syntaxItem>
        <maml:name>Enable-AzAdvisorRecommendation</maml:name>
        <command:parameter required="true" variableLength="true" globbing="false" pipelineInput="True (ByPropertyName)" position="0" aliases="none">
          <maml:name>ResourceId</maml:name>
          <maml:Description>
            <maml:para>Id of the recommendation to be suppressed.</maml:para>
          </maml:Description>
          <command:parameterValue required="true" variableLength="false">String</command:parameterValue>
          <dev:type>
            <maml:name>String</maml:name>
            <maml:uri />
          </dev:type>
          <dev:defaultValue>None</dev:defaultValue>
        </command:parameter>
        <command:parameter required="false" variableLength="true" globbing="false" pipelineInput="False" position="named" aliases="cf">
          <maml:name>Confirm</maml:name>
          <maml:Description>
            <maml:para>Prompts you for confirmation before running the cmdlet.</maml:para>
          </maml:Description>
          <dev:type>
            <maml:name>SwitchParameter</maml:name>
            <maml:uri />
          </dev:type>
          <dev:defaultValue>False</dev:defaultValue>
        </command:parameter>
        <command:parameter required="false" variableLength="true" globbing="false" pipelineInput="False" position="named" aliases="AzureRmContext, AzureCredential">
          <maml:name>DefaultProfile</maml:name>
          <maml:Description>
            <maml:para>The credentials, account, tenant, and subscription used for communication with Azure.</maml:para>
          </maml:Description>
          <command:parameterValue required="true" variableLength="false">IAzureContextContainer</command:parameterValue>
          <dev:type>
            <maml:name>IAzureContextContainer</maml:name>
            <maml:uri />
          </dev:type>
          <dev:defaultValue>None</dev:defaultValue>
        </command:parameter>
        <command:parameter required="false" variableLength="true" globbing="false" pipelineInput="False" position="named" aliases="wi">
          <maml:name>WhatIf</maml:name>
          <maml:Description>
            <maml:para>Shows what would happen if the cmdlet runs. The cmdlet is not run.</maml:para>
          </maml:Description>
          <dev:type>
            <maml:name>SwitchParameter</maml:name>
            <maml:uri />
          </dev:type>
          <dev:defaultValue>False</dev:defaultValue>
        </command:parameter>
      </command:syntaxItem>
    </command:syntax>
    <command:parameters>
      <command:parameter required="false" variableLength="true" globbing="false" pipelineInput="False" position="named" aliases="cf">
        <maml:name>Confirm</maml:name>
        <maml:Description>
          <maml:para>Prompts you for confirmation before running the cmdlet.</maml:para>
        </maml:Description>
        <command:parameterValue required="false" variableLength="false">SwitchParameter</command:parameterValue>
        <dev:type>
          <maml:name>SwitchParameter</maml:name>
          <maml:uri />
        </dev:type>
        <dev:defaultValue>False</dev:defaultValue>
      </command:parameter>
      <command:parameter required="false" variableLength="true" globbing="false" pipelineInput="False" position="named" aliases="AzureRmContext, AzureCredential">
        <maml:name>DefaultProfile</maml:name>
        <maml:Description>
          <maml:para>The credentials, account, tenant, and subscription used for communication with Azure.</maml:para>
        </maml:Description>
        <command:parameterValue required="true" variableLength="false">IAzureContextContainer</command:parameterValue>
        <dev:type>
          <maml:name>IAzureContextContainer</maml:name>
          <maml:uri />
        </dev:type>
        <dev:defaultValue>None</dev:defaultValue>
      </command:parameter>
      <command:parameter required="true" variableLength="true" globbing="false" pipelineInput="True (ByValue)" position="0" aliases="none">
        <maml:name>InputObject</maml:name>
        <maml:Description>
          <maml:para>The powershell object type PsAzureAdvisorResourceRecommendationBase returned by Get-AzAdvisorRecommendation call.</maml:para>
        </maml:Description>
        <command:parameterValue required="true" variableLength="false">PsAzureAdvisorResourceRecommendationBase</command:parameterValue>
        <dev:type>
          <maml:name>PsAzureAdvisorResourceRecommendationBase</maml:name>
          <maml:uri />
        </dev:type>
        <dev:defaultValue>None</dev:defaultValue>
      </command:parameter>
      <command:parameter required="true" variableLength="true" globbing="false" pipelineInput="False" position="0" aliases="none">
        <maml:name>RecommendationName</maml:name>
        <maml:Description>
          <maml:para>ResourceName of the recommendation.</maml:para>
        </maml:Description>
        <command:parameterValue required="true" variableLength="false">String</command:parameterValue>
        <dev:type>
          <maml:name>String</maml:name>
          <maml:uri />
        </dev:type>
        <dev:defaultValue>None</dev:defaultValue>
      </command:parameter>
      <command:parameter required="true" variableLength="true" globbing="false" pipelineInput="True (ByPropertyName)" position="0" aliases="none">
        <maml:name>ResourceId</maml:name>
        <maml:Description>
          <maml:para>Id of the recommendation to be suppressed.</maml:para>
        </maml:Description>
        <command:parameterValue required="true" variableLength="false">String</command:parameterValue>
        <dev:type>
          <maml:name>String</maml:name>
          <maml:uri />
        </dev:type>
        <dev:defaultValue>None</dev:defaultValue>
      </command:parameter>
      <command:parameter required="false" variableLength="true" globbing="false" pipelineInput="False" position="named" aliases="wi">
        <maml:name>WhatIf</maml:name>
        <maml:Description>
          <maml:para>Shows what would happen if the cmdlet runs. The cmdlet is not run.</maml:para>
        </maml:Description>
        <command:parameterValue required="false" variableLength="false">SwitchParameter</command:parameterValue>
        <dev:type>
          <maml:name>SwitchParameter</maml:name>
          <maml:uri />
        </dev:type>
        <dev:defaultValue>False</dev:defaultValue>
      </command:parameter>
    </command:parameters>
    <command:inputTypes>
      <command:inputType>
        <dev:type>
          <maml:name>System.String</maml:name>
        </dev:type>
        <maml:description>
          <maml:para></maml:para>
        </maml:description>
      </command:inputType>
      <command:inputType>
        <dev:type>
          <maml:name>Microsoft.Azure.Commands.Advisor.Cmdlets.Models.PsAzureAdvisorResourceRecommendationBase</maml:name>
        </dev:type>
        <maml:description>
          <maml:para></maml:para>
        </maml:description>
      </command:inputType>
    </command:inputTypes>
    <command:returnValues>
      <command:returnValue>
        <dev:type>
          <maml:name>Microsoft.Azure.Commands.Advisor.Cmdlets.Models.PsAzureAdvisorResourceRecommendationBase</maml:name>
        </dev:type>
        <maml:description>
          <maml:para></maml:para>
        </maml:description>
      </command:returnValue>
    </command:returnValues>
    <maml:alertSet>
      <maml:alert>
        <maml:para></maml:para>
      </maml:alert>
    </maml:alertSet>
    <command:examples>
      <command:example>
        <maml:title>-------------------------- Example 1 --------------------------</maml:title>
        <dev:code>PS C:\&gt; Enable-AzAdvisorRecommendation -ResourceId c3621337-f131-4bf4-92f2-3fb9c8cfa0d8 

ResourceId			 : subscriptions/{user_subscription}/resourceGroups/{resourceGroupName}/providers/Microsoft.Cache/Redis/xyz/providers/Microsoft.Advisor/recommendations/c3621337-f131-4bf4-92f2-3fb9c8cfa0d8
Category             : Performance
ExtendedProperties   : {}
Impact               : Medium
ImpactedField        : Microsoft.Cache/Redis
ImpactedValue        : xyz
LastUpdated          : 12/4/2018 12:06:47 AM
Metadata             : {}
RecommendationTypeId : 905a0026-8010-45b2-ab46-a92c3e4a5131
Risk                 : None
ShortDescription     : problem : Improve the performance and reliability of your Redis Cache instance
                       solution : Follow Redis cache Advisor recommendations

SuppressionIds       : {} 
Name                 : c3621337-f131-4bf4-92f2-3fb9c8cfa0d8
Type                 : Microsoft.Advisor/recommendations</dev:code>
        <dev:remarks>
          <maml:para>Removes all the suppressions for the given recommendation with name "recommendation_id".</maml:para>
<maml:para></maml:para>
<maml:para></maml:para>
        </dev:remarks>
      </command:example>
      <command:example>
        <maml:title>-------------------------- Example 2 --------------------------</maml:title>
        <dev:code>PS C:\&gt; Get-AzAdvisorRecommendation -ResourceId "/subscriptions/{user_subscription}/resourceGroups/{resourceGroupName}/providers/Microsoft.Cache/Redis/xyz" 
| Enable-AzAdvisorRecommendation

ResourceId           : subscriptions/{user_subscription}/resourceGroups/{resourceGroupName}/providers/Microsoft.Cache/Redis/xyz/providers/Microsoft.Advisor/recommendations/{recommendation_id}
Category             : Performance
ExtendedProperties   : {}
Impact               : Medium
ImpactedField        : Microsoft.Cache/Redis
ImpactedValue        : xyz
LastUpdated          : 12/4/2018 12:06:47 AM
Metadata             : {}
RecommendationTypeId : 905a0026-8010-45b2-ab46-a92c3e4a5131
Risk                 : None
ShortDescription     : problem : Improve the performance and reliability of your Redis Cache instance
                       solution : Follow Redis cache Advisor recommendations

SuppressionIds       : {} 
Name                 : {recommendation_id}
Type                 : Microsoft.Advisor/recommendations</dev:code>
        <dev:remarks>
          <maml:para>Removes all the suppressions for the given recommendation(s) passed from the pipeline.</maml:para>
<maml:para></maml:para>
<maml:para></maml:para>
        </dev:remarks>
      </command:example>
    </command:examples>
    <command:relatedLinks>
      <maml:navigationLink>
        <maml:linkText>Online Version:</maml:linkText>
        <maml:uri>https://docs.microsoft.com/en-us/powershell/module/az.advisor/enable-azadvisorrecommendation</maml:uri>
      </maml:navigationLink>
    </command:relatedLinks>
  </command:command>
  <command:command xmlns:maml="http://schemas.microsoft.com/maml/2004/10" xmlns:command="http://schemas.microsoft.com/maml/dev/command/2004/10" xmlns:dev="http://schemas.microsoft.com/maml/dev/2004/10" xmlns:MSHelp="http://msdn.microsoft.com/mshelp">
    <command:details>
      <command:name>Get-AzAdvisorConfiguration</command:name>
      <command:verb>Get</command:verb>
      <command:noun>AzAdvisorConfiguration</command:noun>
      <maml:description>
        <maml:para>Get the Azure Advisor configurations for the given subscription or resource group.</maml:para>
      </maml:description>
    </command:details>
    <maml:description>
      <maml:para>The configurations associated with a subscription have two types:</maml:para>
      <maml:para>Subscription level configuration: There can be only one configuration of this type for a subscription. LowCpuThreshold and Exclude are the only property of this type of configuration.</maml:para>
      <maml:para>ResourceGroup level configuration: There can be only one configuration for each ResourceGroup in a subscription. Exclude is the only property of this type of configuration.</maml:para>
    </maml:description>
    <command:syntax>
      <command:syntaxItem>
        <maml:name>Get-AzAdvisorConfiguration</maml:name>
        <command:parameter required="false" variableLength="true" globbing="false" pipelineInput="False" position="named" aliases="AzureRmContext, AzureCredential">
          <maml:name>DefaultProfile</maml:name>
          <maml:Description>
            <maml:para>The credentials, account, tenant, and subscription used for communication with Azure.</maml:para>
          </maml:Description>
          <command:parameterValue required="true" variableLength="false">IAzureContextContainer</command:parameterValue>
          <dev:type>
            <maml:name>IAzureContextContainer</maml:name>
            <maml:uri />
          </dev:type>
          <dev:defaultValue>None</dev:defaultValue>
        </command:parameter>
        <command:parameter required="false" variableLength="true" globbing="false" pipelineInput="False" position="named" aliases="none">
          <maml:name>ResourceGroupName</maml:name>
          <maml:Description>
            <maml:para>Resource Group name of the configuration</maml:para>
          </maml:Description>
          <command:parameterValue required="true" variableLength="false">String</command:parameterValue>
          <dev:type>
            <maml:name>String</maml:name>
            <maml:uri />
          </dev:type>
          <dev:defaultValue>None</dev:defaultValue>
        </command:parameter>
      </command:syntaxItem>
    </command:syntax>
    <command:parameters>
      <command:parameter required="false" variableLength="true" globbing="false" pipelineInput="False" position="named" aliases="AzureRmContext, AzureCredential">
        <maml:name>DefaultProfile</maml:name>
        <maml:Description>
          <maml:para>The credentials, account, tenant, and subscription used for communication with Azure.</maml:para>
        </maml:Description>
        <command:parameterValue required="true" variableLength="false">IAzureContextContainer</command:parameterValue>
        <dev:type>
          <maml:name>IAzureContextContainer</maml:name>
          <maml:uri />
        </dev:type>
        <dev:defaultValue>None</dev:defaultValue>
      </command:parameter>
      <command:parameter required="false" variableLength="true" globbing="false" pipelineInput="False" position="named" aliases="none">
        <maml:name>ResourceGroupName</maml:name>
        <maml:Description>
          <maml:para>Resource Group name of the configuration</maml:para>
        </maml:Description>
        <command:parameterValue required="true" variableLength="false">String</command:parameterValue>
        <dev:type>
          <maml:name>String</maml:name>
          <maml:uri />
        </dev:type>
        <dev:defaultValue>None</dev:defaultValue>
      </command:parameter>
    </command:parameters>
    <command:inputTypes>
      <command:inputType>
        <dev:type>
          <maml:name>None</maml:name>
        </dev:type>
        <maml:description>
          <maml:para></maml:para>
        </maml:description>
      </command:inputType>
    </command:inputTypes>
    <command:returnValues>
      <command:returnValue>
        <dev:type>
          <maml:name>Microsoft.Azure.Commands.Advisor.Cmdlets.Models.PsAzureAdvisorConfigurationData</maml:name>
        </dev:type>
        <maml:description>
          <maml:para></maml:para>
        </maml:description>
      </command:returnValue>
    </command:returnValues>
    <maml:alertSet>
      <maml:alert>
        <maml:para></maml:para>
      </maml:alert>
    </maml:alertSet>
    <command:examples>
      <command:example>
        <maml:title>-------------------------- Example 1 --------------------------</maml:title>
        <dev:code>PS C:\&gt;$data = Get-AzAdvisorConfiguration
Id         : /subscriptions/{user_subscription}/providers/Microsoft.Advisor/configurations/{user_subscription}
Name       : {user_subscription}
Properties : Microsoft.Azure.Commands.Advisor.Cmdlets.Models.PsAzureAdvisorConfigurationProperties
Type       : Microsoft.Advisor/Configurations

Id         : /subscriptions/{user_subscription}/providers/Microsoft.Advisor/configurations/{user_subscription}-{resourceGroupName}
Name       : {user_subscription}-{resourceGroupName}
Properties : Microsoft.Azure.Commands.Advisor.Cmdlets.Models.PsAzureAdvisorConfigurationProperties
Type       : Microsoft.Advisor/Configurations

PS C:\&gt;$data[0].Properties
AdditionalProperties :
Exclude              : False
LowCpuThreshold      : 20

PS C:\&gt;$data[1].Properties
AdditionalProperties :
Exclude              : True
LowCpuThreshold      : null</dev:code>
        <dev:remarks>
          <maml:para>Retrieves a list of Azure Advisor Configuration(s).</maml:para>
<maml:para></maml:para>
<maml:para></maml:para>
        </dev:remarks>
      </command:example>
    </command:examples>
    <command:relatedLinks>
      <maml:navigationLink>
        <maml:linkText>Online Version:</maml:linkText>
        <maml:uri>https://docs.microsoft.com/en-us/powershell/module/az.advisor/get-azadvisorconfiguration</maml:uri>
      </maml:navigationLink>
    </command:relatedLinks>
  </command:command>
  <command:command xmlns:maml="http://schemas.microsoft.com/maml/2004/10" xmlns:command="http://schemas.microsoft.com/maml/dev/command/2004/10" xmlns:dev="http://schemas.microsoft.com/maml/dev/2004/10" xmlns:MSHelp="http://msdn.microsoft.com/mshelp">
    <command:details>
      <command:name>Get-AzAdvisorRecommendation</command:name>
      <command:verb>Get</command:verb>
      <command:noun>AzAdvisorRecommendation</command:noun>
      <maml:description>
        <maml:para>Gets a list of Azure Advisor recommendations.</maml:para>
      </maml:description>
    </command:details>
    <maml:description>
      <maml:para>Obtains the list of Azure Advisor recommendations. Can be filtered by Category, resource-ID, name etc.</maml:para>
    </maml:description>
    <command:syntax>
      <command:syntaxItem>
        <maml:name>Get-AzAdvisorRecommendation</maml:name>
        <command:parameter required="false" variableLength="true" globbing="false" pipelineInput="False" position="named" aliases="none">
          <maml:name>Category</maml:name>
          <maml:Description>
            <maml:para>Category of the recommendation</maml:para>
          </maml:Description>
          <command:parameterValueGroup>
            <command:parameterValue required="false" command:variableLength="false">Cost</command:parameterValue>
            <command:parameterValue required="false" command:variableLength="false">HighAvailability</command:parameterValue>
            <command:parameterValue required="false" command:variableLength="false">Performance</command:parameterValue>
            <command:parameterValue required="false" command:variableLength="false">Security</command:parameterValue>
            <command:parameterValue required="false" command:variableLength="false">OperationalExcellence</command:parameterValue>
          </command:parameterValueGroup>
          <command:parameterValue required="true" variableLength="false">String</command:parameterValue>
          <dev:type>
            <maml:name>String</maml:name>
            <maml:uri />
          </dev:type>
          <dev:defaultValue>None</dev:defaultValue>
        </command:parameter>
        <command:parameter required="false" variableLength="true" globbing="false" pipelineInput="False" position="named" aliases="AzureRmContext, AzureCredential">
          <maml:name>DefaultProfile</maml:name>
          <maml:Description>
            <maml:para>The credentials, account, tenant, and subscription used for communication with Azure.</maml:para>
          </maml:Description>
          <command:parameterValue required="true" variableLength="false">IAzureContextContainer</command:parameterValue>
          <dev:type>
            <maml:name>IAzureContextContainer</maml:name>
            <maml:uri />
          </dev:type>
          <dev:defaultValue>None</dev:defaultValue>
        </command:parameter>
        <command:parameter required="false" variableLength="true" globbing="false" pipelineInput="False" position="named" aliases="none">
          <maml:name>ResourceGroupName</maml:name>
          <maml:Description>
            <maml:para>ResourceGroup name of the recommendation</maml:para>
          </maml:Description>
          <command:parameterValue required="true" variableLength="false">String</command:parameterValue>
          <dev:type>
            <maml:name>String</maml:name>
            <maml:uri />
          </dev:type>
          <dev:defaultValue>None</dev:defaultValue>
        </command:parameter>
      </command:syntaxItem>
      <command:syntaxItem>
        <maml:name>Get-AzAdvisorRecommendation</maml:name>
        <command:parameter required="true" variableLength="true" globbing="false" pipelineInput="True (ByPropertyName)" position="0" aliases="none">
          <maml:name>ResourceId</maml:name>
          <maml:Description>
            <maml:para>ResourceId of the recommendation</maml:para>
          </maml:Description>
          <command:parameterValue required="true" variableLength="false">String</command:parameterValue>
          <dev:type>
            <maml:name>String</maml:name>
            <maml:uri />
          </dev:type>
          <dev:defaultValue>None</dev:defaultValue>
        </command:parameter>
        <command:parameter required="false" variableLength="true" globbing="false" pipelineInput="False" position="named" aliases="none">
          <maml:name>Category</maml:name>
          <maml:Description>
            <maml:para>Category of the recommendation</maml:para>
          </maml:Description>
          <command:parameterValueGroup>
            <command:parameterValue required="false" command:variableLength="false">Cost</command:parameterValue>
            <command:parameterValue required="false" command:variableLength="false">HighAvailability</command:parameterValue>
            <command:parameterValue required="false" command:variableLength="false">Performance</command:parameterValue>
            <command:parameterValue required="false" command:variableLength="false">Security</command:parameterValue>
            <command:parameterValue required="false" command:variableLength="false">OperationalExcellence</command:parameterValue>
          </command:parameterValueGroup>
          <command:parameterValue required="true" variableLength="false">String</command:parameterValue>
          <dev:type>
            <maml:name>String</maml:name>
            <maml:uri />
          </dev:type>
          <dev:defaultValue>None</dev:defaultValue>
        </command:parameter>
        <command:parameter required="false" variableLength="true" globbing="false" pipelineInput="False" position="named" aliases="AzureRmContext, AzureCredential">
          <maml:name>DefaultProfile</maml:name>
          <maml:Description>
            <maml:para>The credentials, account, tenant, and subscription used for communication with Azure.</maml:para>
          </maml:Description>
          <command:parameterValue required="true" variableLength="false">IAzureContextContainer</command:parameterValue>
          <dev:type>
            <maml:name>IAzureContextContainer</maml:name>
            <maml:uri />
          </dev:type>
          <dev:defaultValue>None</dev:defaultValue>
        </command:parameter>
      </command:syntaxItem>
    </command:syntax>
    <command:parameters>
      <command:parameter required="false" variableLength="true" globbing="false" pipelineInput="False" position="named" aliases="none">
        <maml:name>Category</maml:name>
        <maml:Description>
          <maml:para>Category of the recommendation</maml:para>
        </maml:Description>
        <command:parameterValue required="true" variableLength="false">String</command:parameterValue>
        <dev:type>
          <maml:name>String</maml:name>
          <maml:uri />
        </dev:type>
        <dev:defaultValue>None</dev:defaultValue>
      </command:parameter>
      <command:parameter required="false" variableLength="true" globbing="false" pipelineInput="False" position="named" aliases="AzureRmContext, AzureCredential">
        <maml:name>DefaultProfile</maml:name>
        <maml:Description>
          <maml:para>The credentials, account, tenant, and subscription used for communication with Azure.</maml:para>
        </maml:Description>
        <command:parameterValue required="true" variableLength="false">IAzureContextContainer</command:parameterValue>
        <dev:type>
          <maml:name>IAzureContextContainer</maml:name>
          <maml:uri />
        </dev:type>
        <dev:defaultValue>None</dev:defaultValue>
      </command:parameter>
      <command:parameter required="false" variableLength="true" globbing="false" pipelineInput="False" position="named" aliases="none">
        <maml:name>ResourceGroupName</maml:name>
        <maml:Description>
          <maml:para>ResourceGroup name of the recommendation</maml:para>
        </maml:Description>
        <command:parameterValue required="true" variableLength="false">String</command:parameterValue>
        <dev:type>
          <maml:name>String</maml:name>
          <maml:uri />
        </dev:type>
        <dev:defaultValue>None</dev:defaultValue>
      </command:parameter>
      <command:parameter required="true" variableLength="true" globbing="false" pipelineInput="True (ByPropertyName)" position="0" aliases="none">
        <maml:name>ResourceId</maml:name>
        <maml:Description>
          <maml:para>ResourceId of the recommendation</maml:para>
        </maml:Description>
        <command:parameterValue required="true" variableLength="false">String</command:parameterValue>
        <dev:type>
          <maml:name>String</maml:name>
          <maml:uri />
        </dev:type>
        <dev:defaultValue>None</dev:defaultValue>
      </command:parameter>
    </command:parameters>
    <command:inputTypes>
      <command:inputType>
        <dev:type>
          <maml:name>System.String</maml:name>
        </dev:type>
        <maml:description>
          <maml:para></maml:para>
        </maml:description>
      </command:inputType>
    </command:inputTypes>
    <command:returnValues>
      <command:returnValue>
        <dev:type>
          <maml:name>Microsoft.Azure.Commands.Advisor.Cmdlets.Models.PsAzureAdvisorResourceRecommendationBase</maml:name>
        </dev:type>
        <maml:description>
          <maml:para></maml:para>
        </maml:description>
      </command:returnValue>
    </command:returnValues>
    <maml:alertSet>
      <maml:alert>
        <maml:para></maml:para>
      </maml:alert>
    </maml:alertSet>
    <command:examples>
      <command:example>
        <maml:title>-------------------------- Example 1 --------------------------</maml:title>
        <dev:code>PS C:\&gt; Get-AzAdvisorRecommendation
ResourceId                   : /subscriptions/{user_subscription}/resourceGroups/{resourceGroupName}/providers/Microsoft.Cache/Redis/xyz/providers/Microsoft.Advisor/recommen
                       dations/{recommendation-Id}
Category             : Performance
ExtendedProperties   : {}
Impact               : Medium
ImpactedField        : Microsoft.Cache/Redis
ImpactedValue        : azacache
LastUpdated          : 12/5/2018 4:45:55 PM
Metadata             : {}
RecommendationTypeId : 905a0026-8010-45b2-ab46-a92c3e4a5131
Risk                 : None
ShortDescription     : Microsoft.Azure.Commands.Advisor.Cmdlets.Models.PsRecommendationBaseShortDescription
SuppressionIds       : {}
Name                 : {recommendation-Id}
Type                 : Microsoft.Advisor/recommendations</dev:code>
        <dev:remarks>
          <maml:para>Gets the list of all recommendations.</maml:para>
<maml:para></maml:para>
<maml:para></maml:para>
        </dev:remarks>
      </command:example>
      <command:example>
        <maml:title>-------------------------- Example 2 --------------------------</maml:title>
        <dev:code>PS C:\&gt; Get-AzAdvisorRecommendation -Category Performance
ResourceId                   : /subscriptions/{user_subscription}/resourceGroups/{resourceGroupName}/providers/Microsoft.Cache/Redis/xyz/providers/Microsoft.Advisor/recommen
                       dations/{recommendation-Id}
Category             : Performance
ExtendedProperties   : {}
Impact               : Medium
ImpactedField        : Microsoft.Cache/Redis
ImpactedValue        : azacache
LastUpdated          : 12/5/2018 4:45:55 PM
Metadata             : {}
RecommendationTypeId : 905a0026-8010-45b2-ab46-a92c3e4a5131
Risk                 : None
ShortDescription     : Microsoft.Azure.Commands.Advisor.Cmdlets.Models.PsRecommendationBaseShortDescription
SuppressionIds       : {}
Name                 : {recommendation-Id}
Type                 : Microsoft.Advisor/recommendations</dev:code>
        <dev:remarks>
          <maml:para>Gets the list of all recommendations filtered by category Performance.</maml:para>
<maml:para></maml:para>
<maml:para></maml:para>
        </dev:remarks>
      </command:example>
    </command:examples>
    <command:relatedLinks>
      <maml:navigationLink>
        <maml:linkText>Online Version:</maml:linkText>
        <maml:uri>https://docs.microsoft.com/en-us/powershell/module/az.advisor/get-azadvisorrecommendation</maml:uri>
      </maml:navigationLink>
    </command:relatedLinks>
  </command:command>
  <command:command xmlns:maml="http://schemas.microsoft.com/maml/2004/10" xmlns:command="http://schemas.microsoft.com/maml/dev/command/2004/10" xmlns:dev="http://schemas.microsoft.com/maml/dev/2004/10" xmlns:MSHelp="http://msdn.microsoft.com/mshelp">
    <command:details>
      <command:name>Set-AzAdvisorConfiguration</command:name>
      <command:verb>Set</command:verb>
      <command:noun>AzAdvisorConfiguration</command:noun>
      <maml:description>
        <maml:para>Updates or creates the Azure Advisor Configuration.</maml:para>
      </maml:description>
    </command:details>
    <maml:description>
      <maml:para>Used to update the configuration of the Azure Advisor. Two types of Configuration are present: Subscription level configuration and ResourceGroup level configuration. </maml:para>
      <maml:para>Subscription level configuration: There can be only one Configuration for this type for a subscription. LowCpuThreshold and Exclude properties can be updated using this cmdlet. ResourceGroup level configuration: There can be only one configuration for each ResourceGroup. Only Exclude property can be updated using this cmdlet.</maml:para>
    </maml:description>
    <command:syntax>
      <command:syntaxItem>
        <maml:name>Set-AzAdvisorConfiguration</maml:name>
        <command:parameter required="true" variableLength="true" globbing="false" pipelineInput="False" position="0" aliases="none">
          <maml:name>LowCpuThreshold</maml:name>
          <maml:Description>
            <maml:para>Value for Low Cpu threshold.</maml:para>
          </maml:Description>
          <command:parameterValueGroup>
            <command:parameterValue required="false" command:variableLength="false">0</command:parameterValue>
            <command:parameterValue required="false" command:variableLength="false">5</command:parameterValue>
            <command:parameterValue required="false" command:variableLength="false">10</command:parameterValue>
            <command:parameterValue required="false" command:variableLength="false">15</command:parameterValue>
            <command:parameterValue required="false" command:variableLength="false">20</command:parameterValue>
          </command:parameterValueGroup>
          <command:parameterValue required="true" variableLength="false">Int32</command:parameterValue>
          <dev:type>
            <maml:name>Int32</maml:name>
            <maml:uri />
          </dev:type>
          <dev:defaultValue>None</dev:defaultValue>
        </command:parameter>
        <command:parameter required="false" variableLength="true" globbing="false" pipelineInput="True (ByValue)" position="1" aliases="none">
          <maml:name>InputObject</maml:name>
          <maml:Description>
            <maml:para>The powershell object type PsAzureAdvisorConfigurationData returned by Get-AzAdvisorConfiguration call.</maml:para>
          </maml:Description>
          <command:parameterValue required="true" variableLength="false">PsAzureAdvisorConfigurationData</command:parameterValue>
          <dev:type>
            <maml:name>PsAzureAdvisorConfigurationData</maml:name>
            <maml:uri />
          </dev:type>
          <dev:defaultValue>None</dev:defaultValue>
        </command:parameter>
        <command:parameter required="false" variableLength="true" globbing="false" pipelineInput="False" position="2" aliases="none">
          <maml:name>Exclude</maml:name>
          <maml:Description>
            <maml:para>Exclude from the recommendation generation. If not specified exclude property will be set to false.</maml:para>
          </maml:Description>
          <dev:type>
            <maml:name>SwitchParameter</maml:name>
            <maml:uri />
          </dev:type>
          <dev:defaultValue>False</dev:defaultValue>
        </command:parameter>
        <command:parameter required="false" variableLength="true" globbing="false" pipelineInput="False" position="named" aliases="cf">
          <maml:name>Confirm</maml:name>
          <maml:Description>
            <maml:para>Prompts you for confirmation before running the cmdlet.</maml:para>
          </maml:Description>
          <dev:type>
            <maml:name>SwitchParameter</maml:name>
            <maml:uri />
          </dev:type>
          <dev:defaultValue>False</dev:defaultValue>
        </command:parameter>
        <command:parameter required="false" variableLength="true" globbing="false" pipelineInput="False" position="named" aliases="AzureRmContext, AzureCredential">
          <maml:name>DefaultProfile</maml:name>
          <maml:Description>
            <maml:para>The credentials, account, tenant, and subscription used for communication with Azure.</maml:para>
          </maml:Description>
          <command:parameterValue required="true" variableLength="false">IAzureContextContainer</command:parameterValue>
          <dev:type>
            <maml:name>IAzureContextContainer</maml:name>
            <maml:uri />
          </dev:type>
          <dev:defaultValue>None</dev:defaultValue>
        </command:parameter>
        <command:parameter required="false" variableLength="true" globbing="false" pipelineInput="False" position="named" aliases="wi">
          <maml:name>WhatIf</maml:name>
          <maml:Description>
            <maml:para>Shows what would happen if the cmdlet runs. The cmdlet is not run.</maml:para>
          </maml:Description>
          <dev:type>
            <maml:name>SwitchParameter</maml:name>
            <maml:uri />
          </dev:type>
          <dev:defaultValue>False</dev:defaultValue>
        </command:parameter>
      </command:syntaxItem>
      <command:syntaxItem>
        <maml:name>Set-AzAdvisorConfiguration</maml:name>
        <command:parameter required="false" variableLength="true" globbing="false" pipelineInput="False" position="0" aliases="none">
          <maml:name>ResourceGroupName</maml:name>
          <maml:Description>
            <maml:para>Resource Group name for the configuration.</maml:para>
          </maml:Description>
          <command:parameterValue required="true" variableLength="false">String</command:parameterValue>
          <dev:type>
            <maml:name>String</maml:name>
            <maml:uri />
          </dev:type>
          <dev:defaultValue>None</dev:defaultValue>
        </command:parameter>
        <command:parameter required="false" variableLength="true" globbing="false" pipelineInput="True (ByValue)" position="1" aliases="none">
          <maml:name>InputObject</maml:name>
          <maml:Description>
            <maml:para>The powershell object type PsAzureAdvisorConfigurationData returned by Get-AzAdvisorConfiguration call.</maml:para>
          </maml:Description>
          <command:parameterValue required="true" variableLength="false">PsAzureAdvisorConfigurationData</command:parameterValue>
          <dev:type>
            <maml:name>PsAzureAdvisorConfigurationData</maml:name>
            <maml:uri />
          </dev:type>
          <dev:defaultValue>None</dev:defaultValue>
        </command:parameter>
        <command:parameter required="false" variableLength="true" globbing="false" pipelineInput="False" position="2" aliases="none">
          <maml:name>Exclude</maml:name>
          <maml:Description>
            <maml:para>Exclude from the recommendation generation. If not specified exclude property will be set to false.</maml:para>
          </maml:Description>
          <dev:type>
            <maml:name>SwitchParameter</maml:name>
            <maml:uri />
          </dev:type>
          <dev:defaultValue>False</dev:defaultValue>
        </command:parameter>
        <command:parameter required="false" variableLength="true" globbing="false" pipelineInput="False" position="named" aliases="cf">
          <maml:name>Confirm</maml:name>
          <maml:Description>
            <maml:para>Prompts you for confirmation before running the cmdlet.</maml:para>
          </maml:Description>
          <dev:type>
            <maml:name>SwitchParameter</maml:name>
            <maml:uri />
          </dev:type>
          <dev:defaultValue>False</dev:defaultValue>
        </command:parameter>
        <command:parameter required="false" variableLength="true" globbing="false" pipelineInput="False" position="named" aliases="AzureRmContext, AzureCredential">
          <maml:name>DefaultProfile</maml:name>
          <maml:Description>
            <maml:para>The credentials, account, tenant, and subscription used for communication with Azure.</maml:para>
          </maml:Description>
          <command:parameterValue required="true" variableLength="false">IAzureContextContainer</command:parameterValue>
          <dev:type>
            <maml:name>IAzureContextContainer</maml:name>
            <maml:uri />
          </dev:type>
          <dev:defaultValue>None</dev:defaultValue>
        </command:parameter>
        <command:parameter required="false" variableLength="true" globbing="false" pipelineInput="False" position="named" aliases="wi">
          <maml:name>WhatIf</maml:name>
          <maml:Description>
            <maml:para>Shows what would happen if the cmdlet runs. The cmdlet is not run.</maml:para>
          </maml:Description>
          <dev:type>
            <maml:name>SwitchParameter</maml:name>
            <maml:uri />
          </dev:type>
          <dev:defaultValue>False</dev:defaultValue>
        </command:parameter>
      </command:syntaxItem>
    </command:syntax>
    <command:parameters>
      <command:parameter required="false" variableLength="true" globbing="false" pipelineInput="False" position="named" aliases="cf">
        <maml:name>Confirm</maml:name>
        <maml:Description>
          <maml:para>Prompts you for confirmation before running the cmdlet.</maml:para>
        </maml:Description>
        <command:parameterValue required="false" variableLength="false">SwitchParameter</command:parameterValue>
        <dev:type>
          <maml:name>SwitchParameter</maml:name>
          <maml:uri />
        </dev:type>
        <dev:defaultValue>False</dev:defaultValue>
      </command:parameter>
      <command:parameter required="false" variableLength="true" globbing="false" pipelineInput="False" position="named" aliases="AzureRmContext, AzureCredential">
        <maml:name>DefaultProfile</maml:name>
        <maml:Description>
          <maml:para>The credentials, account, tenant, and subscription used for communication with Azure.</maml:para>
        </maml:Description>
        <command:parameterValue required="true" variableLength="false">IAzureContextContainer</command:parameterValue>
        <dev:type>
          <maml:name>IAzureContextContainer</maml:name>
          <maml:uri />
        </dev:type>
        <dev:defaultValue>None</dev:defaultValue>
      </command:parameter>
      <command:parameter required="false" variableLength="true" globbing="false" pipelineInput="False" position="2" aliases="none">
        <maml:name>Exclude</maml:name>
        <maml:Description>
          <maml:para>Exclude from the recommendation generation. If not specified exclude property will be set to false.</maml:para>
        </maml:Description>
        <command:parameterValue required="false" variableLength="false">SwitchParameter</command:parameterValue>
        <dev:type>
          <maml:name>SwitchParameter</maml:name>
          <maml:uri />
        </dev:type>
        <dev:defaultValue>False</dev:defaultValue>
      </command:parameter>
      <command:parameter required="false" variableLength="true" globbing="false" pipelineInput="True (ByValue)" position="1" aliases="none">
        <maml:name>InputObject</maml:name>
        <maml:Description>
          <maml:para>The powershell object type PsAzureAdvisorConfigurationData returned by Get-AzAdvisorConfiguration call.</maml:para>
        </maml:Description>
        <command:parameterValue required="true" variableLength="false">PsAzureAdvisorConfigurationData</command:parameterValue>
        <dev:type>
          <maml:name>PsAzureAdvisorConfigurationData</maml:name>
          <maml:uri />
        </dev:type>
        <dev:defaultValue>None</dev:defaultValue>
      </command:parameter>
      <command:parameter required="true" variableLength="true" globbing="false" pipelineInput="False" position="0" aliases="none">
        <maml:name>LowCpuThreshold</maml:name>
        <maml:Description>
          <maml:para>Value for Low Cpu threshold.</maml:para>
        </maml:Description>
        <command:parameterValue required="true" variableLength="false">Int32</command:parameterValue>
        <dev:type>
          <maml:name>Int32</maml:name>
          <maml:uri />
        </dev:type>
        <dev:defaultValue>None</dev:defaultValue>
      </command:parameter>
      <command:parameter required="false" variableLength="true" globbing="false" pipelineInput="False" position="0" aliases="none">
        <maml:name>ResourceGroupName</maml:name>
        <maml:Description>
          <maml:para>Resource Group name for the configuration.</maml:para>
        </maml:Description>
        <command:parameterValue required="true" variableLength="false">String</command:parameterValue>
        <dev:type>
          <maml:name>String</maml:name>
          <maml:uri />
        </dev:type>
        <dev:defaultValue>None</dev:defaultValue>
      </command:parameter>
      <command:parameter required="false" variableLength="true" globbing="false" pipelineInput="False" position="named" aliases="wi">
        <maml:name>WhatIf</maml:name>
        <maml:Description>
          <maml:para>Shows what would happen if the cmdlet runs. The cmdlet is not run.</maml:para>
        </maml:Description>
        <command:parameterValue required="false" variableLength="false">SwitchParameter</command:parameterValue>
        <dev:type>
          <maml:name>SwitchParameter</maml:name>
          <maml:uri />
        </dev:type>
        <dev:defaultValue>False</dev:defaultValue>
      </command:parameter>
    </command:parameters>
    <command:inputTypes>
      <command:inputType>
        <dev:type>
          <maml:name>Microsoft.Azure.Commands.Advisor.Cmdlets.Models.PsAzureAdvisorConfigurationData</maml:name>
        </dev:type>
        <maml:description>
          <maml:para></maml:para>
        </maml:description>
      </command:inputType>
    </command:inputTypes>
    <command:returnValues>
      <command:returnValue>
        <dev:type>
          <maml:name>Microsoft.Azure.Commands.Advisor.Cmdlets.Models.PsAzureAdvisorConfigurationData</maml:name>
        </dev:type>
        <maml:description>
          <maml:para></maml:para>
        </maml:description>
      </command:returnValue>
    </command:returnValues>
    <maml:alertSet>
      <maml:alert>
        <maml:para></maml:para>
      </maml:alert>
    </maml:alertSet>
    <command:examples>
      <command:example>
        <maml:title>-------------------------- Example 1 --------------------------</maml:title>
        <dev:code>PS C:\&gt; Set-AzAdvisorConfiguration -LowCpuThreshold 10
Id         : /subscriptions/{user_subscription}/resourceGroups/resourceGroupName1/providers/Microsoft.Advisor/configurations/{user_subscription}
Name       : {user_subscription}
Properties : additionalProperties : null
             exclude :  False
             lowCpuThreshold : 10

Type       : Microsoft.Advisor/Configurations</dev:code>
        <dev:remarks>
          <maml:para>Updates the configuration(lowCpuThreshold) for subscription level Configuration.</maml:para>
<maml:para></maml:para>
<maml:para></maml:para>
        </dev:remarks>
      </command:example>
      <command:example>
        <maml:title>-------------------------- Example 2 --------------------------</maml:title>
        <dev:code>PS C:\&gt; Set-AzAdvisorConfiguration -LowCpuThreshold 15 -Exclude 
Id         : /subscriptions/{user_subscription}/resourceGroups/resourceGroupName1/providers/Microsoft.Advisor/configurations/{user_subscription}
Name       : {user_subscription}
Properties : additionalProperties : null
             exclude :  True
             lowCpuThreshold : 15

Type       : Microsoft.Advisor/Configurations</dev:code>
        <dev:remarks>
          <maml:para>Updates the configuration(lowCpuThreshold, exclude) for subscription level Configuration and excludes from the recommendation generation.</maml:para>
<maml:para></maml:para>
<maml:para></maml:para>
        </dev:remarks>
      </command:example>
      <command:example>
        <maml:title>-------------------------- Example 3 --------------------------</maml:title>
        <dev:code>PS C:\&gt; Set-AzAdvisorConfiguration -ResourceGroupName resourceGroupName1 -Exclude

Id         : /subscriptions/{user_subscription}/resourceGroups/resourceGroupName1/providers/Microsoft.Advisor/configurations/{user_subscription}-resourceGroupName1
Name       : {user_subscription}-resourceGroupName1
Properties : additionalProperties : null
             exclude :  True
             lowCpuThreshold : null

Type       : Microsoft.Advisor/Configurations</dev:code>
        <dev:remarks>
          <maml:para>Updates the configuration(exclude) for resourceGroupName1 to be excluded in the recommendation generation.</maml:para>
<maml:para></maml:para>
<maml:para></maml:para>
        </dev:remarks>
      </command:example>
      <command:example>
        <maml:title>-------------------------- Example 4 --------------------------</maml:title>
        <dev:code>PS C:\&gt; Get-AzAdvisorConfiguration | Set-AzAdvisorConfiguration -LowCpuThreshold 20
Id         : /subscriptions/{user_subscription}/resourceGroups/resourceGroupName1/providers/Microsoft.Advisor/configurations/{user_subscription}
Name       : {user_subscription}
Properties : additionalProperties : null
             exclude :  False
             lowCpuThreshold : 20

Type       : Microsoft.Advisor/Configurations</dev:code>
        <dev:remarks>
          <maml:para>Updates the configuration for the given recommendation passed on from the pipeline.</maml:para>
<maml:para></maml:para>
<maml:para></maml:para>
        </dev:remarks>
      </command:example>
    </command:examples>
    <command:relatedLinks>
      <maml:navigationLink>
        <maml:linkText>Online Version:</maml:linkText>
        <maml:uri>https://docs.microsoft.com/en-us/powershell/module/az.advisor/set-azadvisorConfiguration</maml:uri>
      </maml:navigationLink>
    </command:relatedLinks>
  </command:command>
</helpItems>