<Objs Version="1.1.0.1" xmlns="http://schemas.microsoft.com/powershell/2004/04">
  <Obj RefId="0">
    <TN RefId="0">
      <T>Microsoft.PowerShell.Commands.PSRepositoryItemInfo</T>
      <T>System.Management.Automation.PSCustomObject</T>
      <T>System.Object</T>
    </TN>
    <MS>
      <S N="Name">Az.Aks</S>
      <S N="Version">1.1.2</S>
      <S N="Type">Module</S>
      <S N="Description">Microsoft Azure PowerShell - Azure managed Kubernetes cmdlets for Windows PowerShell and PowerShell Core._x000D__x000A__x000D__x000A_For more information on AKS, please visit the following: https://docs.microsoft.com/azure/aks/</S>
      <S N="Author">Microsoft Corporation</S>
      <S N="CompanyName">azure-sdk</S>
      <S N="Copyright">Microsoft Corporation. All rights reserved.</S>
      <DT N="PublishedDate">2020-06-23T06:17:41-04:00</DT>
      <Nil N="InstalledDate" />
      <Nil N="UpdatedDate" />
      <URI N="LicenseUri">https://aka.ms/azps-license</URI>
      <URI N="ProjectUri">https://github.com/Azure/azure-powershell</URI>
      <Nil N="IconUri" />
      <Obj N="Tags" RefId="1">
        <TN RefId="1">
          <T>System.Object[]</T>
          <T>System.Array</T>
          <T>System.Object</T>
        </TN>
        <LST>
          <S>Azure</S>
          <S>ResourceManager</S>
          <S>ARM</S>
          <S>AKS</S>
          <S>Kubernetes</S>
          <S>Container</S>
          <S>Orchestrator</S>
          <S>Containers</S>
          <S>Docker</S>
          <S>PSModule</S>
          <S>PSEdition_Core</S>
          <S>PSEdition_Desktop</S>
        </LST>
      </Obj>
      <Obj N="Includes" RefId="2">
        <TN RefId="2">
          <T>System.Collections.Hashtable</T>
          <T>System.Object</T>
        </TN>
        <DCT>
          <En>
            <S N="Key">RoleCapability</S>
            <Obj N="Value" RefId="3">
              <TNRef RefId="1" />
              <LST />
            </Obj>
          </En>
          <En>
            <S N="Key">Command</S>
            <Obj N="Value" RefId="4">
              <TNRef RefId="1" />
              <LST>
                <S>Get-AzAks</S>
                <S>New-AzAks</S>
                <S>Remove-AzAks</S>
                <S>Import-AzAksCredential</S>
                <S>Start-AzAksDashboard</S>
                <S>Stop-AzAksDashboard</S>
                <S>Set-AzAks</S>
                <S>New-AzAksNodePool</S>
                <S>Update-AzAksNodePool</S>
                <S>Remove-AzAksNodePool</S>
                <S>Get-AzAksNodePool</S>
                <S>Install-AzAksKubectl</S>
                <S>Get-AzAksVersion</S>
              </LST>
            </Obj>
          </En>
          <En>
            <S N="Key">Cmdlet</S>
            <Obj N="Value" RefId="5">
              <TNRef RefId="1" />
              <LST>
                <S>Get-AzAks</S>
                <S>New-AzAks</S>
                <S>Remove-AzAks</S>
                <S>Import-AzAksCredential</S>
                <S>Start-AzAksDashboard</S>
                <S>Stop-AzAksDashboard</S>
                <S>Set-AzAks</S>
                <S>New-AzAksNodePool</S>
                <S>Update-AzAksNodePool</S>
                <S>Remove-AzAksNodePool</S>
                <S>Get-AzAksNodePool</S>
                <S>Install-AzAksKubectl</S>
                <S>Get-AzAksVersion</S>
              </LST>
            </Obj>
          </En>
          <En>
            <S N="Key">Function</S>
            <Ref N="Value" RefId="3" />
          </En>
          <En>
            <S N="Key">Workflow</S>
            <Ref N="Value" RefId="3" />
          </En>
          <En>
            <S N="Key">DscResource</S>
            <Ref N="Value" RefId="3" />
          </En>
        </DCT>
      </Obj>
      <Nil N="PowerShellGetFormatVersion" />
      <S N="ReleaseNotes">* Replaced usage of old [AccessProfile API](https://docs.microsoft.com/rest/api/aks/managedclusters/getaccessprofile) with calls to [ListClusterAdmin](https://docs.microsoft.com/rest/api/aks/managedclusters/listclusteradmincredentials) and [ListClusterUser](https://docs.microsoft.com/rest/api/aks/managedclusters/listclusterusercredentials) APIs</S>
      <Obj N="Dependencies" RefId="6">
        <TNRef RefId="1" />
        <LST>
          <Obj RefId="7">
            <TN RefId="3">
              <T>System.Collections.Specialized.OrderedDictionary</T>
              <T>System.Object</T>
            </TN>
            <DCT>
              <En>
                <S N="Key">Name</S>
                <S N="Value">Az.Accounts</S>
              </En>
              <En>
                <S N="Key">MinimumVersion</S>
                <S N="Value">1.9.0</S>
              </En>
              <En>
                <S N="Key">CanonicalId</S>
                <S N="Value">nuget:Az.Accounts/1.9.0</S>
              </En>
            </DCT>
          </Obj>
        </LST>
      </Obj>
      <S N="RepositorySourceLocation">https://www.powershellgallery.com/api/v2</S>
      <S N="Repository">PSGallery</S>
      <S N="PackageManagementProvider">NuGet</S>
      <Obj N="AdditionalMetadata" RefId="8">
        <TN RefId="4">
          <T>System.Management.Automation.PSCustomObject</T>
          <T>System.Object</T>
        </TN>
        <MS>
          <S N="copyright">Microsoft Corporation. All rights reserved.</S>
          <S N="description">Microsoft Azure PowerShell - Azure managed Kubernetes cmdlets for Windows PowerShell and PowerShell Core._x000D__x000A__x000D__x000A_For more information on AKS, please visit the following: https://docs.microsoft.com/azure/aks/</S>
          <S N="requireLicenseAcceptance">True</S>
          <S N="releaseNotes">* Replaced usage of old [AccessProfile API](https://docs.microsoft.com/rest/api/aks/managedclusters/getaccessprofile) with calls to [ListClusterAdmin](https://docs.microsoft.com/rest/api/aks/managedclusters/listclusteradmincredentials) and [ListClusterUser](https://docs.microsoft.com/rest/api/aks/managedclusters/listclusterusercredentials) APIs</S>
          <S N="isLatestVersion">True</S>
          <S N="isAbsoluteLatestVersion">False</S>
          <S N="versionDownloadCount">285440</S>
          <S N="downloadCount">6638737</S>
          <S N="packageSize">418061</S>
          <S N="published">6/23/2020 6:17:41 AM -04:00</S>
          <S N="created">6/23/2020 6:17:41 AM -04:00</S>
          <S N="lastUpdated">7/8/2020 12:19:49 PM -04:00</S>
          <S N="tags">Azure ResourceManager ARM AKS Kubernetes Container Orchestrator Containers Docker PSModule PSEdition_Core PSEdition_Desktop PSCmdlet_Get-AzAks PSCommand_Get-AzAks PSCmdlet_New-AzAks PSCommand_New-AzAks PSCmdlet_Remove-AzAks PSCommand_Remove-AzAks PSCmdlet_Import-AzAksCredential PSCommand_Import-AzAksCredential PSCmdlet_Start-AzAksDashboard PSCommand_Start-AzAksDashboard PSCmdlet_Stop-AzAksDashboard PSCommand_Stop-AzAksDashboard PSCmdlet_Set-AzAks PSCommand_Set-AzAks PSCmdlet_New-AzAksNodePool PSCommand_New-AzAksNodePool PSCmdlet_Update-AzAksNodePool PSCommand_Update-AzAksNodePool PSCmdlet_Remove-AzAksNodePool PSCommand_Remove-AzAksNodePool PSCmdlet_Get-AzAksNodePool PSCommand_Get-AzAksNodePool PSCmdlet_Install-AzAksKubectl PSCommand_Install-AzAksKubectl PSCmdlet_Get-AzAksVersion PSCommand_Get-AzAksVersion PSIncludes_Cmdlet</S>
          <S N="developmentDependency">False</S>
          <S N="updated">2020-07-08T12:19:49Z</S>
          <S N="NormalizedVersion">1.1.2</S>
          <S N="Authors">Microsoft Corporation</S>
          <S N="IsPrerelease">false</S>
          <S N="ItemType">Module</S>
          <S N="FileList">Az.Aks.nuspec|AutoMapper.dll|Az.Aks.psd1|Az.Aks.psm1|Microsoft.Azure.Management.ContainerService.dll|Microsoft.Azure.PowerShell.Cmdlets.Aks.deps.json|Microsoft.Azure.PowerShell.Cmdlets.Aks.dll|Microsoft.Azure.PowerShell.Cmdlets.Aks.dll-Help.xml|YamlDotNet.dll</S>
          <S N="GUID">a97e0c3e-e389-46a6-b73d-2b9bd6909bdb</S>
          <S N="PowerShellVersion">5.1</S>
          <S N="DotNetFrameworkVersion">4.7.2</S>
          <S N="CompanyName">Microsoft Corporation</S>
        </MS>
      </Obj>
      <S N="InstalledLocation">/Users/crenaud/git/assembly/abx/abx-powershell/Modules/Az.Aks/1.1.2</S>
    </MS>
  </Obj>
</Objs>
