<Objs Version="1.1.0.1" xmlns="http://schemas.microsoft.com/powershell/2004/04">
  <Obj RefId="0">
    <TN RefId="0">
      <T>Microsoft.PowerShell.Commands.PSRepositoryItemInfo</T>
      <T>System.Management.Automation.PSCustomObject</T>
      <T>System.Object</T>
    </TN>
    <MS>
      <S N="Name">Az.Dns</S>
      <S N="Version">1.1.2</S>
      <S N="Type">Module</S>
      <S N="Description">Microsoft Azure PowerShell - DNS service cmdlets for Azure Resource Manager in Windows PowerShell and PowerShell Core._x000D__x000A__x000D__x000A_For more information on DNS, please visit the following: https://docs.microsoft.com/azure/dns/</S>
      <S N="Author">Microsoft Corporation</S>
      <S N="CompanyName">azure-sdk</S>
      <S N="Copyright">Microsoft Corporation. All rights reserved.</S>
      <DT N="PublishedDate">2019-12-17T02:29:32-05:00</DT>
      <Nil N="InstalledDate" />
      <Nil N="UpdatedDate" />
      <URI N="LicenseUri">https://aka.ms/azps-license</URI>
      <URI N="ProjectUri">https://github.com/Azure/azure-powershell</URI>
      <Nil N="IconUri" />
      <Obj N="Tags" RefId="1">
        <TN RefId="1">
          <T>System.Object[]</T>
          <T>System.Array</T>
          <T>System.Object</T>
        </TN>
        <LST>
          <S>Azure</S>
          <S>ResourceManager</S>
          <S>ARM</S>
          <S>DNS</S>
          <S>PSModule</S>
          <S>PSEdition_Core</S>
          <S>PSEdition_Desktop</S>
        </LST>
      </Obj>
      <Obj N="Includes" RefId="2">
        <TN RefId="2">
          <T>System.Collections.Hashtable</T>
          <T>System.Object</T>
        </TN>
        <DCT>
          <En>
            <S N="Key">RoleCapability</S>
            <Obj N="Value" RefId="3">
              <TNRef RefId="1" />
              <LST />
            </Obj>
          </En>
          <En>
            <S N="Key">Command</S>
            <Obj N="Value" RefId="4">
              <TNRef RefId="1" />
              <LST>
                <S>Get-AzDnsRecordSet</S>
                <S>New-AzDnsRecordConfig</S>
                <S>Remove-AzDnsRecordSet</S>
                <S>Set-AzDnsRecordSet</S>
                <S>Remove-AzDnsRecordConfig</S>
                <S>Add-AzDnsRecordConfig</S>
                <S>New-AzDnsRecordSet</S>
                <S>Get-AzDnsZone</S>
                <S>Remove-AzDnsZone</S>
                <S>Set-AzDnsZone</S>
                <S>New-AzDnsZone</S>
              </LST>
            </Obj>
          </En>
          <En>
            <S N="Key">Cmdlet</S>
            <Obj N="Value" RefId="5">
              <TNRef RefId="1" />
              <LST>
                <S>Get-AzDnsRecordSet</S>
                <S>New-AzDnsRecordConfig</S>
                <S>Remove-AzDnsRecordSet</S>
                <S>Set-AzDnsRecordSet</S>
                <S>Remove-AzDnsRecordConfig</S>
                <S>Add-AzDnsRecordConfig</S>
                <S>New-AzDnsRecordSet</S>
                <S>Get-AzDnsZone</S>
                <S>Remove-AzDnsZone</S>
                <S>Set-AzDnsZone</S>
                <S>New-AzDnsZone</S>
              </LST>
            </Obj>
          </En>
          <En>
            <S N="Key">Function</S>
            <Ref N="Value" RefId="3" />
          </En>
          <En>
            <S N="Key">Workflow</S>
            <Ref N="Value" RefId="3" />
          </En>
          <En>
            <S N="Key">DscResource</S>
            <Ref N="Value" RefId="3" />
          </En>
        </DCT>
      </Obj>
      <Nil N="PowerShellGetFormatVersion" />
      <S N="ReleaseNotes">* Update references in .psd1 to use relative path</S>
      <Obj N="Dependencies" RefId="6">
        <TNRef RefId="1" />
        <LST>
          <Obj RefId="7">
            <TN RefId="3">
              <T>System.Collections.Specialized.OrderedDictionary</T>
              <T>System.Object</T>
            </TN>
            <DCT>
              <En>
                <S N="Key">Name</S>
                <S N="Value">Az.Accounts</S>
              </En>
              <En>
                <S N="Key">MinimumVersion</S>
                <S N="Value">1.6.5</S>
              </En>
              <En>
                <S N="Key">CanonicalId</S>
                <S N="Value">nuget:Az.Accounts/1.6.5</S>
              </En>
            </DCT>
          </Obj>
        </LST>
      </Obj>
      <S N="RepositorySourceLocation">https://www.powershellgallery.com/api/v2</S>
      <S N="Repository">PSGallery</S>
      <S N="PackageManagementProvider">NuGet</S>
      <Obj N="AdditionalMetadata" RefId="8">
        <TN RefId="4">
          <T>System.Management.Automation.PSCustomObject</T>
          <T>System.Object</T>
        </TN>
        <MS>
          <S N="copyright">Microsoft Corporation. All rights reserved.</S>
          <S N="description">Microsoft Azure PowerShell - DNS service cmdlets for Azure Resource Manager in Windows PowerShell and PowerShell Core._x000D__x000A__x000D__x000A_For more information on DNS, please visit the following: https://docs.microsoft.com/azure/dns/</S>
          <S N="requireLicenseAcceptance">True</S>
          <S N="releaseNotes">* Update references in .psd1 to use relative path</S>
          <S N="isLatestVersion">True</S>
          <S N="isAbsoluteLatestVersion">False</S>
          <S N="versionDownloadCount">3117633</S>
          <S N="downloadCount">6352332</S>
          <S N="packageSize">124347</S>
          <S N="published">12/17/2019 2:29:32 AM -05:00</S>
          <S N="created">12/17/2019 2:29:32 AM -05:00</S>
          <S N="lastUpdated">7/8/2020 12:20:03 PM -04:00</S>
          <S N="tags">Azure ResourceManager ARM DNS PSModule PSEdition_Core PSEdition_Desktop PSCmdlet_Get-AzDnsRecordSet PSCommand_Get-AzDnsRecordSet PSCmdlet_New-AzDnsRecordConfig PSCommand_New-AzDnsRecordConfig PSCmdlet_Remove-AzDnsRecordSet PSCommand_Remove-AzDnsRecordSet PSCmdlet_Set-AzDnsRecordSet PSCommand_Set-AzDnsRecordSet PSCmdlet_Remove-AzDnsRecordConfig PSCommand_Remove-AzDnsRecordConfig PSCmdlet_Add-AzDnsRecordConfig PSCommand_Add-AzDnsRecordConfig PSCmdlet_New-AzDnsRecordSet PSCommand_New-AzDnsRecordSet PSCmdlet_Get-AzDnsZone PSCommand_Get-AzDnsZone PSCmdlet_Remove-AzDnsZone PSCommand_Remove-AzDnsZone PSCmdlet_Set-AzDnsZone PSCommand_Set-AzDnsZone PSCmdlet_New-AzDnsZone PSCommand_New-AzDnsZone PSIncludes_Cmdlet</S>
          <S N="developmentDependency">False</S>
          <S N="updated">2020-07-08T12:20:03Z</S>
          <S N="NormalizedVersion">1.1.2</S>
          <S N="Authors">Microsoft Corporation</S>
          <S N="IsPrerelease">false</S>
          <S N="ItemType">Module</S>
          <S N="FileList">Az.Dns.nuspec|Az.Dns.psd1|Az.Dns.psm1|Microsoft.Azure.Management.Dns.dll|Microsoft.Azure.PowerShell.Cmdlets.Dns.deps.json|Microsoft.Azure.PowerShell.Cmdlets.Dns.dll|Microsoft.Azure.PowerShell.Cmdlets.Dns.dll-Help.xml</S>
          <S N="GUID">f9850afe-b631-4369-ab61-eca7023f2f42</S>
          <S N="PowerShellVersion">5.1</S>
          <S N="DotNetFrameworkVersion">4.7.2</S>
          <S N="CompanyName">Microsoft Corporation</S>
        </MS>
      </Obj>
      <S N="InstalledLocation">/Users/crenaud/git/assembly/abx/abx-powershell/Modules/Az.Dns/1.1.2</S>
    </MS>
  </Obj>
</Objs>
