<Objs Version="1.1.0.1" xmlns="http://schemas.microsoft.com/powershell/2004/04">
  <Obj RefId="0">
    <TN RefId="0">
      <T>Microsoft.PowerShell.Commands.PSRepositoryItemInfo</T>
      <T>System.Management.Automation.PSCustomObject</T>
      <T>System.Object</T>
    </TN>
    <MS>
      <S N="Name">Az.SignalR</S>
      <S N="Version">1.1.1</S>
      <S N="Type">Module</S>
      <S N="Description">Microsoft Azure PowerShell - Azure SignalR service commands for Windows PowerShell and PowerShell Core._x000D__x000A__x000D__x000A_For more information on SignalR, please visit the following: https://docs.microsoft.com/azure/azure-signalr/</S>
      <S N="Author">Microsoft Corporation</S>
      <S N="CompanyName">azure-sdk</S>
      <S N="Copyright">Microsoft Corporation. All rights reserved.</S>
      <DT N="PublishedDate">2019-12-17T02:31:46-05:00</DT>
      <Nil N="InstalledDate" />
      <Nil N="UpdatedDate" />
      <URI N="LicenseUri">https://aka.ms/azps-license</URI>
      <URI N="ProjectUri">https://github.com/Azure/azure-powershell</URI>
      <Nil N="IconUri" />
      <Obj N="Tags" RefId="1">
        <TN RefId="1">
          <T>System.Object[]</T>
          <T>System.Array</T>
          <T>System.Object</T>
        </TN>
        <LST>
          <S>Azure</S>
          <S>ResourceManager</S>
          <S>ARM</S>
          <S>SignalR</S>
          <S>PSModule</S>
          <S>PSEdition_Core</S>
          <S>PSEdition_Desktop</S>
        </LST>
      </Obj>
      <Obj N="Includes" RefId="2">
        <TN RefId="2">
          <T>System.Collections.Hashtable</T>
          <T>System.Object</T>
        </TN>
        <DCT>
          <En>
            <S N="Key">RoleCapability</S>
            <Obj N="Value" RefId="3">
              <TNRef RefId="1" />
              <LST />
            </Obj>
          </En>
          <En>
            <S N="Key">Command</S>
            <Obj N="Value" RefId="4">
              <TNRef RefId="1" />
              <LST>
                <S>New-AzSignalR</S>
                <S>Get-AzSignalR</S>
                <S>Get-AzSignalRKey</S>
                <S>New-AzSignalRKey</S>
                <S>Remove-AzSignalR</S>
                <S>Update-AzSignalR</S>
                <S>Test-AzSignalRName</S>
                <S>Restart-AzSignalR</S>
                <S>Get-AzSignalRUsage</S>
              </LST>
            </Obj>
          </En>
          <En>
            <S N="Key">Cmdlet</S>
            <Obj N="Value" RefId="5">
              <TNRef RefId="1" />
              <LST>
                <S>New-AzSignalR</S>
                <S>Get-AzSignalR</S>
                <S>Get-AzSignalRKey</S>
                <S>New-AzSignalRKey</S>
                <S>Remove-AzSignalR</S>
                <S>Update-AzSignalR</S>
                <S>Test-AzSignalRName</S>
                <S>Restart-AzSignalR</S>
                <S>Get-AzSignalRUsage</S>
              </LST>
            </Obj>
          </En>
          <En>
            <S N="Key">Function</S>
            <Ref N="Value" RefId="3" />
          </En>
          <En>
            <S N="Key">Workflow</S>
            <Ref N="Value" RefId="3" />
          </En>
          <En>
            <S N="Key">DscResource</S>
            <Ref N="Value" RefId="3" />
          </En>
        </DCT>
      </Obj>
      <Nil N="PowerShellGetFormatVersion" />
      <S N="ReleaseNotes">* Update references in .psd1 to use relative path</S>
      <Obj N="Dependencies" RefId="6">
        <TNRef RefId="1" />
        <LST>
          <Obj RefId="7">
            <TN RefId="3">
              <T>System.Collections.Specialized.OrderedDictionary</T>
              <T>System.Object</T>
            </TN>
            <DCT>
              <En>
                <S N="Key">Name</S>
                <S N="Value">Az.Accounts</S>
              </En>
              <En>
                <S N="Key">MinimumVersion</S>
                <S N="Value">1.6.5</S>
              </En>
              <En>
                <S N="Key">CanonicalId</S>
                <S N="Value">nuget:Az.Accounts/1.6.5</S>
              </En>
            </DCT>
          </Obj>
        </LST>
      </Obj>
      <S N="RepositorySourceLocation">https://www.powershellgallery.com/api/v2</S>
      <S N="Repository">PSGallery</S>
      <S N="PackageManagementProvider">NuGet</S>
      <Obj N="AdditionalMetadata" RefId="8">
        <TN RefId="4">
          <T>System.Management.Automation.PSCustomObject</T>
          <T>System.Object</T>
        </TN>
        <MS>
          <S N="copyright">Microsoft Corporation. All rights reserved.</S>
          <S N="description">Microsoft Azure PowerShell - Azure SignalR service commands for Windows PowerShell and PowerShell Core._x000D__x000A__x000D__x000A_For more information on SignalR, please visit the following: https://docs.microsoft.com/azure/azure-signalr/</S>
          <S N="requireLicenseAcceptance">True</S>
          <S N="releaseNotes">* Update references in .psd1 to use relative path</S>
          <S N="isLatestVersion">True</S>
          <S N="isAbsoluteLatestVersion">True</S>
          <S N="versionDownloadCount">3066193</S>
          <S N="downloadCount">6268716</S>
          <S N="packageSize">109329</S>
          <S N="published">12/17/2019 2:31:46 AM -05:00</S>
          <S N="created">12/17/2019 2:31:46 AM -05:00</S>
          <S N="lastUpdated">7/8/2020 12:19:49 PM -04:00</S>
          <S N="tags">Azure ResourceManager ARM SignalR PSModule PSEdition_Core PSEdition_Desktop PSCmdlet_New-AzSignalR PSCommand_New-AzSignalR PSCmdlet_Get-AzSignalR PSCommand_Get-AzSignalR PSCmdlet_Get-AzSignalRKey PSCommand_Get-AzSignalRKey PSCmdlet_New-AzSignalRKey PSCommand_New-AzSignalRKey PSCmdlet_Remove-AzSignalR PSCommand_Remove-AzSignalR PSCmdlet_Update-AzSignalR PSCommand_Update-AzSignalR PSCmdlet_Test-AzSignalRName PSCommand_Test-AzSignalRName PSCmdlet_Restart-AzSignalR PSCommand_Restart-AzSignalR PSCmdlet_Get-AzSignalRUsage PSCommand_Get-AzSignalRUsage PSIncludes_Cmdlet</S>
          <S N="developmentDependency">False</S>
          <S N="updated">2020-07-08T12:19:49Z</S>
          <S N="NormalizedVersion">1.1.1</S>
          <S N="Authors">Microsoft Corporation</S>
          <S N="IsPrerelease">false</S>
          <S N="ItemType">Module</S>
          <S N="FileList">Az.SignalR.nuspec|Az.SignalR.psd1|Az.SignalR.psm1|Microsoft.Azure.Management.SignalR.dll|Microsoft.Azure.PowerShell.Cmdlets.SignalR.deps.json|Microsoft.Azure.PowerShell.Cmdlets.SignalR.dll|Microsoft.Azure.PowerShell.Cmdlets.SignalR.dll-Help.xml|SignalR.format.ps1xml</S>
          <S N="GUID">a97e0c3e-e389-46a6-b73d-2b9bd6909bdb</S>
          <S N="PowerShellVersion">5.1</S>
          <S N="DotNetFrameworkVersion">4.7.2</S>
          <S N="CompanyName">Microsoft Corporation</S>
        </MS>
      </Obj>
      <S N="InstalledLocation">/Users/crenaud/git/assembly/abx/abx-powershell/Modules/Az.SignalR/1.1.1</S>
    </MS>
  </Obj>
</Objs>
