<Objs Version="1.1.0.1" xmlns="http://schemas.microsoft.com/powershell/2004/04">
  <Obj RefId="0">
    <TN RefId="0">
      <T>Microsoft.PowerShell.Commands.PSRepositoryItemInfo</T>
      <T>System.Management.Automation.PSCustomObject</T>
      <T>System.Object</T>
    </TN>
    <MS>
      <S N="Name">Az.PrivateDns</S>
      <S N="Version">1.0.3</S>
      <S N="Type">Module</S>
      <S N="Description">Microsoft Azure PowerShell - Private DNS service cmdlets for Azure Resource Manager in Windows PowerShell and PowerShell Core._x000D__x000A__x000D__x000A_For more information on Private DNS, please visit the following: https://docs.microsoft.com/azure/privatedns/</S>
      <S N="Author">Microsoft Corporation</S>
      <S N="CompanyName">azure-sdk</S>
      <S N="Copyright">Microsoft Corporation. All rights reserved.</S>
      <DT N="PublishedDate">2020-06-02T04:17:32-04:00</DT>
      <Nil N="InstalledDate" />
      <Nil N="UpdatedDate" />
      <URI N="LicenseUri">https://aka.ms/azps-license</URI>
      <URI N="ProjectUri">https://github.com/Azure/azure-powershell</URI>
      <Nil N="IconUri" />
      <Obj N="Tags" RefId="1">
        <TN RefId="1">
          <T>System.Object[]</T>
          <T>System.Array</T>
          <T>System.Object</T>
        </TN>
        <LST>
          <S>Azure</S>
          <S>ResourceManager</S>
          <S>ARM</S>
          <S>PrivateDNS</S>
          <S>PSModule</S>
          <S>PSEdition_Core</S>
          <S>PSEdition_Desktop</S>
        </LST>
      </Obj>
      <Obj N="Includes" RefId="2">
        <TN RefId="2">
          <T>System.Collections.Hashtable</T>
          <T>System.Object</T>
        </TN>
        <DCT>
          <En>
            <S N="Key">RoleCapability</S>
            <Obj N="Value" RefId="3">
              <TNRef RefId="1" />
              <LST />
            </Obj>
          </En>
          <En>
            <S N="Key">Command</S>
            <Obj N="Value" RefId="4">
              <TNRef RefId="1" />
              <LST>
                <S>Get-AzPrivateDnsZone</S>
                <S>Remove-AzPrivateDnsZone</S>
                <S>Set-AzPrivateDnsZone</S>
                <S>New-AzPrivateDnsZone</S>
                <S>Get-AzPrivateDnsRecordSet</S>
                <S>Remove-AzPrivateDnsRecordSet</S>
                <S>Set-AzPrivateDnsRecordSet</S>
                <S>New-AzPrivateDnsRecordSet</S>
                <S>Add-AzPrivateDnsRecordConfig</S>
                <S>Remove-AzPrivateDnsRecordConfig</S>
                <S>New-AzPrivateDnsRecordConfig</S>
                <S>Get-AzPrivateDnsVirtualNetworkLink</S>
                <S>Remove-AzPrivateDnsVirtualNetworkLink</S>
                <S>Set-AzPrivateDnsVirtualNetworkLink</S>
                <S>New-AzPrivateDnsVirtualNetworkLink</S>
              </LST>
            </Obj>
          </En>
          <En>
            <S N="Key">Cmdlet</S>
            <Obj N="Value" RefId="5">
              <TNRef RefId="1" />
              <LST>
                <S>Get-AzPrivateDnsZone</S>
                <S>Remove-AzPrivateDnsZone</S>
                <S>Set-AzPrivateDnsZone</S>
                <S>New-AzPrivateDnsZone</S>
                <S>Get-AzPrivateDnsRecordSet</S>
                <S>Remove-AzPrivateDnsRecordSet</S>
                <S>Set-AzPrivateDnsRecordSet</S>
                <S>New-AzPrivateDnsRecordSet</S>
                <S>Add-AzPrivateDnsRecordConfig</S>
                <S>Remove-AzPrivateDnsRecordConfig</S>
                <S>New-AzPrivateDnsRecordConfig</S>
                <S>Get-AzPrivateDnsVirtualNetworkLink</S>
                <S>Remove-AzPrivateDnsVirtualNetworkLink</S>
                <S>Set-AzPrivateDnsVirtualNetworkLink</S>
                <S>New-AzPrivateDnsVirtualNetworkLink</S>
              </LST>
            </Obj>
          </En>
          <En>
            <S N="Key">Function</S>
            <Ref N="Value" RefId="3" />
          </En>
          <En>
            <S N="Key">Workflow</S>
            <Ref N="Value" RefId="3" />
          </En>
          <En>
            <S N="Key">DscResource</S>
            <Ref N="Value" RefId="3" />
          </En>
        </DCT>
      </Obj>
      <Nil N="PowerShellGetFormatVersion" />
      <S N="ReleaseNotes">* Corrected verbose output string formatting for Remove-AzPrivateDnsRecordSet</S>
      <Obj N="Dependencies" RefId="6">
        <TNRef RefId="1" />
        <LST>
          <Obj RefId="7">
            <TN RefId="3">
              <T>System.Collections.Specialized.OrderedDictionary</T>
              <T>System.Object</T>
            </TN>
            <DCT>
              <En>
                <S N="Key">Name</S>
                <S N="Value">Az.Accounts</S>
              </En>
              <En>
                <S N="Key">MinimumVersion</S>
                <S N="Value">1.8.1</S>
              </En>
              <En>
                <S N="Key">CanonicalId</S>
                <S N="Value">nuget:Az.Accounts/1.8.1</S>
              </En>
            </DCT>
          </Obj>
        </LST>
      </Obj>
      <S N="RepositorySourceLocation">https://www.powershellgallery.com/api/v2</S>
      <S N="Repository">PSGallery</S>
      <S N="PackageManagementProvider">NuGet</S>
      <Obj N="AdditionalMetadata" RefId="8">
        <TN RefId="4">
          <T>System.Management.Automation.PSCustomObject</T>
          <T>System.Object</T>
        </TN>
        <MS>
          <S N="copyright">Microsoft Corporation. All rights reserved.</S>
          <S N="description">Microsoft Azure PowerShell - Private DNS service cmdlets for Azure Resource Manager in Windows PowerShell and PowerShell Core._x000D__x000A__x000D__x000A_For more information on Private DNS, please visit the following: https://docs.microsoft.com/azure/privatedns/</S>
          <S N="requireLicenseAcceptance">True</S>
          <S N="releaseNotes">* Corrected verbose output string formatting for Remove-AzPrivateDnsRecordSet</S>
          <S N="isLatestVersion">True</S>
          <S N="isAbsoluteLatestVersion">True</S>
          <S N="versionDownloadCount">576747</S>
          <S N="downloadCount">3942651</S>
          <S N="packageSize">146781</S>
          <S N="published">6/2/2020 4:17:32 AM -04:00</S>
          <S N="created">6/2/2020 4:17:32 AM -04:00</S>
          <S N="lastUpdated">7/8/2020 12:20:03 PM -04:00</S>
          <S N="tags">Azure ResourceManager ARM PrivateDNS PSModule PSEdition_Core PSEdition_Desktop PSCmdlet_Get-AzPrivateDnsZone PSCommand_Get-AzPrivateDnsZone PSCmdlet_Remove-AzPrivateDnsZone PSCommand_Remove-AzPrivateDnsZone PSCmdlet_Set-AzPrivateDnsZone PSCommand_Set-AzPrivateDnsZone PSCmdlet_New-AzPrivateDnsZone PSCommand_New-AzPrivateDnsZone PSCmdlet_Get-AzPrivateDnsRecordSet PSCommand_Get-AzPrivateDnsRecordSet PSCmdlet_Remove-AzPrivateDnsRecordSet PSCommand_Remove-AzPrivateDnsRecordSet PSCmdlet_Set-AzPrivateDnsRecordSet PSCommand_Set-AzPrivateDnsRecordSet PSCmdlet_New-AzPrivateDnsRecordSet PSCommand_New-AzPrivateDnsRecordSet PSCmdlet_Add-AzPrivateDnsRecordConfig PSCommand_Add-AzPrivateDnsRecordConfig PSCmdlet_Remove-AzPrivateDnsRecordConfig PSCommand_Remove-AzPrivateDnsRecordConfig PSCmdlet_New-AzPrivateDnsRecordConfig PSCommand_New-AzPrivateDnsRecordConfig PSCmdlet_Get-AzPrivateDnsVirtualNetworkLink PSCommand_Get-AzPrivateDnsVirtualNetworkLink PSCmdlet_Remove-AzPrivateDnsVirtualNetworkLink PSCommand_Remove-AzPrivateDnsVirtualNetworkLink PSCmdlet_Set-AzPrivateDnsVirtualNetworkLink PSCommand_Set-AzPrivateDnsVirtualNetworkLink PSCmdlet_New-AzPrivateDnsVirtualNetworkLink PSCommand_New-AzPrivateDnsVirtualNetworkLink PSIncludes_Cmdlet</S>
          <S N="developmentDependency">False</S>
          <S N="updated">2020-07-08T12:20:03Z</S>
          <S N="NormalizedVersion">1.0.3</S>
          <S N="Authors">Microsoft Corporation</S>
          <S N="IsPrerelease">false</S>
          <S N="ItemType">Module</S>
          <S N="FileList">Az.PrivateDns.nuspec|Az.PrivateDns.psd1|Az.PrivateDns.psm1|Microsoft.Azure.Management.PrivateDns.dll|Microsoft.Azure.PowerShell.Cmdlets.PrivateDns.deps.json|Microsoft.Azure.PowerShell.Cmdlets.PrivateDns.dll|Microsoft.Azure.PowerShell.Cmdlets.PrivateDns.dll-Help.xml</S>
          <S N="GUID">f9850afe-b631-4369-ab61-eca7023f2f53</S>
          <S N="PowerShellVersion">5.1</S>
          <S N="DotNetFrameworkVersion">4.7.2</S>
          <S N="CompanyName">Microsoft Corporation</S>
        </MS>
      </Obj>
      <S N="InstalledLocation">/Users/crenaud/git/assembly/abx/abx-powershell/Modules/Az.PrivateDns/1.0.3</S>
    </MS>
  </Obj>
</Objs>
