<Objs Version="1.1.0.1" xmlns="http://schemas.microsoft.com/powershell/2004/04">
  <Obj RefId="0">
    <TN RefId="0">
      <T>Microsoft.PowerShell.Commands.PSRepositoryItemInfo</T>
      <T>System.Management.Automation.PSCustomObject</T>
      <T>System.Object</T>
    </TN>
    <MS>
      <S N="Name">Az.RedisCache</S>
      <S N="Version">1.2.1</S>
      <S N="Type">Module</S>
      <S N="Description">Microsoft Azure PowerShell - Redis Cache service cmdlets for Azure Resource Manager in Windows PowerShell and PowerShell Core._x000D__x000A__x000D__x000A_For more information on Redis Cache, please visit the following: RedisCache: https://docs.microsoft.com/azure/azure-cache-for-redis/</S>
      <S N="Author">Microsoft Corporation</S>
      <S N="CompanyName">azure-sdk</S>
      <S N="Copyright">Microsoft Corporation. All rights reserved.</S>
      <DT N="PublishedDate">2019-12-17T02:31:15-05:00</DT>
      <Nil N="InstalledDate" />
      <Nil N="UpdatedDate" />
      <URI N="LicenseUri">https://aka.ms/azps-license</URI>
      <URI N="ProjectUri">https://github.com/Azure/azure-powershell</URI>
      <Nil N="IconUri" />
      <Obj N="Tags" RefId="1">
        <TN RefId="1">
          <T>System.Object[]</T>
          <T>System.Array</T>
          <T>System.Object</T>
        </TN>
        <LST>
          <S>Azure</S>
          <S>ResourceManager</S>
          <S>ARM</S>
          <S>Redis</S>
          <S>Cache</S>
          <S>PSModule</S>
          <S>PSEdition_Core</S>
          <S>PSEdition_Desktop</S>
        </LST>
      </Obj>
      <Obj N="Includes" RefId="2">
        <TN RefId="2">
          <T>System.Collections.Hashtable</T>
          <T>System.Object</T>
        </TN>
        <DCT>
          <En>
            <S N="Key">RoleCapability</S>
            <Obj N="Value" RefId="3">
              <TNRef RefId="1" />
              <LST />
            </Obj>
          </En>
          <En>
            <S N="Key">Command</S>
            <Obj N="Value" RefId="4">
              <TNRef RefId="1" />
              <LST>
                <S>Remove-AzRedisCachePatchSchedule</S>
                <S>New-AzRedisCacheScheduleEntry</S>
                <S>Get-AzRedisCachePatchSchedule</S>
                <S>New-AzRedisCachePatchSchedule</S>
                <S>Reset-AzRedisCache</S>
                <S>Export-AzRedisCache</S>
                <S>Import-AzRedisCache</S>
                <S>Remove-AzRedisCacheDiagnostic</S>
                <S>Set-AzRedisCacheDiagnostic</S>
                <S>Set-AzRedisCache</S>
                <S>New-AzRedisCacheKey</S>
                <S>Get-AzRedisCacheKey</S>
                <S>Get-AzRedisCache</S>
                <S>Remove-AzRedisCache</S>
                <S>New-AzRedisCache</S>
                <S>New-AzRedisCacheLink</S>
                <S>Remove-AzRedisCacheLink</S>
                <S>Get-AzRedisCacheLink</S>
                <S>New-AzRedisCacheFirewallRule</S>
                <S>Remove-AzRedisCacheFirewallRule</S>
                <S>Get-AzRedisCacheFirewallRule</S>
              </LST>
            </Obj>
          </En>
          <En>
            <S N="Key">Cmdlet</S>
            <Obj N="Value" RefId="5">
              <TNRef RefId="1" />
              <LST>
                <S>Remove-AzRedisCachePatchSchedule</S>
                <S>New-AzRedisCacheScheduleEntry</S>
                <S>Get-AzRedisCachePatchSchedule</S>
                <S>New-AzRedisCachePatchSchedule</S>
                <S>Reset-AzRedisCache</S>
                <S>Export-AzRedisCache</S>
                <S>Import-AzRedisCache</S>
                <S>Remove-AzRedisCacheDiagnostic</S>
                <S>Set-AzRedisCacheDiagnostic</S>
                <S>Set-AzRedisCache</S>
                <S>New-AzRedisCacheKey</S>
                <S>Get-AzRedisCacheKey</S>
                <S>Get-AzRedisCache</S>
                <S>Remove-AzRedisCache</S>
                <S>New-AzRedisCache</S>
                <S>New-AzRedisCacheLink</S>
                <S>Remove-AzRedisCacheLink</S>
                <S>Get-AzRedisCacheLink</S>
                <S>New-AzRedisCacheFirewallRule</S>
                <S>Remove-AzRedisCacheFirewallRule</S>
                <S>Get-AzRedisCacheFirewallRule</S>
              </LST>
            </Obj>
          </En>
          <En>
            <S N="Key">Function</S>
            <Ref N="Value" RefId="3" />
          </En>
          <En>
            <S N="Key">Workflow</S>
            <Ref N="Value" RefId="3" />
          </En>
          <En>
            <S N="Key">DscResource</S>
            <Ref N="Value" RefId="3" />
          </En>
        </DCT>
      </Obj>
      <Nil N="PowerShellGetFormatVersion" />
      <S N="ReleaseNotes">* Update references in .psd1 to use relative path</S>
      <Obj N="Dependencies" RefId="6">
        <TNRef RefId="1" />
        <LST>
          <Obj RefId="7">
            <TN RefId="3">
              <T>System.Collections.Specialized.OrderedDictionary</T>
              <T>System.Object</T>
            </TN>
            <DCT>
              <En>
                <S N="Key">Name</S>
                <S N="Value">Az.Accounts</S>
              </En>
              <En>
                <S N="Key">MinimumVersion</S>
                <S N="Value">1.6.5</S>
              </En>
              <En>
                <S N="Key">CanonicalId</S>
                <S N="Value">nuget:Az.Accounts/1.6.5</S>
              </En>
            </DCT>
          </Obj>
        </LST>
      </Obj>
      <S N="RepositorySourceLocation">https://www.powershellgallery.com/api/v2</S>
      <S N="Repository">PSGallery</S>
      <S N="PackageManagementProvider">NuGet</S>
      <Obj N="AdditionalMetadata" RefId="8">
        <TN RefId="4">
          <T>System.Management.Automation.PSCustomObject</T>
          <T>System.Object</T>
        </TN>
        <MS>
          <S N="copyright">Microsoft Corporation. All rights reserved.</S>
          <S N="description">Microsoft Azure PowerShell - Redis Cache service cmdlets for Azure Resource Manager in Windows PowerShell and PowerShell Core._x000D__x000A__x000D__x000A_For more information on Redis Cache, please visit the following: RedisCache: https://docs.microsoft.com/azure/azure-cache-for-redis/</S>
          <S N="requireLicenseAcceptance">True</S>
          <S N="releaseNotes">* Update references in .psd1 to use relative path</S>
          <S N="isLatestVersion">True</S>
          <S N="isAbsoluteLatestVersion">False</S>
          <S N="versionDownloadCount">3139575</S>
          <S N="downloadCount">6512924</S>
          <S N="packageSize">209244</S>
          <S N="published">12/17/2019 2:31:15 AM -05:00</S>
          <S N="created">12/17/2019 2:31:15 AM -05:00</S>
          <S N="lastUpdated">7/8/2020 12:20:03 PM -04:00</S>
          <S N="tags">Azure ResourceManager ARM Redis Cache PSModule PSEdition_Core PSEdition_Desktop PSCmdlet_Remove-AzRedisCachePatchSchedule PSCommand_Remove-AzRedisCachePatchSchedule PSCmdlet_New-AzRedisCacheScheduleEntry PSCommand_New-AzRedisCacheScheduleEntry PSCmdlet_Get-AzRedisCachePatchSchedule PSCommand_Get-AzRedisCachePatchSchedule PSCmdlet_New-AzRedisCachePatchSchedule PSCommand_New-AzRedisCachePatchSchedule PSCmdlet_Reset-AzRedisCache PSCommand_Reset-AzRedisCache PSCmdlet_Export-AzRedisCache PSCommand_Export-AzRedisCache PSCmdlet_Import-AzRedisCache PSCommand_Import-AzRedisCache PSCmdlet_Remove-AzRedisCacheDiagnostic PSCommand_Remove-AzRedisCacheDiagnostic PSCmdlet_Set-AzRedisCacheDiagnostic PSCommand_Set-AzRedisCacheDiagnostic PSCmdlet_Set-AzRedisCache PSCommand_Set-AzRedisCache PSCmdlet_New-AzRedisCacheKey PSCommand_New-AzRedisCacheKey PSCmdlet_Get-AzRedisCacheKey PSCommand_Get-AzRedisCacheKey PSCmdlet_Get-AzRedisCache PSCommand_Get-AzRedisCache PSCmdlet_Remove-AzRedisCache PSCommand_Remove-AzRedisCache PSCmdlet_New-AzRedisCache PSCommand_New-AzRedisCache PSCmdlet_New-AzRedisCacheLink PSCommand_New-AzRedisCacheLink PSCmdlet_Remove-AzRedisCacheLink PSCommand_Remove-AzRedisCacheLink PSCmdlet_Get-AzRedisCacheLink PSCommand_Get-AzRedisCacheLink PSCmdlet_New-AzRedisCacheFirewallRule PSCommand_New-AzRedisCacheFirewallRule PSCmdlet_Remove-AzRedisCacheFirewallRule PSCommand_Remove-AzRedisCacheFirewallRule PSCmdlet_Get-AzRedisCacheFirewallRule PSCommand_Get-AzRedisCacheFirewallRule PSIncludes_Cmdlet</S>
          <S N="developmentDependency">False</S>
          <S N="updated">2020-07-08T12:20:03Z</S>
          <S N="NormalizedVersion">1.2.1</S>
          <S N="Authors">Microsoft Corporation</S>
          <S N="IsPrerelease">false</S>
          <S N="ItemType">Module</S>
          <S N="FileList">Az.RedisCache.nuspec|Az.RedisCache.psd1|Az.RedisCache.psm1|Microsoft.Azure.Insights.dll|Microsoft.Azure.Management.Redis.dll|Microsoft.Azure.PowerShell.Cmdlets.RedisCache.deps.json|Microsoft.Azure.PowerShell.Cmdlets.RedisCache.dll|Microsoft.Azure.PowerShell.Cmdlets.RedisCache.dll-Help.xml|RedisCache.format.ps1xml</S>
          <S N="GUID">66466448-cfe3-4897-9956-b37a536c1603</S>
          <S N="PowerShellVersion">5.1</S>
          <S N="DotNetFrameworkVersion">4.7.2</S>
          <S N="CompanyName">Microsoft Corporation</S>
        </MS>
      </Obj>
      <S N="InstalledLocation">/Users/crenaud/git/assembly/abx/abx-powershell/Modules/Az.RedisCache/1.2.1</S>
    </MS>
  </Obj>
</Objs>
