<Objs Version="1.1.0.1" xmlns="http://schemas.microsoft.com/powershell/2004/04">
  <Obj RefId="0">
    <TN RefId="0">
      <T>Microsoft.PowerShell.Commands.PSRepositoryItemInfo</T>
      <T>System.Management.Automation.PSCustomObject</T>
      <T>System.Object</T>
    </TN>
    <MS>
      <S N="Name">Az.DataLakeStore</S>
      <S N="Version">1.2.8</S>
      <S N="Type">Module</S>
      <S N="Description">Microsoft Azure PowerShell - Azure Data Lake Store cmdlets in Windows PowerShell and PowerShell Core._x000D__x000A__x000D__x000A_For more information on Data Lake Store, please visit the following: https://docs.microsoft.com/azure/data-lake-store/</S>
      <S N="Author">Microsoft Corporation</S>
      <S N="CompanyName">azure-sdk</S>
      <S N="Copyright">Microsoft Corporation. All rights reserved.</S>
      <DT N="PublishedDate">2020-03-31T07:36:25-04:00</DT>
      <Nil N="InstalledDate" />
      <Nil N="UpdatedDate" />
      <URI N="LicenseUri">https://aka.ms/azps-license</URI>
      <URI N="ProjectUri">https://github.com/Azure/azure-powershell</URI>
      <Nil N="IconUri" />
      <Obj N="Tags" RefId="1">
        <TN RefId="1">
          <T>System.Object[]</T>
          <T>System.Array</T>
          <T>System.Object</T>
        </TN>
        <LST>
          <S>Azure</S>
          <S>ResourceManager</S>
          <S>ARM</S>
          <S>DataLake</S>
          <S>Store</S>
          <S>PSModule</S>
          <S>PSEdition_Core</S>
          <S>PSEdition_Desktop</S>
        </LST>
      </Obj>
      <Obj N="Includes" RefId="2">
        <TN RefId="2">
          <T>System.Collections.Hashtable</T>
          <T>System.Object</T>
        </TN>
        <DCT>
          <En>
            <S N="Key">RoleCapability</S>
            <Obj N="Value" RefId="3">
              <TNRef RefId="1" />
              <LST />
            </Obj>
          </En>
          <En>
            <S N="Key">Command</S>
            <Obj N="Value" RefId="4">
              <TNRef RefId="1" />
              <LST>
                <S>Get-AzDataLakeStoreTrustedIdProvider</S>
                <S>Remove-AzDataLakeStoreTrustedIdProvider</S>
                <S>Remove-AzDataLakeStoreFirewallRule</S>
                <S>Set-AzDataLakeStoreTrustedIdProvider</S>
                <S>Add-AzDataLakeStoreTrustedIdProvider</S>
                <S>Get-AzDataLakeStoreFirewallRule</S>
                <S>Set-AzDataLakeStoreFirewallRule</S>
                <S>Add-AzDataLakeStoreFirewallRule</S>
                <S>Get-AzDataLakeStoreVirtualNetworkRule</S>
                <S>Set-AzDataLakeStoreVirtualNetworkRule</S>
                <S>Add-AzDataLakeStoreVirtualNetworkRule</S>
                <S>Remove-AzDataLakeStoreVirtualNetworkRule</S>
                <S>Add-AzDataLakeStoreItemContent</S>
                <S>Enable-AzDataLakeStoreKeyVault</S>
                <S>Export-AzDataLakeStoreItem</S>
                <S>Get-AzDataLakeStoreChildItem</S>
                <S>Get-AzDataLakeStoreItem</S>
                <S>Get-AzDataLakeStoreItemAclEntry</S>
                <S>Get-AzDataLakeStoreItemContent</S>
                <S>Get-AzDataLakeStoreItemOwner</S>
                <S>Get-AzDataLakeStoreItemPermission</S>
                <S>Import-AzDataLakeStoreItem</S>
                <S>Get-AzDataLakeStoreAccount</S>
                <S>Join-AzDataLakeStoreItem</S>
                <S>Move-AzDataLakeStoreItem</S>
                <S>New-AzDataLakeStoreAccount</S>
                <S>New-AzDataLakeStoreItem</S>
                <S>Remove-AzDataLakeStoreAccount</S>
                <S>Remove-AzDataLakeStoreItem</S>
                <S>Remove-AzDataLakeStoreItemAcl</S>
                <S>Remove-AzDataLakeStoreItemAclEntry</S>
                <S>Set-AzDataLakeStoreItemAclEntry</S>
                <S>Set-AzDataLakeStoreAccount</S>
                <S>Set-AzDataLakeStoreItemAcl</S>
                <S>Set-AzDataLakeStoreItemExpiry</S>
                <S>Set-AzDataLakeStoreItemOwner</S>
                <S>Set-AzDataLakeStoreItemPermission</S>
                <S>Test-AzDataLakeStoreAccount</S>
                <S>Test-AzDataLakeStoreItem</S>
                <S>Export-AzDataLakeStoreChildItemProperty</S>
                <S>Get-AzDataLakeStoreChildItemSummary</S>
                <S>Get-AzDataLakeStoreDeletedItem</S>
                <S>Restore-AzDataLakeStoreDeletedItem</S>
              </LST>
            </Obj>
          </En>
          <En>
            <S N="Key">Cmdlet</S>
            <Obj N="Value" RefId="5">
              <TNRef RefId="1" />
              <LST>
                <S>Get-AzDataLakeStoreTrustedIdProvider</S>
                <S>Remove-AzDataLakeStoreTrustedIdProvider</S>
                <S>Remove-AzDataLakeStoreFirewallRule</S>
                <S>Set-AzDataLakeStoreTrustedIdProvider</S>
                <S>Add-AzDataLakeStoreTrustedIdProvider</S>
                <S>Get-AzDataLakeStoreFirewallRule</S>
                <S>Set-AzDataLakeStoreFirewallRule</S>
                <S>Add-AzDataLakeStoreFirewallRule</S>
                <S>Get-AzDataLakeStoreVirtualNetworkRule</S>
                <S>Set-AzDataLakeStoreVirtualNetworkRule</S>
                <S>Add-AzDataLakeStoreVirtualNetworkRule</S>
                <S>Remove-AzDataLakeStoreVirtualNetworkRule</S>
                <S>Add-AzDataLakeStoreItemContent</S>
                <S>Enable-AzDataLakeStoreKeyVault</S>
                <S>Export-AzDataLakeStoreItem</S>
                <S>Get-AzDataLakeStoreChildItem</S>
                <S>Get-AzDataLakeStoreItem</S>
                <S>Get-AzDataLakeStoreItemAclEntry</S>
                <S>Get-AzDataLakeStoreItemContent</S>
                <S>Get-AzDataLakeStoreItemOwner</S>
                <S>Get-AzDataLakeStoreItemPermission</S>
                <S>Import-AzDataLakeStoreItem</S>
                <S>Get-AzDataLakeStoreAccount</S>
                <S>Join-AzDataLakeStoreItem</S>
                <S>Move-AzDataLakeStoreItem</S>
                <S>New-AzDataLakeStoreAccount</S>
                <S>New-AzDataLakeStoreItem</S>
                <S>Remove-AzDataLakeStoreAccount</S>
                <S>Remove-AzDataLakeStoreItem</S>
                <S>Remove-AzDataLakeStoreItemAcl</S>
                <S>Remove-AzDataLakeStoreItemAclEntry</S>
                <S>Set-AzDataLakeStoreItemAclEntry</S>
                <S>Set-AzDataLakeStoreAccount</S>
                <S>Set-AzDataLakeStoreItemAcl</S>
                <S>Set-AzDataLakeStoreItemExpiry</S>
                <S>Set-AzDataLakeStoreItemOwner</S>
                <S>Set-AzDataLakeStoreItemPermission</S>
                <S>Test-AzDataLakeStoreAccount</S>
                <S>Test-AzDataLakeStoreItem</S>
                <S>Export-AzDataLakeStoreChildItemProperty</S>
                <S>Get-AzDataLakeStoreChildItemSummary</S>
                <S>Get-AzDataLakeStoreDeletedItem</S>
                <S>Restore-AzDataLakeStoreDeletedItem</S>
              </LST>
            </Obj>
          </En>
          <En>
            <S N="Key">Function</S>
            <Ref N="Value" RefId="3" />
          </En>
          <En>
            <S N="Key">Workflow</S>
            <Ref N="Value" RefId="3" />
          </En>
          <En>
            <S N="Key">DscResource</S>
            <Ref N="Value" RefId="3" />
          </En>
        </DCT>
      </Obj>
      <Nil N="PowerShellGetFormatVersion" />
      <S N="ReleaseNotes">* Added breaking change description for 'Export-AzDataLakeStoreItem' and 'Import-AzDataLakeStoreItem'_x000D__x000A_* Added option of Byte encoding for 'New-AzDataLakeStoreItem', 'Add-AzDAtaLakeStoreItemContent', and 'Get-AzDAtaLakeStoreItemContent'</S>
      <Obj N="Dependencies" RefId="6">
        <TNRef RefId="1" />
        <LST>
          <Obj RefId="7">
            <TN RefId="3">
              <T>System.Collections.Specialized.OrderedDictionary</T>
              <T>System.Object</T>
            </TN>
            <DCT>
              <En>
                <S N="Key">Name</S>
                <S N="Value">Az.Accounts</S>
              </En>
              <En>
                <S N="Key">MinimumVersion</S>
                <S N="Value">1.7.4</S>
              </En>
              <En>
                <S N="Key">CanonicalId</S>
                <S N="Value">nuget:Az.Accounts/1.7.4</S>
              </En>
            </DCT>
          </Obj>
        </LST>
      </Obj>
      <S N="RepositorySourceLocation">https://www.powershellgallery.com/api/v2</S>
      <S N="Repository">PSGallery</S>
      <S N="PackageManagementProvider">NuGet</S>
      <Obj N="AdditionalMetadata" RefId="8">
        <TN RefId="4">
          <T>System.Management.Automation.PSCustomObject</T>
          <T>System.Object</T>
        </TN>
        <MS>
          <S N="copyright">Microsoft Corporation. All rights reserved.</S>
          <S N="description">Microsoft Azure PowerShell - Azure Data Lake Store cmdlets in Windows PowerShell and PowerShell Core._x000D__x000A__x000D__x000A_For more information on Data Lake Store, please visit the following: https://docs.microsoft.com/azure/data-lake-store/</S>
          <S N="requireLicenseAcceptance">True</S>
          <S N="releaseNotes">* Added breaking change description for 'Export-AzDataLakeStoreItem' and 'Import-AzDataLakeStoreItem'_x000D__x000A_* Added option of Byte encoding for 'New-AzDataLakeStoreItem', 'Add-AzDAtaLakeStoreItemContent', and 'Get-AzDAtaLakeStoreItemContent'</S>
          <S N="isLatestVersion">True</S>
          <S N="isAbsoluteLatestVersion">True</S>
          <S N="versionDownloadCount">1562776</S>
          <S N="downloadCount">6605397</S>
          <S N="packageSize">593912</S>
          <S N="published">3/31/2020 7:36:25 AM -04:00</S>
          <S N="created">3/31/2020 7:36:25 AM -04:00</S>
          <S N="lastUpdated">7/8/2020 12:20:03 PM -04:00</S>
          <S N="tags">Azure ResourceManager ARM DataLake Store PSModule PSEdition_Core PSEdition_Desktop PSCmdlet_Get-AzDataLakeStoreTrustedIdProvider PSCommand_Get-AzDataLakeStoreTrustedIdProvider PSCmdlet_Remove-AzDataLakeStoreTrustedIdProvider PSCommand_Remove-AzDataLakeStoreTrustedIdProvider PSCmdlet_Remove-AzDataLakeStoreFirewallRule PSCommand_Remove-AzDataLakeStoreFirewallRule PSCmdlet_Set-AzDataLakeStoreTrustedIdProvider PSCommand_Set-AzDataLakeStoreTrustedIdProvider PSCmdlet_Add-AzDataLakeStoreTrustedIdProvider PSCommand_Add-AzDataLakeStoreTrustedIdProvider PSCmdlet_Get-AzDataLakeStoreFirewallRule PSCommand_Get-AzDataLakeStoreFirewallRule PSCmdlet_Set-AzDataLakeStoreFirewallRule PSCommand_Set-AzDataLakeStoreFirewallRule PSCmdlet_Add-AzDataLakeStoreFirewallRule PSCommand_Add-AzDataLakeStoreFirewallRule PSCmdlet_Get-AzDataLakeStoreVirtualNetworkRule PSCommand_Get-AzDataLakeStoreVirtualNetworkRule PSCmdlet_Set-AzDataLakeStoreVirtualNetworkRule PSCommand_Set-AzDataLakeStoreVirtualNetworkRule PSCmdlet_Add-AzDataLakeStoreVirtualNetworkRule PSCommand_Add-AzDataLakeStoreVirtualNetworkRule PSCmdlet_Remove-AzDataLakeStoreVirtualNetworkRule PSCommand_Remove-AzDataLakeStoreVirtualNetworkRule PSCmdlet_Add-AzDataLakeStoreItemContent PSCommand_Add-AzDataLakeStoreItemContent PSCmdlet_Enable-AzDataLakeStoreKeyVault PSCommand_Enable-AzDataLakeStoreKeyVault PSCmdlet_Export-AzDataLakeStoreItem PSCommand_Export-AzDataLakeStoreItem PSCmdlet_Get-AzDataLakeStoreChildItem PSCommand_Get-AzDataLakeStoreChildItem PSCmdlet_Get-AzDataLakeStoreItem PSCommand_Get-AzDataLakeStoreItem PSCmdlet_Get-AzDataLakeStoreItemAclEntry PSCommand_Get-AzDataLakeStoreItemAclEntry PSCmdlet_Get-AzDataLakeStoreItemContent PSCommand_Get-AzDataLakeStoreItemContent PSCmdlet_Get-AzDataLakeStoreItemOwner PSCommand_Get-AzDataLakeStoreItemOwner PSCmdlet_Get-AzDataLakeStoreItemPermission PSCommand_Get-AzDataLakeStoreItemPermission PSCmdlet_Import-AzDataLakeStoreItem PSCommand_Import-AzDataLakeStoreItem PSCmdlet_Get-AzDataLakeStoreAccount PSCommand_Get-AzDataLakeStoreAccount PSCmdlet_Join-AzDataLakeStoreItem PSCommand_Join-AzDataLakeStoreItem PSCmdlet_Move-AzDataLakeStoreItem PSCommand_Move-AzDataLakeStoreItem PSCmdlet_New-AzDataLakeStoreAccount PSCommand_New-AzDataLakeStoreAccount PSCmdlet_New-AzDataLakeStoreItem PSCommand_New-AzDataLakeStoreItem PSCmdlet_Remove-AzDataLakeStoreAccount PSCommand_Remove-AzDataLakeStoreAccount PSCmdlet_Remove-AzDataLakeStoreItem PSCommand_Remove-AzDataLakeStoreItem PSCmdlet_Remove-AzDataLakeStoreItemAcl PSCommand_Remove-AzDataLakeStoreItemAcl PSCmdlet_Remove-AzDataLakeStoreItemAclEntry PSCommand_Remove-AzDataLakeStoreItemAclEntry PSCmdlet_Set-AzDataLakeStoreItemAclEntry PSCommand_Set-AzDataLakeStoreItemAclEntry PSCmdlet_Set-AzDataLakeStoreAccount PSCommand_Set-AzDataLakeStoreAccount PSCmdlet_Set-AzDataLakeStoreItemAcl PSCommand_Set-AzDataLakeStoreItemAcl PSCmdlet_Set-AzDataLakeStoreItemExpiry PSCommand_Set-AzDataLakeStoreItemExpiry PSCmdlet_Set-AzDataLakeStoreItemOwner PSCommand_Set-AzDataLakeStoreItemOwner PSCmdlet_Set-AzDataLakeStoreItemPermission PSCommand_Set-AzDataLakeStoreItemPermission PSCmdlet_Test-AzDataLakeStoreAccount PSCommand_Test-AzDataLakeStoreAccount PSCmdlet_Test-AzDataLakeStoreItem PSCommand_Test-AzDataLakeStoreItem PSCmdlet_Export-AzDataLakeStoreChildItemProperty PSCommand_Export-AzDataLakeStoreChildItemProperty PSCmdlet_Get-AzDataLakeStoreChildItemSummary PSCommand_Get-AzDataLakeStoreChildItemSummary PSCmdlet_Get-AzDataLakeStoreDeletedItem PSCommand_Get-AzDataLakeStoreDeletedItem PSCmdlet_Restore-AzDataLakeStoreDeletedItem PSCommand_Restore-AzDataLakeStoreDeletedItem PSIncludes_Cmdlet</S>
          <S N="developmentDependency">False</S>
          <S N="updated">2020-07-08T12:20:03Z</S>
          <S N="NormalizedVersion">1.2.8</S>
          <S N="Authors">Microsoft Corporation</S>
          <S N="IsPrerelease">false</S>
          <S N="ItemType">Module</S>
          <S N="FileList">Az.DataLakeStore.nuspec|Az.DataLakeStore.psd1|Az.DataLakeStore.psm1|DataLakeStore.format.ps1xml|Microsoft.Azure.DataLake.Store.dll|Microsoft.Azure.Management.DataLake.Store.dll|Microsoft.Azure.PowerShell.Cmdlets.DataLakeStore.deps.json|Microsoft.Azure.PowerShell.Cmdlets.DataLakeStore.dll|Microsoft.Azure.PowerShell.Cmdlets.DataLakeStore.dll-Help.xml|NLog.dll|System.Buffers.dll</S>
          <S N="GUID">3fabfb08-d284-44b8-a982-eaada389075e</S>
          <S N="PowerShellVersion">5.1</S>
          <S N="DotNetFrameworkVersion">4.7.2</S>
          <S N="CompanyName">Microsoft Corporation</S>
        </MS>
      </Obj>
      <S N="InstalledLocation">/Users/crenaud/git/assembly/abx/abx-powershell/Modules/Az.DataLakeStore/1.2.8</S>
    </MS>
  </Obj>
</Objs>
