<Objs Version="1.1.0.1" xmlns="http://schemas.microsoft.com/powershell/2004/04">
  <Obj RefId="0">
    <TN RefId="0">
      <T>Microsoft.PowerShell.Commands.PSRepositoryItemInfo</T>
      <T>System.Management.Automation.PSCustomObject</T>
      <T>System.Object</T>
    </TN>
    <MS>
      <S N="Name">Az.Relay</S>
      <S N="Version">1.0.3</S>
      <S N="Type">Module</S>
      <S N="Description">Microsoft Azure PowerShell - Relay service cmdlets for Azure Resource Manager in Windows PowerShell and PowerShell Core._x000D__x000A__x000D__x000A_For more information on Relay, please visit the following: https://docs.microsoft.com/azure/service-bus-relay/relay-what-is-it</S>
      <S N="Author">Microsoft Corporation</S>
      <S N="CompanyName">azure-sdk</S>
      <S N="Copyright">Microsoft Corporation. All rights reserved.</S>
      <DT N="PublishedDate">2019-12-17T02:31:19-05:00</DT>
      <Nil N="InstalledDate" />
      <Nil N="UpdatedDate" />
      <URI N="LicenseUri">https://aka.ms/azps-license</URI>
      <URI N="ProjectUri">https://github.com/Azure/azure-powershell</URI>
      <Nil N="IconUri" />
      <Obj N="Tags" RefId="1">
        <TN RefId="1">
          <T>System.Object[]</T>
          <T>System.Array</T>
          <T>System.Object</T>
        </TN>
        <LST>
          <S>Azure</S>
          <S>ResourceManager</S>
          <S>ARM</S>
          <S>Relay</S>
          <S>ServiceBus</S>
          <S>PSModule</S>
          <S>PSEdition_Core</S>
          <S>PSEdition_Desktop</S>
        </LST>
      </Obj>
      <Obj N="Includes" RefId="2">
        <TN RefId="2">
          <T>System.Collections.Hashtable</T>
          <T>System.Object</T>
        </TN>
        <DCT>
          <En>
            <S N="Key">RoleCapability</S>
            <Obj N="Value" RefId="3">
              <TNRef RefId="1" />
              <LST />
            </Obj>
          </En>
          <En>
            <S N="Key">Command</S>
            <Obj N="Value" RefId="4">
              <TNRef RefId="1" />
              <LST>
                <S>New-AzRelayNamespace</S>
                <S>Get-AzRelayNamespace</S>
                <S>Set-AzRelayNamespace</S>
                <S>Remove-AzRelayNamespace</S>
                <S>New-AzWcfRelay</S>
                <S>Get-AzWcfRelay</S>
                <S>Set-AzWcfRelay</S>
                <S>Remove-AzWcfRelay</S>
                <S>New-AzRelayHybridConnection</S>
                <S>Get-AzRelayHybridConnection</S>
                <S>Set-AzRelayHybridConnection</S>
                <S>Remove-AzRelayHybridConnection</S>
                <S>Test-AzRelayName</S>
                <S>Get-AzRelayOperation</S>
                <S>New-AzRelayKey</S>
                <S>Get-AzRelayKey</S>
                <S>New-AzRelayAuthorizationRule</S>
                <S>Get-AzRelayAuthorizationRule</S>
                <S>Set-AzRelayAuthorizationRule</S>
                <S>Remove-AzRelayAuthorizationRule</S>
              </LST>
            </Obj>
          </En>
          <En>
            <S N="Key">Cmdlet</S>
            <Obj N="Value" RefId="5">
              <TNRef RefId="1" />
              <LST>
                <S>New-AzRelayNamespace</S>
                <S>Get-AzRelayNamespace</S>
                <S>Set-AzRelayNamespace</S>
                <S>Remove-AzRelayNamespace</S>
                <S>New-AzWcfRelay</S>
                <S>Get-AzWcfRelay</S>
                <S>Set-AzWcfRelay</S>
                <S>Remove-AzWcfRelay</S>
                <S>New-AzRelayHybridConnection</S>
                <S>Get-AzRelayHybridConnection</S>
                <S>Set-AzRelayHybridConnection</S>
                <S>Remove-AzRelayHybridConnection</S>
                <S>Test-AzRelayName</S>
                <S>Get-AzRelayOperation</S>
                <S>New-AzRelayKey</S>
                <S>Get-AzRelayKey</S>
                <S>New-AzRelayAuthorizationRule</S>
                <S>Get-AzRelayAuthorizationRule</S>
                <S>Set-AzRelayAuthorizationRule</S>
                <S>Remove-AzRelayAuthorizationRule</S>
              </LST>
            </Obj>
          </En>
          <En>
            <S N="Key">Function</S>
            <Ref N="Value" RefId="3" />
          </En>
          <En>
            <S N="Key">Workflow</S>
            <Ref N="Value" RefId="3" />
          </En>
          <En>
            <S N="Key">DscResource</S>
            <Ref N="Value" RefId="3" />
          </En>
        </DCT>
      </Obj>
      <Nil N="PowerShellGetFormatVersion" />
      <S N="ReleaseNotes">* Update references in .psd1 to use relative path</S>
      <Obj N="Dependencies" RefId="6">
        <TNRef RefId="1" />
        <LST>
          <Obj RefId="7">
            <TN RefId="3">
              <T>System.Collections.Specialized.OrderedDictionary</T>
              <T>System.Object</T>
            </TN>
            <DCT>
              <En>
                <S N="Key">Name</S>
                <S N="Value">Az.Accounts</S>
              </En>
              <En>
                <S N="Key">MinimumVersion</S>
                <S N="Value">1.6.5</S>
              </En>
              <En>
                <S N="Key">CanonicalId</S>
                <S N="Value">nuget:Az.Accounts/1.6.5</S>
              </En>
            </DCT>
          </Obj>
        </LST>
      </Obj>
      <S N="RepositorySourceLocation">https://www.powershellgallery.com/api/v2</S>
      <S N="Repository">PSGallery</S>
      <S N="PackageManagementProvider">NuGet</S>
      <Obj N="AdditionalMetadata" RefId="8">
        <TN RefId="4">
          <T>System.Management.Automation.PSCustomObject</T>
          <T>System.Object</T>
        </TN>
        <MS>
          <S N="copyright">Microsoft Corporation. All rights reserved.</S>
          <S N="description">Microsoft Azure PowerShell - Relay service cmdlets for Azure Resource Manager in Windows PowerShell and PowerShell Core._x000D__x000A__x000D__x000A_For more information on Relay, please visit the following: https://docs.microsoft.com/azure/service-bus-relay/relay-what-is-it</S>
          <S N="requireLicenseAcceptance">True</S>
          <S N="releaseNotes">* Update references in .psd1 to use relative path</S>
          <S N="isLatestVersion">True</S>
          <S N="isAbsoluteLatestVersion">True</S>
          <S N="versionDownloadCount">3068867</S>
          <S N="downloadCount">6280079</S>
          <S N="packageSize">133143</S>
          <S N="published">12/17/2019 2:31:19 AM -05:00</S>
          <S N="created">12/17/2019 2:31:19 AM -05:00</S>
          <S N="lastUpdated">7/8/2020 12:20:03 PM -04:00</S>
          <S N="tags">Azure ResourceManager ARM Relay ServiceBus PSModule PSEdition_Core PSEdition_Desktop PSCmdlet_New-AzRelayNamespace PSCommand_New-AzRelayNamespace PSCmdlet_Get-AzRelayNamespace PSCommand_Get-AzRelayNamespace PSCmdlet_Set-AzRelayNamespace PSCommand_Set-AzRelayNamespace PSCmdlet_Remove-AzRelayNamespace PSCommand_Remove-AzRelayNamespace PSCmdlet_New-AzWcfRelay PSCommand_New-AzWcfRelay PSCmdlet_Get-AzWcfRelay PSCommand_Get-AzWcfRelay PSCmdlet_Set-AzWcfRelay PSCommand_Set-AzWcfRelay PSCmdlet_Remove-AzWcfRelay PSCommand_Remove-AzWcfRelay PSCmdlet_New-AzRelayHybridConnection PSCommand_New-AzRelayHybridConnection PSCmdlet_Get-AzRelayHybridConnection PSCommand_Get-AzRelayHybridConnection PSCmdlet_Set-AzRelayHybridConnection PSCommand_Set-AzRelayHybridConnection PSCmdlet_Remove-AzRelayHybridConnection PSCommand_Remove-AzRelayHybridConnection PSCmdlet_Test-AzRelayName PSCommand_Test-AzRelayName PSCmdlet_Get-AzRelayOperation PSCommand_Get-AzRelayOperation PSCmdlet_New-AzRelayKey PSCommand_New-AzRelayKey PSCmdlet_Get-AzRelayKey PSCommand_Get-AzRelayKey PSCmdlet_New-AzRelayAuthorizationRule PSCommand_New-AzRelayAuthorizationRule PSCmdlet_Get-AzRelayAuthorizationRule PSCommand_Get-AzRelayAuthorizationRule PSCmdlet_Set-AzRelayAuthorizationRule PSCommand_Set-AzRelayAuthorizationRule PSCmdlet_Remove-AzRelayAuthorizationRule PSCommand_Remove-AzRelayAuthorizationRule PSIncludes_Cmdlet</S>
          <S N="developmentDependency">False</S>
          <S N="updated">2020-07-08T12:20:03Z</S>
          <S N="NormalizedVersion">1.0.3</S>
          <S N="Authors">Microsoft Corporation</S>
          <S N="IsPrerelease">false</S>
          <S N="ItemType">Module</S>
          <S N="FileList">Az.Relay.nuspec|Az.Relay.psd1|Az.Relay.psm1|Microsoft.Azure.Management.Relay.dll|Microsoft.Azure.PowerShell.Cmdlets.Relay.deps.json|Microsoft.Azure.PowerShell.Cmdlets.Relay.dll|Microsoft.Azure.PowerShell.Cmdlets.Relay.dll-Help.xml</S>
          <S N="GUID">668e7be1-9801-496f-a7ed-25b1077d2f23</S>
          <S N="PowerShellVersion">5.1</S>
          <S N="DotNetFrameworkVersion">4.7.2</S>
          <S N="CompanyName">Microsoft Corporation</S>
        </MS>
      </Obj>
      <S N="InstalledLocation">/Users/crenaud/git/assembly/abx/abx-powershell/Modules/Az.Relay/1.0.3</S>
    </MS>
  </Obj>
</Objs>
