<Objs Version="1.1.0.1" xmlns="http://schemas.microsoft.com/powershell/2004/04">
  <Obj RefId="0">
    <TN RefId="0">
      <T>Microsoft.PowerShell.Commands.PSRepositoryItemInfo</T>
      <T>System.Management.Automation.PSCustomObject</T>
      <T>System.Object</T>
    </TN>
    <MS>
      <S N="Name">Az.DataBoxEdge</S>
      <S N="Version">1.1.0</S>
      <S N="Type">Module</S>
      <S N="Description">Microsoft Azure PowerShell - DataBoxEdge service cmdlets for Azure Resource Manager in Windows PowerShell and PowerShell Core._x000D__x000A__x000D__x000A_For more information on DataBoxEdge, please visit the following: https://docs.microsoft.com/en-us/azure/databox-online/</S>
      <S N="Author">Microsoft Corporation</S>
      <S N="CompanyName">azure-sdk</S>
      <S N="Copyright">Microsoft Corporation. All rights reserved.</S>
      <DT N="PublishedDate">2020-01-07T01:50:47-05:00</DT>
      <Nil N="InstalledDate" />
      <Nil N="UpdatedDate" />
      <URI N="LicenseUri">https://aka.ms/azps-license</URI>
      <URI N="ProjectUri">https://github.com/Azure/azure-powershell</URI>
      <Nil N="IconUri" />
      <Obj N="Tags" RefId="1">
        <TN RefId="1">
          <T>System.Object[]</T>
          <T>System.Array</T>
          <T>System.Object</T>
        </TN>
        <LST>
          <S>Azure</S>
          <S>ResourceManager</S>
          <S>ARM</S>
          <S>DataBoxEdge</S>
          <S>PSModule</S>
          <S>PSEdition_Core</S>
          <S>PSEdition_Desktop</S>
        </LST>
      </Obj>
      <Obj N="Includes" RefId="2">
        <TN RefId="2">
          <T>System.Collections.Hashtable</T>
          <T>System.Object</T>
        </TN>
        <DCT>
          <En>
            <S N="Key">RoleCapability</S>
            <Obj N="Value" RefId="3">
              <TNRef RefId="1" />
              <LST />
            </Obj>
          </En>
          <En>
            <S N="Key">Command</S>
            <Obj N="Value" RefId="4">
              <TNRef RefId="1" />
              <LST>
                <S>Get-AzDataBoxEdgeJob</S>
                <S>Get-AzDataBoxEdgeDevice</S>
                <S>Invoke-AzDataBoxEdgeDevice</S>
                <S>New-AzDataBoxEdgeDevice</S>
                <S>Remove-AzDataBoxEdgeDevice</S>
                <S>Get-AzDataBoxEdgeUser</S>
                <S>New-AzDataBoxEdgeUser</S>
                <S>Set-AzDataBoxEdgeUser</S>
                <S>Remove-AzDataBoxEdgeUser</S>
                <S>Get-AzDataBoxEdgeStorageAccountCredential</S>
                <S>New-AzDataBoxEdgeStorageAccountCredential</S>
                <S>Set-AzDataBoxEdgeStorageAccountCredential</S>
                <S>Remove-AzDataBoxEdgeStorageAccountCredential</S>
                <S>Get-AzDataBoxEdgeShare</S>
                <S>New-AzDataBoxEdgeShare</S>
                <S>Set-AzDataBoxEdgeShare</S>
                <S>Remove-AzDataBoxEdgeShare</S>
                <S>Invoke-AzDataBoxEdgeShare</S>
                <S>Get-AzDataBoxEdgeBandwidthSchedule</S>
                <S>Set-AzDataBoxEdgeBandwidthSchedule</S>
                <S>New-AzDataBoxEdgeBandwidthSchedule</S>
                <S>Remove-AzDataBoxEdgeBandwidthSchedule</S>
                <S>Get-AzDataBoxEdgeRole</S>
                <S>Set-AzDataBoxEdgeRole</S>
                <S>New-AzDataBoxEdgeRole</S>
                <S>Remove-AzDataBoxEdgeRole</S>
                <S>Get-AzDataBoxEdgeTrigger</S>
                <S>New-AzDataBoxEdgeTrigger</S>
                <S>Remove-AzDataBoxEdgeTrigger</S>
                <S>Get-AzDataBoxEdgeOrder</S>
                <S>New-AzDataBoxEdgeOrder</S>
                <S>Remove-AzDataBoxEdgeOrder</S>
                <S>Get-AzDataBoxEdgeStorageAccount</S>
                <S>New-AzDataBoxEdgeStorageAccount</S>
                <S>Remove-AzDataBoxEdgeStorageAccount</S>
                <S>Get-AzDataBoxEdgeStorageContainer</S>
                <S>New-AzDataBoxEdgeStorageContainer</S>
                <S>Remove-AzDataBoxEdgeStorageContainer</S>
                <S>Invoke-AzDataBoxEdgeStorageContainer</S>
              </LST>
            </Obj>
          </En>
          <En>
            <S N="Key">Cmdlet</S>
            <Obj N="Value" RefId="5">
              <TNRef RefId="1" />
              <LST>
                <S>Get-AzDataBoxEdgeJob</S>
                <S>Get-AzDataBoxEdgeDevice</S>
                <S>Invoke-AzDataBoxEdgeDevice</S>
                <S>New-AzDataBoxEdgeDevice</S>
                <S>Remove-AzDataBoxEdgeDevice</S>
                <S>Get-AzDataBoxEdgeUser</S>
                <S>New-AzDataBoxEdgeUser</S>
                <S>Set-AzDataBoxEdgeUser</S>
                <S>Remove-AzDataBoxEdgeUser</S>
                <S>Get-AzDataBoxEdgeStorageAccountCredential</S>
                <S>New-AzDataBoxEdgeStorageAccountCredential</S>
                <S>Set-AzDataBoxEdgeStorageAccountCredential</S>
                <S>Remove-AzDataBoxEdgeStorageAccountCredential</S>
                <S>Get-AzDataBoxEdgeShare</S>
                <S>New-AzDataBoxEdgeShare</S>
                <S>Set-AzDataBoxEdgeShare</S>
                <S>Remove-AzDataBoxEdgeShare</S>
                <S>Invoke-AzDataBoxEdgeShare</S>
                <S>Get-AzDataBoxEdgeBandwidthSchedule</S>
                <S>Set-AzDataBoxEdgeBandwidthSchedule</S>
                <S>New-AzDataBoxEdgeBandwidthSchedule</S>
                <S>Remove-AzDataBoxEdgeBandwidthSchedule</S>
                <S>Get-AzDataBoxEdgeRole</S>
                <S>Set-AzDataBoxEdgeRole</S>
                <S>New-AzDataBoxEdgeRole</S>
                <S>Remove-AzDataBoxEdgeRole</S>
                <S>Get-AzDataBoxEdgeTrigger</S>
                <S>New-AzDataBoxEdgeTrigger</S>
                <S>Remove-AzDataBoxEdgeTrigger</S>
                <S>Get-AzDataBoxEdgeOrder</S>
                <S>New-AzDataBoxEdgeOrder</S>
                <S>Remove-AzDataBoxEdgeOrder</S>
                <S>Get-AzDataBoxEdgeStorageAccount</S>
                <S>New-AzDataBoxEdgeStorageAccount</S>
                <S>Remove-AzDataBoxEdgeStorageAccount</S>
                <S>Get-AzDataBoxEdgeStorageContainer</S>
                <S>New-AzDataBoxEdgeStorageContainer</S>
                <S>Remove-AzDataBoxEdgeStorageContainer</S>
                <S>Invoke-AzDataBoxEdgeStorageContainer</S>
              </LST>
            </Obj>
          </En>
          <En>
            <S N="Key">Function</S>
            <Ref N="Value" RefId="3" />
          </En>
          <En>
            <S N="Key">Workflow</S>
            <Ref N="Value" RefId="3" />
          </En>
          <En>
            <S N="Key">DscResource</S>
            <Ref N="Value" RefId="3" />
          </En>
        </DCT>
      </Obj>
      <Nil N="PowerShellGetFormatVersion" />
      <S N="ReleaseNotes">* Added cmdlet 'Get-AzDataBoxEdgeStorageContainer'_x000D__x000A_  - Get the Edge Stroage Container_x000D__x000A_* Added cmdlet 'New-AzDataBoxEdgeStorageContainer'_x000D__x000A_  - Create new Edge Stroage Container_x000D__x000A_* Added cmdlet 'Remove-AzDataBoxEdgeStorageContainer'_x000D__x000A_  - Remove the Edge Stroage Container_x000D__x000A_* Added cmdlet 'Invoke-AzDataBoxEdgeStorageContainer'_x000D__x000A_  - Invoke action to refresh data on Edge Stroage Container_x000D__x000A_* Added cmdlet 'Get-AzDataBoxEdgeStorageAccount'_x000D__x000A_  - Get the Edge Stroage Account_x000D__x000A_* Added cmdlet 'New-AzDataBoxEdgeStorageAccount'_x000D__x000A_  - Create new Edge Stroage Account_x000D__x000A_* Added cmdlet 'Remove-AzDataBoxEdgeStorageAccount'_x000D__x000A_  - Remove the Edge Stroage Account_x000D__x000A_* Invoke cmdlet 'Invoke-AzDataBoxEdgeShare'_x000D__x000A_  - Invoke action to refresh data on share_x000D__x000A_* Added cmdlet 'Set-AzDataBoxEdgeStorageAccountCredential'_x000D__x000A_  - Set the az databoxedge storage account credential</S>
      <Obj N="Dependencies" RefId="6">
        <TNRef RefId="1" />
        <LST>
          <Obj RefId="7">
            <TN RefId="3">
              <T>System.Collections.Specialized.OrderedDictionary</T>
              <T>System.Object</T>
            </TN>
            <DCT>
              <En>
                <S N="Key">Name</S>
                <S N="Value">Az.Accounts</S>
              </En>
              <En>
                <S N="Key">MinimumVersion</S>
                <S N="Value">1.6.1</S>
              </En>
              <En>
                <S N="Key">CanonicalId</S>
                <S N="Value">nuget:Az.Accounts/1.6.1</S>
              </En>
            </DCT>
          </Obj>
        </LST>
      </Obj>
      <S N="RepositorySourceLocation">https://www.powershellgallery.com/api/v2</S>
      <S N="Repository">PSGallery</S>
      <S N="PackageManagementProvider">NuGet</S>
      <Obj N="AdditionalMetadata" RefId="8">
        <TN RefId="4">
          <T>System.Management.Automation.PSCustomObject</T>
          <T>System.Object</T>
        </TN>
        <MS>
          <S N="copyright">Microsoft Corporation. All rights reserved.</S>
          <S N="description">Microsoft Azure PowerShell - DataBoxEdge service cmdlets for Azure Resource Manager in Windows PowerShell and PowerShell Core._x000D__x000A__x000D__x000A_For more information on DataBoxEdge, please visit the following: https://docs.microsoft.com/en-us/azure/databox-online/</S>
          <S N="requireLicenseAcceptance">True</S>
          <S N="releaseNotes">* Added cmdlet 'Get-AzDataBoxEdgeStorageContainer'_x000D__x000A_  - Get the Edge Stroage Container_x000D__x000A_* Added cmdlet 'New-AzDataBoxEdgeStorageContainer'_x000D__x000A_  - Create new Edge Stroage Container_x000D__x000A_* Added cmdlet 'Remove-AzDataBoxEdgeStorageContainer'_x000D__x000A_  - Remove the Edge Stroage Container_x000D__x000A_* Added cmdlet 'Invoke-AzDataBoxEdgeStorageContainer'_x000D__x000A_  - Invoke action to refresh data on Edge Stroage Container_x000D__x000A_* Added cmdlet 'Get-AzDataBoxEdgeStorageAccount'_x000D__x000A_  - Get the Edge Stroage Account_x000D__x000A_* Added cmdlet 'New-AzDataBoxEdgeStorageAccount'_x000D__x000A_  - Create new Edge Stroage Account_x000D__x000A_* Added cmdlet 'Remove-AzDataBoxEdgeStorageAccount'_x000D__x000A_  - Remove the Edge Stroage Account_x000D__x000A_* Invoke cmdlet 'Invoke-AzDataBoxEdgeShare'_x000D__x000A_  - Invoke action to refresh data on share_x000D__x000A_* Added cmdlet 'Set-AzDataBoxEdgeStorageAccountCredential'_x000D__x000A_  - Set the az databoxedge storage account credential</S>
          <S N="isLatestVersion">True</S>
          <S N="isAbsoluteLatestVersion">True</S>
          <S N="versionDownloadCount">2779460</S>
          <S N="downloadCount">3557736</S>
          <S N="packageSize">284350</S>
          <S N="published">1/7/2020 1:50:47 AM -05:00</S>
          <S N="created">1/7/2020 1:50:47 AM -05:00</S>
          <S N="lastUpdated">7/8/2020 12:20:03 PM -04:00</S>
          <S N="tags">Azure ResourceManager ARM DataBoxEdge PSModule PSEdition_Core PSEdition_Desktop PSCmdlet_Get-AzDataBoxEdgeJob PSCommand_Get-AzDataBoxEdgeJob PSCmdlet_Get-AzDataBoxEdgeDevice PSCommand_Get-AzDataBoxEdgeDevice PSCmdlet_Invoke-AzDataBoxEdgeDevice PSCommand_Invoke-AzDataBoxEdgeDevice PSCmdlet_New-AzDataBoxEdgeDevice PSCommand_New-AzDataBoxEdgeDevice PSCmdlet_Remove-AzDataBoxEdgeDevice PSCommand_Remove-AzDataBoxEdgeDevice PSCmdlet_Get-AzDataBoxEdgeUser PSCommand_Get-AzDataBoxEdgeUser PSCmdlet_New-AzDataBoxEdgeUser PSCommand_New-AzDataBoxEdgeUser PSCmdlet_Set-AzDataBoxEdgeUser PSCommand_Set-AzDataBoxEdgeUser PSCmdlet_Remove-AzDataBoxEdgeUser PSCommand_Remove-AzDataBoxEdgeUser PSCmdlet_Get-AzDataBoxEdgeStorageAccountCredential PSCommand_Get-AzDataBoxEdgeStorageAccountCredential PSCmdlet_New-AzDataBoxEdgeStorageAccountCredential PSCommand_New-AzDataBoxEdgeStorageAccountCredential PSCmdlet_Set-AzDataBoxEdgeStorageAccountCredential PSCommand_Set-AzDataBoxEdgeStorageAccountCredential PSCmdlet_Remove-AzDataBoxEdgeStorageAccountCredential PSCommand_Remove-AzDataBoxEdgeStorageAccountCredential PSCmdlet_Get-AzDataBoxEdgeShare PSCommand_Get-AzDataBoxEdgeShare PSCmdlet_New-AzDataBoxEdgeShare PSCommand_New-AzDataBoxEdgeShare PSCmdlet_Set-AzDataBoxEdgeShare PSCommand_Set-AzDataBoxEdgeShare PSCmdlet_Remove-AzDataBoxEdgeShare PSCommand_Remove-AzDataBoxEdgeShare PSCmdlet_Invoke-AzDataBoxEdgeShare PSCommand_Invoke-AzDataBoxEdgeShare PSCmdlet_Get-AzDataBoxEdgeBandwidthSchedule PSCommand_Get-AzDataBoxEdgeBandwidthSchedule PSCmdlet_Set-AzDataBoxEdgeBandwidthSchedule PSCommand_Set-AzDataBoxEdgeBandwidthSchedule PSCmdlet_New-AzDataBoxEdgeBandwidthSchedule PSCommand_New-AzDataBoxEdgeBandwidthSchedule PSCmdlet_Remove-AzDataBoxEdgeBandwidthSchedule PSCommand_Remove-AzDataBoxEdgeBandwidthSchedule PSCmdlet_Get-AzDataBoxEdgeRole PSCommand_Get-AzDataBoxEdgeRole PSCmdlet_Set-AzDataBoxEdgeRole PSCommand_Set-AzDataBoxEdgeRole PSCmdlet_New-AzDataBoxEdgeRole PSCommand_New-AzDataBoxEdgeRole PSCmdlet_Remove-AzDataBoxEdgeRole PSCommand_Remove-AzDataBoxEdgeRole PSCmdlet_Get-AzDataBoxEdgeTrigger PSCommand_Get-AzDataBoxEdgeTrigger PSCmdlet_New-AzDataBoxEdgeTrigger PSCommand_New-AzDataBoxEdgeTrigger PSCmdlet_Remove-AzDataBoxEdgeTrigger PSCommand_Remove-AzDataBoxEdgeTrigger PSCmdlet_Get-AzDataBoxEdgeOrder PSCommand_Get-AzDataBoxEdgeOrder PSCmdlet_New-AzDataBoxEdgeOrder PSCommand_New-AzDataBoxEdgeOrder PSCmdlet_Remove-AzDataBoxEdgeOrder PSCommand_Remove-AzDataBoxEdgeOrder PSCmdlet_Get-AzDataBoxEdgeStorageAccount PSCommand_Get-AzDataBoxEdgeStorageAccount PSCmdlet_New-AzDataBoxEdgeStorageAccount PSCommand_New-AzDataBoxEdgeStorageAccount PSCmdlet_Remove-AzDataBoxEdgeStorageAccount PSCommand_Remove-AzDataBoxEdgeStorageAccount PSCmdlet_Get-AzDataBoxEdgeStorageContainer PSCommand_Get-AzDataBoxEdgeStorageContainer PSCmdlet_New-AzDataBoxEdgeStorageContainer PSCommand_New-AzDataBoxEdgeStorageContainer PSCmdlet_Remove-AzDataBoxEdgeStorageContainer PSCommand_Remove-AzDataBoxEdgeStorageContainer PSCmdlet_Invoke-AzDataBoxEdgeStorageContainer PSCommand_Invoke-AzDataBoxEdgeStorageContainer PSIncludes_Cmdlet</S>
          <S N="developmentDependency">False</S>
          <S N="updated">2020-07-08T12:20:03Z</S>
          <S N="NormalizedVersion">1.1.0</S>
          <S N="Authors">Microsoft Corporation</S>
          <S N="IsPrerelease">false</S>
          <S N="ItemType">Module</S>
          <S N="FileList">Az.DataBoxEdge.nuspec|Az.DataBoxEdge.psd1|Az.DataBoxEdge.psm1|Microsoft.Azure.Management.DataBoxEdge.dll|Microsoft.Azure.PowerShell.Cmdlets.DataBoxEdge.deps.json|Microsoft.Azure.PowerShell.Cmdlets.DataBoxEdge.dll|Microsoft.Azure.PowerShell.Cmdlets.DataBoxEdge.dll-Help.xml|Microsoft.Azure.PowerShell.Cmdlets.DataBoxEdge.generated.format.ps1xml</S>
          <S N="GUID">3c11ef12-c79f-45fe-acdf-a2c784d99c97</S>
          <S N="PowerShellVersion">5.1</S>
          <S N="DotNetFrameworkVersion">4.7.2</S>
          <S N="CompanyName">Microsoft Corporation</S>
        </MS>
      </Obj>
      <S N="InstalledLocation">/Users/crenaud/git/assembly/abx/abx-powershell/Modules/Az.DataBoxEdge/1.1.0</S>
    </MS>
  </Obj>
</Objs>
