<Objs Version="1.1.0.1" xmlns="http://schemas.microsoft.com/powershell/2004/04">
  <Obj RefId="0">
    <TN RefId="0">
      <T>Microsoft.PowerShell.Commands.PSRepositoryItemInfo</T>
      <T>System.Management.Automation.PSCustomObject</T>
      <T>System.Object</T>
    </TN>
    <MS>
      <S N="Name">Az.ServiceFabric</S>
      <S N="Version">2.1.0</S>
      <S N="Type">Module</S>
      <S N="Description">Microsoft Azure PowerShell - Service Fabric cmdlets for Azure Resource Manager in Windows PowerShell and PowerShell Core._x000D__x000A__x000D__x000A_For more information on Service Fabric, please visit the following: https://docs.microsoft.com/azure/service-fabric/</S>
      <S N="Author">Microsoft Corporation</S>
      <S N="CompanyName">azure-sdk</S>
      <S N="Copyright">Microsoft Corporation. All rights reserved.</S>
      <DT N="PublishedDate">2020-05-19T10:38:09-04:00</DT>
      <Nil N="InstalledDate" />
      <Nil N="UpdatedDate" />
      <URI N="LicenseUri">https://aka.ms/azps-license</URI>
      <URI N="ProjectUri">https://github.com/Azure/azure-powershell</URI>
      <Nil N="IconUri" />
      <Obj N="Tags" RefId="1">
        <TN RefId="1">
          <T>System.Object[]</T>
          <T>System.Array</T>
          <T>System.Object</T>
        </TN>
        <LST>
          <S>Azure</S>
          <S>ResourceManager</S>
          <S>ARM</S>
          <S>ServiceFabric</S>
          <S>PSModule</S>
          <S>PSEdition_Core</S>
          <S>PSEdition_Desktop</S>
        </LST>
      </Obj>
      <Obj N="Includes" RefId="2">
        <TN RefId="2">
          <T>System.Collections.Hashtable</T>
          <T>System.Object</T>
        </TN>
        <DCT>
          <En>
            <S N="Key">RoleCapability</S>
            <Obj N="Value" RefId="3">
              <TNRef RefId="1" />
              <LST />
            </Obj>
          </En>
          <En>
            <S N="Key">Command</S>
            <Obj N="Value" RefId="4">
              <TNRef RefId="1" />
              <LST>
                <S>Add-AzServiceFabricClientCertificate</S>
                <S>Add-AzServiceFabricClusterCertificate</S>
                <S>Add-AzServiceFabricNode</S>
                <S>Add-AzServiceFabricNodeType</S>
                <S>Get-AzServiceFabricCluster</S>
                <S>New-AzServiceFabricCluster</S>
                <S>Remove-AzServiceFabricClientCertificate</S>
                <S>Remove-AzServiceFabricClusterCertificate</S>
                <S>Remove-AzServiceFabricNode</S>
                <S>Remove-AzServiceFabricNodeType</S>
                <S>Remove-AzServiceFabricSetting</S>
                <S>Set-AzServiceFabricSetting</S>
                <S>Set-AzServiceFabricUpgradeType</S>
                <S>Update-AzServiceFabricDurability</S>
                <S>Update-AzServiceFabricReliability</S>
                <S>New-AzServiceFabricApplication</S>
                <S>New-AzServiceFabricApplicationType</S>
                <S>New-AzServiceFabricApplicationTypeVersion</S>
                <S>New-AzServiceFabricService</S>
                <S>Update-AzServiceFabricApplication</S>
                <S>Get-AzServiceFabricApplication</S>
                <S>Get-AzServiceFabricApplicationType</S>
                <S>Get-AzServiceFabricApplicationTypeVersion</S>
                <S>Get-AzServiceFabricService</S>
                <S>Remove-AzServiceFabricApplication</S>
                <S>Remove-AzServiceFabricApplicationType</S>
                <S>Remove-AzServiceFabricApplicationTypeVersion</S>
                <S>Remove-AzServiceFabricService</S>
              </LST>
            </Obj>
          </En>
          <En>
            <S N="Key">Cmdlet</S>
            <Obj N="Value" RefId="5">
              <TNRef RefId="1" />
              <LST>
                <S>Add-AzServiceFabricClientCertificate</S>
                <S>Add-AzServiceFabricClusterCertificate</S>
                <S>Add-AzServiceFabricNode</S>
                <S>Add-AzServiceFabricNodeType</S>
                <S>Get-AzServiceFabricCluster</S>
                <S>New-AzServiceFabricCluster</S>
                <S>Remove-AzServiceFabricClientCertificate</S>
                <S>Remove-AzServiceFabricClusterCertificate</S>
                <S>Remove-AzServiceFabricNode</S>
                <S>Remove-AzServiceFabricNodeType</S>
                <S>Remove-AzServiceFabricSetting</S>
                <S>Set-AzServiceFabricSetting</S>
                <S>Set-AzServiceFabricUpgradeType</S>
                <S>Update-AzServiceFabricDurability</S>
                <S>Update-AzServiceFabricReliability</S>
                <S>New-AzServiceFabricApplication</S>
                <S>New-AzServiceFabricApplicationType</S>
                <S>New-AzServiceFabricApplicationTypeVersion</S>
                <S>New-AzServiceFabricService</S>
                <S>Update-AzServiceFabricApplication</S>
                <S>Get-AzServiceFabricApplication</S>
                <S>Get-AzServiceFabricApplicationType</S>
                <S>Get-AzServiceFabricApplicationTypeVersion</S>
                <S>Get-AzServiceFabricService</S>
                <S>Remove-AzServiceFabricApplication</S>
                <S>Remove-AzServiceFabricApplicationType</S>
                <S>Remove-AzServiceFabricApplicationTypeVersion</S>
                <S>Remove-AzServiceFabricService</S>
              </LST>
            </Obj>
          </En>
          <En>
            <S N="Key">Function</S>
            <Ref N="Value" RefId="3" />
          </En>
          <En>
            <S N="Key">Workflow</S>
            <Ref N="Value" RefId="3" />
          </En>
          <En>
            <S N="Key">DscResource</S>
            <Ref N="Value" RefId="3" />
          </En>
        </DCT>
      </Obj>
      <Nil N="PowerShellGetFormatVersion" />
      <S N="ReleaseNotes">* Fixed bug in add certificate using --SecretIdentifier that was getting the wrong certificate thumbprint</S>
      <Obj N="Dependencies" RefId="6">
        <TNRef RefId="1" />
        <LST>
          <Obj RefId="7">
            <TN RefId="3">
              <T>System.Collections.Specialized.OrderedDictionary</T>
              <T>System.Object</T>
            </TN>
            <DCT>
              <En>
                <S N="Key">Name</S>
                <S N="Value">Az.Accounts</S>
              </En>
              <En>
                <S N="Key">MinimumVersion</S>
                <S N="Value">1.8.0</S>
              </En>
              <En>
                <S N="Key">CanonicalId</S>
                <S N="Value">nuget:Az.Accounts/1.8.0</S>
              </En>
            </DCT>
          </Obj>
        </LST>
      </Obj>
      <S N="RepositorySourceLocation">https://www.powershellgallery.com/api/v2</S>
      <S N="Repository">PSGallery</S>
      <S N="PackageManagementProvider">NuGet</S>
      <Obj N="AdditionalMetadata" RefId="8">
        <TN RefId="4">
          <T>System.Management.Automation.PSCustomObject</T>
          <T>System.Object</T>
        </TN>
        <MS>
          <S N="copyright">Microsoft Corporation. All rights reserved.</S>
          <S N="description">Microsoft Azure PowerShell - Service Fabric cmdlets for Azure Resource Manager in Windows PowerShell and PowerShell Core._x000D__x000A__x000D__x000A_For more information on Service Fabric, please visit the following: https://docs.microsoft.com/azure/service-fabric/</S>
          <S N="requireLicenseAcceptance">True</S>
          <S N="releaseNotes">* Fixed bug in add certificate using --SecretIdentifier that was getting the wrong certificate thumbprint</S>
          <S N="isLatestVersion">True</S>
          <S N="isAbsoluteLatestVersion">True</S>
          <S N="versionDownloadCount">761156</S>
          <S N="downloadCount">6530056</S>
          <S N="packageSize">398471</S>
          <S N="published">5/19/2020 10:38:09 AM -04:00</S>
          <S N="created">5/19/2020 10:38:09 AM -04:00</S>
          <S N="lastUpdated">7/8/2020 12:19:49 PM -04:00</S>
          <S N="tags">Azure ResourceManager ARM ServiceFabric PSModule PSEdition_Core PSEdition_Desktop PSCmdlet_Add-AzServiceFabricClientCertificate PSCommand_Add-AzServiceFabricClientCertificate PSCmdlet_Add-AzServiceFabricClusterCertificate PSCommand_Add-AzServiceFabricClusterCertificate PSCmdlet_Add-AzServiceFabricNode PSCommand_Add-AzServiceFabricNode PSCmdlet_Add-AzServiceFabricNodeType PSCommand_Add-AzServiceFabricNodeType PSCmdlet_Get-AzServiceFabricCluster PSCommand_Get-AzServiceFabricCluster PSCmdlet_New-AzServiceFabricCluster PSCommand_New-AzServiceFabricCluster PSCmdlet_Remove-AzServiceFabricClientCertificate PSCommand_Remove-AzServiceFabricClientCertificate PSCmdlet_Remove-AzServiceFabricClusterCertificate PSCommand_Remove-AzServiceFabricClusterCertificate PSCmdlet_Remove-AzServiceFabricNode PSCommand_Remove-AzServiceFabricNode PSCmdlet_Remove-AzServiceFabricNodeType PSCommand_Remove-AzServiceFabricNodeType PSCmdlet_Remove-AzServiceFabricSetting PSCommand_Remove-AzServiceFabricSetting PSCmdlet_Set-AzServiceFabricSetting PSCommand_Set-AzServiceFabricSetting PSCmdlet_Set-AzServiceFabricUpgradeType PSCommand_Set-AzServiceFabricUpgradeType PSCmdlet_Update-AzServiceFabricDurability PSCommand_Update-AzServiceFabricDurability PSCmdlet_Update-AzServiceFabricReliability PSCommand_Update-AzServiceFabricReliability PSCmdlet_New-AzServiceFabricApplication PSCommand_New-AzServiceFabricApplication PSCmdlet_New-AzServiceFabricApplicationType PSCommand_New-AzServiceFabricApplicationType PSCmdlet_New-AzServiceFabricApplicationTypeVersion PSCommand_New-AzServiceFabricApplicationTypeVersion PSCmdlet_New-AzServiceFabricService PSCommand_New-AzServiceFabricService PSCmdlet_Update-AzServiceFabricApplication PSCommand_Update-AzServiceFabricApplication PSCmdlet_Get-AzServiceFabricApplication PSCommand_Get-AzServiceFabricApplication PSCmdlet_Get-AzServiceFabricApplicationType PSCommand_Get-AzServiceFabricApplicationType PSCmdlet_Get-AzServiceFabricApplicationTypeVersion PSCommand_Get-AzServiceFabricApplicationTypeVersion PSCmdlet_Get-AzServiceFabricService PSCommand_Get-AzServiceFabricService PSCmdlet_Remove-AzServiceFabricApplication PSCommand_Remove-AzServiceFabricApplication PSCmdlet_Remove-AzServiceFabricApplicationType PSCommand_Remove-AzServiceFabricApplicationType PSCmdlet_Remove-AzServiceFabricApplicationTypeVersion PSCommand_Remove-AzServiceFabricApplicationTypeVersion PSCmdlet_Remove-AzServiceFabricService PSCommand_Remove-AzServiceFabricService PSIncludes_Cmdlet</S>
          <S N="developmentDependency">False</S>
          <S N="updated">2020-07-08T12:19:49Z</S>
          <S N="NormalizedVersion">2.1.0</S>
          <S N="Authors">Microsoft Corporation</S>
          <S N="IsPrerelease">false</S>
          <S N="ItemType">Module</S>
          <S N="FileList">Az.ServiceFabric.nuspec|Az.ServiceFabric.psd1|Az.ServiceFabric.psm1|Microsoft.Azure.KeyVault.dll|Microsoft.Azure.KeyVault.WebKey.dll|Microsoft.Azure.Management.ServiceFabric.dll|Microsoft.Azure.PowerShell.Cmdlets.ServiceFabric.deps.json|Microsoft.Azure.PowerShell.Cmdlets.ServiceFabric.dll|Microsoft.Azure.PowerShell.Cmdlets.ServiceFabric.dll-Help.xml|ServiceFabric.format.ps1xml|Template\Linux\parameter.json|Template\Linux\template.json|Template\Service\parameter.json|Template\Service\template.json|Template\Windows\parameter.json|Template\Windows\template.json</S>
          <S N="GUID">f98e4fc9-6247-4e59-99a1-7b8ba13b3d1e</S>
          <S N="PowerShellVersion">5.1</S>
          <S N="DotNetFrameworkVersion">4.7.2</S>
          <S N="CompanyName">Microsoft Corporation</S>
        </MS>
      </Obj>
      <S N="InstalledLocation">/Users/crenaud/git/assembly/abx/abx-powershell/Modules/Az.ServiceFabric/2.1.0</S>
    </MS>
  </Obj>
</Objs>
