<Objs Version="1.1.0.1" xmlns="http://schemas.microsoft.com/powershell/2004/04">
  <Obj RefId="0">
    <TN RefId="0">
      <T>Microsoft.PowerShell.Commands.PSRepositoryItemInfo</T>
      <T>System.Management.Automation.PSCustomObject</T>
      <T>System.Object</T>
    </TN>
    <MS>
      <S N="Name">Az.StreamAnalytics</S>
      <S N="Version">1.0.1</S>
      <S N="Type">Module</S>
      <S N="Description">Microsoft Azure PowerShell - Stream Analytics service cmdlets for Azure Resource Manager in Windows PowerShell and PowerShell Core._x000D__x000A__x000D__x000A_For more information on Stream Analytics, please visit the following: https://docs.microsoft.com/azure/stream-analytics/</S>
      <S N="Author">Microsoft Corporation</S>
      <S N="CompanyName">azure-sdk</S>
      <S N="Copyright">Microsoft Corporation. All rights reserved.</S>
      <DT N="PublishedDate">2019-12-17T02:32:01-05:00</DT>
      <Nil N="InstalledDate" />
      <Nil N="UpdatedDate" />
      <URI N="LicenseUri">https://aka.ms/azps-license</URI>
      <URI N="ProjectUri">https://github.com/Azure/azure-powershell</URI>
      <Nil N="IconUri" />
      <Obj N="Tags" RefId="1">
        <TN RefId="1">
          <T>System.Object[]</T>
          <T>System.Array</T>
          <T>System.Object</T>
        </TN>
        <LST>
          <S>Azure</S>
          <S>ResourceManager</S>
          <S>ARM</S>
          <S>StreamAnalytics</S>
          <S>PSModule</S>
          <S>PSEdition_Core</S>
          <S>PSEdition_Desktop</S>
        </LST>
      </Obj>
      <Obj N="Includes" RefId="2">
        <TN RefId="2">
          <T>System.Collections.Hashtable</T>
          <T>System.Object</T>
        </TN>
        <DCT>
          <En>
            <S N="Key">RoleCapability</S>
            <Obj N="Value" RefId="3">
              <TNRef RefId="1" />
              <LST />
            </Obj>
          </En>
          <En>
            <S N="Key">Command</S>
            <Obj N="Value" RefId="4">
              <TNRef RefId="1" />
              <LST>
                <S>Get-AzStreamAnalyticsFunction</S>
                <S>Get-AzStreamAnalyticsDefaultFunctionDefinition</S>
                <S>New-AzStreamAnalyticsFunction</S>
                <S>Remove-AzStreamAnalyticsFunction</S>
                <S>Test-AzStreamAnalyticsFunction</S>
                <S>Get-AzStreamAnalyticsInput</S>
                <S>New-AzStreamAnalyticsInput</S>
                <S>Remove-AzStreamAnalyticsInput</S>
                <S>Test-AzStreamAnalyticsInput</S>
                <S>Get-AzStreamAnalyticsJob</S>
                <S>New-AzStreamAnalyticsJob</S>
                <S>Remove-AzStreamAnalyticsJob</S>
                <S>Start-AzStreamAnalyticsJob</S>
                <S>Stop-AzStreamAnalyticsJob</S>
                <S>Get-AzStreamAnalyticsOutput</S>
                <S>New-AzStreamAnalyticsOutput</S>
                <S>Remove-AzStreamAnalyticsOutput</S>
                <S>Test-AzStreamAnalyticsOutput</S>
                <S>Get-AzStreamAnalyticsQuota</S>
                <S>Get-AzStreamAnalyticsTransformation</S>
                <S>New-AzStreamAnalyticsTransformation</S>
              </LST>
            </Obj>
          </En>
          <En>
            <S N="Key">Cmdlet</S>
            <Obj N="Value" RefId="5">
              <TNRef RefId="1" />
              <LST>
                <S>Get-AzStreamAnalyticsFunction</S>
                <S>Get-AzStreamAnalyticsDefaultFunctionDefinition</S>
                <S>New-AzStreamAnalyticsFunction</S>
                <S>Remove-AzStreamAnalyticsFunction</S>
                <S>Test-AzStreamAnalyticsFunction</S>
                <S>Get-AzStreamAnalyticsInput</S>
                <S>New-AzStreamAnalyticsInput</S>
                <S>Remove-AzStreamAnalyticsInput</S>
                <S>Test-AzStreamAnalyticsInput</S>
                <S>Get-AzStreamAnalyticsJob</S>
                <S>New-AzStreamAnalyticsJob</S>
                <S>Remove-AzStreamAnalyticsJob</S>
                <S>Start-AzStreamAnalyticsJob</S>
                <S>Stop-AzStreamAnalyticsJob</S>
                <S>Get-AzStreamAnalyticsOutput</S>
                <S>New-AzStreamAnalyticsOutput</S>
                <S>Remove-AzStreamAnalyticsOutput</S>
                <S>Test-AzStreamAnalyticsOutput</S>
                <S>Get-AzStreamAnalyticsQuota</S>
                <S>Get-AzStreamAnalyticsTransformation</S>
                <S>New-AzStreamAnalyticsTransformation</S>
              </LST>
            </Obj>
          </En>
          <En>
            <S N="Key">Function</S>
            <Ref N="Value" RefId="3" />
          </En>
          <En>
            <S N="Key">Workflow</S>
            <Ref N="Value" RefId="3" />
          </En>
          <En>
            <S N="Key">DscResource</S>
            <Ref N="Value" RefId="3" />
          </En>
        </DCT>
      </Obj>
      <Nil N="PowerShellGetFormatVersion" />
      <S N="ReleaseNotes">* Update references in .psd1 to use relative path</S>
      <Obj N="Dependencies" RefId="6">
        <TNRef RefId="1" />
        <LST>
          <Obj RefId="7">
            <TN RefId="3">
              <T>System.Collections.Specialized.OrderedDictionary</T>
              <T>System.Object</T>
            </TN>
            <DCT>
              <En>
                <S N="Key">Name</S>
                <S N="Value">Az.Accounts</S>
              </En>
              <En>
                <S N="Key">MinimumVersion</S>
                <S N="Value">1.6.5</S>
              </En>
              <En>
                <S N="Key">CanonicalId</S>
                <S N="Value">nuget:Az.Accounts/1.6.5</S>
              </En>
            </DCT>
          </Obj>
        </LST>
      </Obj>
      <S N="RepositorySourceLocation">https://www.powershellgallery.com/api/v2</S>
      <S N="Repository">PSGallery</S>
      <S N="PackageManagementProvider">NuGet</S>
      <Obj N="AdditionalMetadata" RefId="8">
        <TN RefId="4">
          <T>System.Management.Automation.PSCustomObject</T>
          <T>System.Object</T>
        </TN>
        <MS>
          <S N="copyright">Microsoft Corporation. All rights reserved.</S>
          <S N="description">Microsoft Azure PowerShell - Stream Analytics service cmdlets for Azure Resource Manager in Windows PowerShell and PowerShell Core._x000D__x000A__x000D__x000A_For more information on Stream Analytics, please visit the following: https://docs.microsoft.com/azure/stream-analytics/</S>
          <S N="requireLicenseAcceptance">True</S>
          <S N="releaseNotes">* Update references in .psd1 to use relative path</S>
          <S N="isLatestVersion">True</S>
          <S N="isAbsoluteLatestVersion">True</S>
          <S N="versionDownloadCount">3125031</S>
          <S N="downloadCount">6463054</S>
          <S N="packageSize">146247</S>
          <S N="published">12/17/2019 2:32:01 AM -05:00</S>
          <S N="created">12/17/2019 2:32:01 AM -05:00</S>
          <S N="lastUpdated">7/8/2020 12:20:03 PM -04:00</S>
          <S N="tags">Azure ResourceManager ARM StreamAnalytics PSModule PSEdition_Core PSEdition_Desktop PSCmdlet_Get-AzStreamAnalyticsFunction PSCommand_Get-AzStreamAnalyticsFunction PSCmdlet_Get-AzStreamAnalyticsDefaultFunctionDefinition PSCommand_Get-AzStreamAnalyticsDefaultFunctionDefinition PSCmdlet_New-AzStreamAnalyticsFunction PSCommand_New-AzStreamAnalyticsFunction PSCmdlet_Remove-AzStreamAnalyticsFunction PSCommand_Remove-AzStreamAnalyticsFunction PSCmdlet_Test-AzStreamAnalyticsFunction PSCommand_Test-AzStreamAnalyticsFunction PSCmdlet_Get-AzStreamAnalyticsInput PSCommand_Get-AzStreamAnalyticsInput PSCmdlet_New-AzStreamAnalyticsInput PSCommand_New-AzStreamAnalyticsInput PSCmdlet_Remove-AzStreamAnalyticsInput PSCommand_Remove-AzStreamAnalyticsInput PSCmdlet_Test-AzStreamAnalyticsInput PSCommand_Test-AzStreamAnalyticsInput PSCmdlet_Get-AzStreamAnalyticsJob PSCommand_Get-AzStreamAnalyticsJob PSCmdlet_New-AzStreamAnalyticsJob PSCommand_New-AzStreamAnalyticsJob PSCmdlet_Remove-AzStreamAnalyticsJob PSCommand_Remove-AzStreamAnalyticsJob PSCmdlet_Start-AzStreamAnalyticsJob PSCommand_Start-AzStreamAnalyticsJob PSCmdlet_Stop-AzStreamAnalyticsJob PSCommand_Stop-AzStreamAnalyticsJob PSCmdlet_Get-AzStreamAnalyticsOutput PSCommand_Get-AzStreamAnalyticsOutput PSCmdlet_New-AzStreamAnalyticsOutput PSCommand_New-AzStreamAnalyticsOutput PSCmdlet_Remove-AzStreamAnalyticsOutput PSCommand_Remove-AzStreamAnalyticsOutput PSCmdlet_Test-AzStreamAnalyticsOutput PSCommand_Test-AzStreamAnalyticsOutput PSCmdlet_Get-AzStreamAnalyticsQuota PSCommand_Get-AzStreamAnalyticsQuota PSCmdlet_Get-AzStreamAnalyticsTransformation PSCommand_Get-AzStreamAnalyticsTransformation PSCmdlet_New-AzStreamAnalyticsTransformation PSCommand_New-AzStreamAnalyticsTransformation PSIncludes_Cmdlet</S>
          <S N="developmentDependency">False</S>
          <S N="updated">2020-07-08T12:20:03Z</S>
          <S N="NormalizedVersion">1.0.1</S>
          <S N="Authors">Microsoft Corporation</S>
          <S N="IsPrerelease">false</S>
          <S N="ItemType">Module</S>
          <S N="FileList">Az.StreamAnalytics.nuspec|Az.StreamAnalytics.psd1|Az.StreamAnalytics.psm1|Microsoft.Azure.Management.StreamAnalytics.dll|Microsoft.Azure.PowerShell.Cmdlets.StreamAnalytics.deps.json|Microsoft.Azure.PowerShell.Cmdlets.StreamAnalytics.dll|Microsoft.Azure.PowerShell.Cmdlets.StreamAnalytics.dll-Help.xml|StreamAnalytics.format.ps1xml</S>
          <S N="GUID">1fb42c21-81b6-4b14-af67-ad21f7867cd7</S>
          <S N="PowerShellVersion">5.1</S>
          <S N="DotNetFrameworkVersion">4.7.2</S>
          <S N="CompanyName">Microsoft Corporation</S>
        </MS>
      </Obj>
      <S N="InstalledLocation">/Users/crenaud/git/assembly/abx/abx-powershell/Modules/Az.StreamAnalytics/1.0.1</S>
    </MS>
  </Obj>
</Objs>
