<Objs Version="1.1.0.1" xmlns="http://schemas.microsoft.com/powershell/2004/04">
  <Obj RefId="0">
    <TN RefId="0">
      <T>Microsoft.PowerShell.Commands.PSRepositoryItemInfo</T>
      <T>System.Management.Automation.PSCustomObject</T>
      <T>System.Object</T>
    </TN>
    <MS>
      <S N="Name">Az.TrafficManager</S>
      <S N="Version">1.0.4</S>
      <S N="Type">Module</S>
      <S N="Description">Microsoft Azure PowerShell - Traffic Manager service cmdlets for Azure Resource Manager in Windows PowerShell and PowerShell Core._x000D__x000A__x000D__x000A_For more information on Traffic Manager, please visit the following: https://docs.microsoft.com/azure/traffic-manager/</S>
      <S N="Author">Microsoft Corporation</S>
      <S N="CompanyName">azure-sdk</S>
      <S N="Copyright">Microsoft Corporation. All rights reserved.</S>
      <DT N="PublishedDate">2020-05-19T10:39:07-04:00</DT>
      <Nil N="InstalledDate" />
      <Nil N="UpdatedDate" />
      <URI N="LicenseUri">https://aka.ms/azps-license</URI>
      <URI N="ProjectUri">https://github.com/Azure/azure-powershell</URI>
      <Nil N="IconUri" />
      <Obj N="Tags" RefId="1">
        <TN RefId="1">
          <T>System.Object[]</T>
          <T>System.Array</T>
          <T>System.Object</T>
        </TN>
        <LST>
          <S>Azure</S>
          <S>ResourceManager</S>
          <S>ARM</S>
          <S>TrafficManager</S>
          <S>PSModule</S>
          <S>PSEdition_Core</S>
          <S>PSEdition_Desktop</S>
        </LST>
      </Obj>
      <Obj N="Includes" RefId="2">
        <TN RefId="2">
          <T>System.Collections.Hashtable</T>
          <T>System.Object</T>
        </TN>
        <DCT>
          <En>
            <S N="Key">RoleCapability</S>
            <Obj N="Value" RefId="3">
              <TNRef RefId="1" />
              <LST />
            </Obj>
          </En>
          <En>
            <S N="Key">Command</S>
            <Obj N="Value" RefId="4">
              <TNRef RefId="1" />
              <LST>
                <S>Add-AzTrafficManagerCustomHeaderToEndpoint</S>
                <S>Remove-AzTrafficManagerCustomHeaderFromEndpoint</S>
                <S>Add-AzTrafficManagerCustomHeaderToProfile</S>
                <S>Remove-AzTrafficManagerCustomHeaderFromProfile</S>
                <S>Disable-AzTrafficManagerEndpoint</S>
                <S>Enable-AzTrafficManagerEndpoint</S>
                <S>Set-AzTrafficManagerEndpoint</S>
                <S>Get-AzTrafficManagerEndpoint</S>
                <S>Remove-AzTrafficManagerEndpoint</S>
                <S>New-AzTrafficManagerEndpoint</S>
                <S>Remove-AzTrafficManagerEndpointConfig</S>
                <S>Add-AzTrafficManagerEndpointConfig</S>
                <S>Add-AzTrafficManagerExpectedStatusCodeRange</S>
                <S>Remove-AzTrafficManagerExpectedStatusCodeRange</S>
                <S>Add-AzTrafficManagerIpAddressRange</S>
                <S>Remove-AzTrafficManagerIpAddressRange</S>
                <S>Disable-AzTrafficManagerProfile</S>
                <S>Enable-AzTrafficManagerProfile</S>
                <S>Remove-AzTrafficManagerProfile</S>
                <S>Set-AzTrafficManagerProfile</S>
                <S>Get-AzTrafficManagerProfile</S>
                <S>New-AzTrafficManagerProfile</S>
              </LST>
            </Obj>
          </En>
          <En>
            <S N="Key">Cmdlet</S>
            <Obj N="Value" RefId="5">
              <TNRef RefId="1" />
              <LST>
                <S>Add-AzTrafficManagerCustomHeaderToEndpoint</S>
                <S>Remove-AzTrafficManagerCustomHeaderFromEndpoint</S>
                <S>Add-AzTrafficManagerCustomHeaderToProfile</S>
                <S>Remove-AzTrafficManagerCustomHeaderFromProfile</S>
                <S>Disable-AzTrafficManagerEndpoint</S>
                <S>Enable-AzTrafficManagerEndpoint</S>
                <S>Set-AzTrafficManagerEndpoint</S>
                <S>Get-AzTrafficManagerEndpoint</S>
                <S>Remove-AzTrafficManagerEndpoint</S>
                <S>New-AzTrafficManagerEndpoint</S>
                <S>Remove-AzTrafficManagerEndpointConfig</S>
                <S>Add-AzTrafficManagerEndpointConfig</S>
                <S>Add-AzTrafficManagerExpectedStatusCodeRange</S>
                <S>Remove-AzTrafficManagerExpectedStatusCodeRange</S>
                <S>Add-AzTrafficManagerIpAddressRange</S>
                <S>Remove-AzTrafficManagerIpAddressRange</S>
                <S>Disable-AzTrafficManagerProfile</S>
                <S>Enable-AzTrafficManagerProfile</S>
                <S>Remove-AzTrafficManagerProfile</S>
                <S>Set-AzTrafficManagerProfile</S>
                <S>Get-AzTrafficManagerProfile</S>
                <S>New-AzTrafficManagerProfile</S>
              </LST>
            </Obj>
          </En>
          <En>
            <S N="Key">Function</S>
            <Ref N="Value" RefId="3" />
          </En>
          <En>
            <S N="Key">Workflow</S>
            <Ref N="Value" RefId="3" />
          </En>
          <En>
            <S N="Key">DscResource</S>
            <Ref N="Value" RefId="3" />
          </En>
        </DCT>
      </Obj>
      <Nil N="PowerShellGetFormatVersion" />
      <S N="ReleaseNotes">* Fixed incorrect profile name in 'DisableAzureTrafficManagerEndpoint' verbose output</S>
      <Obj N="Dependencies" RefId="6">
        <TNRef RefId="1" />
        <LST>
          <Obj RefId="7">
            <TN RefId="3">
              <T>System.Collections.Specialized.OrderedDictionary</T>
              <T>System.Object</T>
            </TN>
            <DCT>
              <En>
                <S N="Key">Name</S>
                <S N="Value">Az.Accounts</S>
              </En>
              <En>
                <S N="Key">MinimumVersion</S>
                <S N="Value">1.8.0</S>
              </En>
              <En>
                <S N="Key">CanonicalId</S>
                <S N="Value">nuget:Az.Accounts/1.8.0</S>
              </En>
            </DCT>
          </Obj>
        </LST>
      </Obj>
      <S N="RepositorySourceLocation">https://www.powershellgallery.com/api/v2</S>
      <S N="Repository">PSGallery</S>
      <S N="PackageManagementProvider">NuGet</S>
      <Obj N="AdditionalMetadata" RefId="8">
        <TN RefId="4">
          <T>System.Management.Automation.PSCustomObject</T>
          <T>System.Object</T>
        </TN>
        <MS>
          <S N="copyright">Microsoft Corporation. All rights reserved.</S>
          <S N="description">Microsoft Azure PowerShell - Traffic Manager service cmdlets for Azure Resource Manager in Windows PowerShell and PowerShell Core._x000D__x000A__x000D__x000A_For more information on Traffic Manager, please visit the following: https://docs.microsoft.com/azure/traffic-manager/</S>
          <S N="requireLicenseAcceptance">True</S>
          <S N="releaseNotes">* Fixed incorrect profile name in 'DisableAzureTrafficManagerEndpoint' verbose output</S>
          <S N="isLatestVersion">True</S>
          <S N="isAbsoluteLatestVersion">True</S>
          <S N="versionDownloadCount">759793</S>
          <S N="downloadCount">6500204</S>
          <S N="packageSize">123642</S>
          <S N="published">5/19/2020 10:39:07 AM -04:00</S>
          <S N="created">5/19/2020 10:39:07 AM -04:00</S>
          <S N="lastUpdated">7/8/2020 12:19:49 PM -04:00</S>
          <S N="tags">Azure ResourceManager ARM TrafficManager PSModule PSEdition_Core PSEdition_Desktop PSCmdlet_Add-AzTrafficManagerCustomHeaderToEndpoint PSCommand_Add-AzTrafficManagerCustomHeaderToEndpoint PSCmdlet_Remove-AzTrafficManagerCustomHeaderFromEndpoint PSCommand_Remove-AzTrafficManagerCustomHeaderFromEndpoint PSCmdlet_Add-AzTrafficManagerCustomHeaderToProfile PSCommand_Add-AzTrafficManagerCustomHeaderToProfile PSCmdlet_Remove-AzTrafficManagerCustomHeaderFromProfile PSCommand_Remove-AzTrafficManagerCustomHeaderFromProfile PSCmdlet_Disable-AzTrafficManagerEndpoint PSCommand_Disable-AzTrafficManagerEndpoint PSCmdlet_Enable-AzTrafficManagerEndpoint PSCommand_Enable-AzTrafficManagerEndpoint PSCmdlet_Set-AzTrafficManagerEndpoint PSCommand_Set-AzTrafficManagerEndpoint PSCmdlet_Get-AzTrafficManagerEndpoint PSCommand_Get-AzTrafficManagerEndpoint PSCmdlet_Remove-AzTrafficManagerEndpoint PSCommand_Remove-AzTrafficManagerEndpoint PSCmdlet_New-AzTrafficManagerEndpoint PSCommand_New-AzTrafficManagerEndpoint PSCmdlet_Remove-AzTrafficManagerEndpointConfig PSCommand_Remove-AzTrafficManagerEndpointConfig PSCmdlet_Add-AzTrafficManagerEndpointConfig PSCommand_Add-AzTrafficManagerEndpointConfig PSCmdlet_Add-AzTrafficManagerExpectedStatusCodeRange PSCommand_Add-AzTrafficManagerExpectedStatusCodeRange PSCmdlet_Remove-AzTrafficManagerExpectedStatusCodeRange PSCommand_Remove-AzTrafficManagerExpectedStatusCodeRange PSCmdlet_Add-AzTrafficManagerIpAddressRange PSCommand_Add-AzTrafficManagerIpAddressRange PSCmdlet_Remove-AzTrafficManagerIpAddressRange PSCommand_Remove-AzTrafficManagerIpAddressRange PSCmdlet_Disable-AzTrafficManagerProfile PSCommand_Disable-AzTrafficManagerProfile PSCmdlet_Enable-AzTrafficManagerProfile PSCommand_Enable-AzTrafficManagerProfile PSCmdlet_Remove-AzTrafficManagerProfile PSCommand_Remove-AzTrafficManagerProfile PSCmdlet_Set-AzTrafficManagerProfile PSCommand_Set-AzTrafficManagerProfile PSCmdlet_Get-AzTrafficManagerProfile PSCommand_Get-AzTrafficManagerProfile PSCmdlet_New-AzTrafficManagerProfile PSCommand_New-AzTrafficManagerProfile PSIncludes_Cmdlet</S>
          <S N="developmentDependency">False</S>
          <S N="updated">2020-07-08T12:19:49Z</S>
          <S N="NormalizedVersion">1.0.4</S>
          <S N="Authors">Microsoft Corporation</S>
          <S N="IsPrerelease">false</S>
          <S N="ItemType">Module</S>
          <S N="FileList">Az.TrafficManager.nuspec|Az.TrafficManager.psd1|Az.TrafficManager.psm1|Microsoft.Azure.Management.TrafficManager.dll|Microsoft.Azure.PowerShell.Cmdlets.TrafficManager.deps.json|Microsoft.Azure.PowerShell.Cmdlets.TrafficManager.dll|Microsoft.Azure.PowerShell.Cmdlets.TrafficManager.dll-Help.xml</S>
          <S N="GUID">fe9266bb-89fe-4eb4-a63a-cbefad974666</S>
          <S N="PowerShellVersion">5.1</S>
          <S N="DotNetFrameworkVersion">4.7.2</S>
          <S N="CompanyName">Microsoft Corporation</S>
        </MS>
      </Obj>
      <S N="InstalledLocation">/Users/crenaud/git/assembly/abx/abx-powershell/Modules/Az.TrafficManager/1.0.4</S>
    </MS>
  </Obj>
</Objs>
