<Objs Version="1.1.0.1" xmlns="http://schemas.microsoft.com/powershell/2004/04">
  <Obj RefId="0">
    <TN RefId="0">
      <T>Microsoft.PowerShell.Commands.PSRepositoryItemInfo</T>
      <T>System.Management.Automation.PSCustomObject</T>
      <T>System.Object</T>
    </TN>
    <MS>
      <S N="Name">Az.EventHub</S>
      <S N="Version">1.5.0</S>
      <S N="Type">Module</S>
      <S N="Description">Microsoft Azure PowerShell - Event Hubs service cmdlets for Azure Resource Manager in Windows PowerShell and PowerShell Core._x000D__x000A__x000D__x000A_For more information on Event Hubs, please visit the following: https://docs.microsoft.com/azure/event-hubs/</S>
      <S N="Author">Microsoft Corporation</S>
      <S N="CompanyName">azure-sdk</S>
      <S N="Copyright">Microsoft Corporation. All rights reserved.</S>
      <DT N="PublishedDate">2020-06-23T06:20:24-04:00</DT>
      <Nil N="InstalledDate" />
      <Nil N="UpdatedDate" />
      <URI N="LicenseUri">https://aka.ms/azps-license</URI>
      <URI N="ProjectUri">https://github.com/Azure/azure-powershell</URI>
      <Nil N="IconUri" />
      <Obj N="Tags" RefId="1">
        <TN RefId="1">
          <T>System.Object[]</T>
          <T>System.Array</T>
          <T>System.Object</T>
        </TN>
        <LST>
          <S>Azure</S>
          <S>ResourceManager</S>
          <S>ARM</S>
          <S>EventHub</S>
          <S>PSModule</S>
          <S>PSEdition_Core</S>
          <S>PSEdition_Desktop</S>
        </LST>
      </Obj>
      <Obj N="Includes" RefId="2">
        <TN RefId="2">
          <T>System.Collections.Hashtable</T>
          <T>System.Object</T>
        </TN>
        <DCT>
          <En>
            <S N="Key">RoleCapability</S>
            <Obj N="Value" RefId="3">
              <TNRef RefId="1" />
              <LST />
            </Obj>
          </En>
          <En>
            <S N="Key">Command</S>
            <Obj N="Value" RefId="4">
              <TNRef RefId="1" />
              <LST>
                <S>New-AzEventHubNamespace</S>
                <S>Get-AzEventHubNamespace</S>
                <S>Set-AzEventHubNamespace</S>
                <S>Remove-AzEventHubNamespace</S>
                <S>New-AzEventHubAuthorizationRule</S>
                <S>Get-AzEventHubAuthorizationRule</S>
                <S>Set-AzEventHubAuthorizationRule</S>
                <S>Remove-AzEventHubAuthorizationRule</S>
                <S>Get-AzEventHubKey</S>
                <S>New-AzEventHubKey</S>
                <S>New-AzEventHub</S>
                <S>Get-AzEventHub</S>
                <S>Set-AzEventHub</S>
                <S>Remove-AzEventHub</S>
                <S>New-AzEventHubConsumerGroup</S>
                <S>Get-AzEventHubConsumerGroup</S>
                <S>Set-AzEventHubConsumerGroup</S>
                <S>Remove-AzEventHubConsumerGroup</S>
                <S>New-AzEventHubGeoDRConfiguration</S>
                <S>Get-AzEventHubGeoDRConfiguration</S>
                <S>Remove-AzEventHubGeoDRConfiguration</S>
                <S>Set-AzEventHubGeoDRConfigurationBreakPair</S>
                <S>Set-AzEventHubGeoDRConfigurationFailOver</S>
                <S>Test-AzEventHubName</S>
                <S>Remove-AzEventHubIPRule</S>
                <S>Add-AzEventHubIPRule</S>
                <S>Remove-AzEventHubVirtualNetworkRule</S>
                <S>Add-AzEventHubVirtualNetworkRule</S>
                <S>Get-AzEventHubNetworkRuleSet</S>
                <S>Remove-AzEventHubNetworkRuleSet</S>
                <S>Set-AzEventHubNetworkRuleSet</S>
                <S>New-AzEventHubAuthorizationRuleSASToken</S>
              </LST>
            </Obj>
          </En>
          <En>
            <S N="Key">Cmdlet</S>
            <Obj N="Value" RefId="5">
              <TNRef RefId="1" />
              <LST>
                <S>New-AzEventHubNamespace</S>
                <S>Get-AzEventHubNamespace</S>
                <S>Set-AzEventHubNamespace</S>
                <S>Remove-AzEventHubNamespace</S>
                <S>New-AzEventHubAuthorizationRule</S>
                <S>Get-AzEventHubAuthorizationRule</S>
                <S>Set-AzEventHubAuthorizationRule</S>
                <S>Remove-AzEventHubAuthorizationRule</S>
                <S>Get-AzEventHubKey</S>
                <S>New-AzEventHubKey</S>
                <S>New-AzEventHub</S>
                <S>Get-AzEventHub</S>
                <S>Set-AzEventHub</S>
                <S>Remove-AzEventHub</S>
                <S>New-AzEventHubConsumerGroup</S>
                <S>Get-AzEventHubConsumerGroup</S>
                <S>Set-AzEventHubConsumerGroup</S>
                <S>Remove-AzEventHubConsumerGroup</S>
                <S>New-AzEventHubGeoDRConfiguration</S>
                <S>Get-AzEventHubGeoDRConfiguration</S>
                <S>Remove-AzEventHubGeoDRConfiguration</S>
                <S>Set-AzEventHubGeoDRConfigurationBreakPair</S>
                <S>Set-AzEventHubGeoDRConfigurationFailOver</S>
                <S>Test-AzEventHubName</S>
                <S>Remove-AzEventHubIPRule</S>
                <S>Add-AzEventHubIPRule</S>
                <S>Remove-AzEventHubVirtualNetworkRule</S>
                <S>Add-AzEventHubVirtualNetworkRule</S>
                <S>Get-AzEventHubNetworkRuleSet</S>
                <S>Remove-AzEventHubNetworkRuleSet</S>
                <S>Set-AzEventHubNetworkRuleSet</S>
                <S>New-AzEventHubAuthorizationRuleSASToken</S>
              </LST>
            </Obj>
          </En>
          <En>
            <S N="Key">Function</S>
            <Ref N="Value" RefId="3" />
          </En>
          <En>
            <S N="Key">Workflow</S>
            <Ref N="Value" RefId="3" />
          </En>
          <En>
            <S N="Key">DscResource</S>
            <Ref N="Value" RefId="3" />
          </En>
        </DCT>
      </Obj>
      <Nil N="PowerShellGetFormatVersion" />
      <S N="ReleaseNotes">* Added Managed Identity parameters to 'New-AzEventHubNamespace' and 'Set-AzEventHubNamespace' cmdlets</S>
      <Obj N="Dependencies" RefId="6">
        <TNRef RefId="1" />
        <LST>
          <Obj RefId="7">
            <TN RefId="3">
              <T>System.Collections.Specialized.OrderedDictionary</T>
              <T>System.Object</T>
            </TN>
            <DCT>
              <En>
                <S N="Key">Name</S>
                <S N="Value">Az.Accounts</S>
              </En>
              <En>
                <S N="Key">MinimumVersion</S>
                <S N="Value">1.9.0</S>
              </En>
              <En>
                <S N="Key">CanonicalId</S>
                <S N="Value">nuget:Az.Accounts/1.9.0</S>
              </En>
            </DCT>
          </Obj>
        </LST>
      </Obj>
      <S N="RepositorySourceLocation">https://www.powershellgallery.com/api/v2</S>
      <S N="Repository">PSGallery</S>
      <S N="PackageManagementProvider">NuGet</S>
      <Obj N="AdditionalMetadata" RefId="8">
        <TN RefId="4">
          <T>System.Management.Automation.PSCustomObject</T>
          <T>System.Object</T>
        </TN>
        <MS>
          <S N="copyright">Microsoft Corporation. All rights reserved.</S>
          <S N="description">Microsoft Azure PowerShell - Event Hubs service cmdlets for Azure Resource Manager in Windows PowerShell and PowerShell Core._x000D__x000A__x000D__x000A_For more information on Event Hubs, please visit the following: https://docs.microsoft.com/azure/event-hubs/</S>
          <S N="requireLicenseAcceptance">True</S>
          <S N="releaseNotes">* Added Managed Identity parameters to 'New-AzEventHubNamespace' and 'Set-AzEventHubNamespace' cmdlets</S>
          <S N="isLatestVersion">True</S>
          <S N="isAbsoluteLatestVersion">True</S>
          <S N="versionDownloadCount">268324</S>
          <S N="downloadCount">6579479</S>
          <S N="packageSize">216744</S>
          <S N="published">6/23/2020 6:20:24 AM -04:00</S>
          <S N="created">6/23/2020 6:20:24 AM -04:00</S>
          <S N="lastUpdated">7/8/2020 12:20:03 PM -04:00</S>
          <S N="tags">Azure ResourceManager ARM EventHub PSModule PSEdition_Core PSEdition_Desktop PSCmdlet_New-AzEventHubNamespace PSCommand_New-AzEventHubNamespace PSCmdlet_Get-AzEventHubNamespace PSCommand_Get-AzEventHubNamespace PSCmdlet_Set-AzEventHubNamespace PSCommand_Set-AzEventHubNamespace PSCmdlet_Remove-AzEventHubNamespace PSCommand_Remove-AzEventHubNamespace PSCmdlet_New-AzEventHubAuthorizationRule PSCommand_New-AzEventHubAuthorizationRule PSCmdlet_Get-AzEventHubAuthorizationRule PSCommand_Get-AzEventHubAuthorizationRule PSCmdlet_Set-AzEventHubAuthorizationRule PSCommand_Set-AzEventHubAuthorizationRule PSCmdlet_Remove-AzEventHubAuthorizationRule PSCommand_Remove-AzEventHubAuthorizationRule PSCmdlet_Get-AzEventHubKey PSCommand_Get-AzEventHubKey PSCmdlet_New-AzEventHubKey PSCommand_New-AzEventHubKey PSCmdlet_New-AzEventHub PSCommand_New-AzEventHub PSCmdlet_Get-AzEventHub PSCommand_Get-AzEventHub PSCmdlet_Set-AzEventHub PSCommand_Set-AzEventHub PSCmdlet_Remove-AzEventHub PSCommand_Remove-AzEventHub PSCmdlet_New-AzEventHubConsumerGroup PSCommand_New-AzEventHubConsumerGroup PSCmdlet_Get-AzEventHubConsumerGroup PSCommand_Get-AzEventHubConsumerGroup PSCmdlet_Set-AzEventHubConsumerGroup PSCommand_Set-AzEventHubConsumerGroup PSCmdlet_Remove-AzEventHubConsumerGroup PSCommand_Remove-AzEventHubConsumerGroup PSCmdlet_New-AzEventHubGeoDRConfiguration PSCommand_New-AzEventHubGeoDRConfiguration PSCmdlet_Get-AzEventHubGeoDRConfiguration PSCommand_Get-AzEventHubGeoDRConfiguration PSCmdlet_Remove-AzEventHubGeoDRConfiguration PSCommand_Remove-AzEventHubGeoDRConfiguration PSCmdlet_Set-AzEventHubGeoDRConfigurationBreakPair PSCommand_Set-AzEventHubGeoDRConfigurationBreakPair PSCmdlet_Set-AzEventHubGeoDRConfigurationFailOver PSCommand_Set-AzEventHubGeoDRConfigurationFailOver PSCmdlet_Test-AzEventHubName PSCommand_Test-AzEventHubName PSCmdlet_Remove-AzEventHubIPRule PSCommand_Remove-AzEventHubIPRule PSCmdlet_Add-AzEventHubIPRule PSCommand_Add-AzEventHubIPRule PSCmdlet_Remove-AzEventHubVirtualNetworkRule PSCommand_Remove-AzEventHubVirtualNetworkRule PSCmdlet_Add-AzEventHubVirtualNetworkRule PSCommand_Add-AzEventHubVirtualNetworkRule PSCmdlet_Get-AzEventHubNetworkRuleSet PSCommand_Get-AzEventHubNetworkRuleSet PSCmdlet_Remove-AzEventHubNetworkRuleSet PSCommand_Remove-AzEventHubNetworkRuleSet PSCmdlet_Set-AzEventHubNetworkRuleSet PSCommand_Set-AzEventHubNetworkRuleSet PSCmdlet_New-AzEventHubAuthorizationRuleSASToken PSCommand_New-AzEventHubAuthorizationRuleSASToken PSIncludes_Cmdlet</S>
          <S N="developmentDependency">False</S>
          <S N="updated">2020-07-08T12:20:03Z</S>
          <S N="NormalizedVersion">1.5.0</S>
          <S N="Authors">Microsoft Corporation</S>
          <S N="IsPrerelease">false</S>
          <S N="ItemType">Module</S>
          <S N="FileList">Az.EventHub.nuspec|Az.EventHub.psd1|Az.EventHub.psm1|EventHub.format.ps1xml|Microsoft.Azure.Management.EventHub.dll|Microsoft.Azure.PowerShell.Cmdlets.EventHub.deps.json|Microsoft.Azure.PowerShell.Cmdlets.EventHub.dll|Microsoft.Azure.PowerShell.Cmdlets.EventHub.dll-Help.xml</S>
          <S N="GUID">d1fc588c-f6f1-4c18-968b-94c7c1ee695d</S>
          <S N="PowerShellVersion">5.1</S>
          <S N="DotNetFrameworkVersion">4.7.2</S>
          <S N="CompanyName">Microsoft Corporation</S>
        </MS>
      </Obj>
      <S N="InstalledLocation">/Users/crenaud/git/assembly/abx/abx-powershell/Modules/Az.EventHub/1.5.0</S>
    </MS>
  </Obj>
</Objs>
