<Objs Version="1.1.0.1" xmlns="http://schemas.microsoft.com/powershell/2004/04">
  <Obj RefId="0">
    <TN RefId="0">
      <T>Microsoft.PowerShell.Commands.PSRepositoryItemInfo</T>
      <T>System.Management.Automation.PSCustomObject</T>
      <T>System.Object</T>
    </TN>
    <MS>
      <S N="Name">Az.Support</S>
      <S N="Version">1.0.0</S>
      <S N="Type">Module</S>
      <S N="Description">Microsoft Azure PowerShell - Azure Support cmdlets for Azure Resource Manager in Windows PowerShell and PowerShell Core.</S>
      <S N="Author">Microsoft Corporation</S>
      <S N="CompanyName">azure-sdk</S>
      <S N="Copyright">Microsoft Corporation. All rights reserved.</S>
      <DT N="PublishedDate">2020-03-31T07:40:32-04:00</DT>
      <Nil N="InstalledDate" />
      <Nil N="UpdatedDate" />
      <URI N="LicenseUri">https://aka.ms/azps-license</URI>
      <URI N="ProjectUri">https://github.com/Azure/azure-powershell</URI>
      <Nil N="IconUri" />
      <Obj N="Tags" RefId="1">
        <TN RefId="1">
          <T>System.Object[]</T>
          <T>System.Array</T>
          <T>System.Object</T>
        </TN>
        <LST>
          <S>Azure</S>
          <S>ResourceManager</S>
          <S>ARM</S>
          <S>Support</S>
          <S>PSModule</S>
          <S>PSEdition_Core</S>
          <S>PSEdition_Desktop</S>
        </LST>
      </Obj>
      <Obj N="Includes" RefId="2">
        <TN RefId="2">
          <T>System.Collections.Hashtable</T>
          <T>System.Object</T>
        </TN>
        <DCT>
          <En>
            <S N="Key">RoleCapability</S>
            <Obj N="Value" RefId="3">
              <TNRef RefId="1" />
              <LST />
            </Obj>
          </En>
          <En>
            <S N="Key">Command</S>
            <Obj N="Value" RefId="4">
              <TNRef RefId="1" />
              <LST>
                <S>Get-AzSupportService</S>
                <S>Get-AzSupportProblemClassification</S>
                <S>Get-AzSupportTicket</S>
                <S>Get-AzSupportTicketCommunication</S>
                <S>New-AzSupportTicketCommunication</S>
                <S>New-AzSupportTicket</S>
                <S>New-AzSupportContactProfileObject</S>
                <S>Update-AzSupportTicket</S>
              </LST>
            </Obj>
          </En>
          <En>
            <S N="Key">Cmdlet</S>
            <Obj N="Value" RefId="5">
              <TNRef RefId="1" />
              <LST>
                <S>Get-AzSupportService</S>
                <S>Get-AzSupportProblemClassification</S>
                <S>Get-AzSupportTicket</S>
                <S>Get-AzSupportTicketCommunication</S>
                <S>New-AzSupportTicketCommunication</S>
                <S>New-AzSupportTicket</S>
                <S>New-AzSupportContactProfileObject</S>
                <S>Update-AzSupportTicket</S>
              </LST>
            </Obj>
          </En>
          <En>
            <S N="Key">Function</S>
            <Ref N="Value" RefId="3" />
          </En>
          <En>
            <S N="Key">Workflow</S>
            <Ref N="Value" RefId="3" />
          </En>
          <En>
            <S N="Key">DscResource</S>
            <Ref N="Value" RefId="3" />
          </En>
        </DCT>
      </Obj>
      <Nil N="PowerShellGetFormatVersion" />
      <S N="ReleaseNotes">* General availability of 'Az.Support' module</S>
      <Obj N="Dependencies" RefId="6">
        <TNRef RefId="1" />
        <LST>
          <Obj RefId="7">
            <TN RefId="3">
              <T>System.Collections.Specialized.OrderedDictionary</T>
              <T>System.Object</T>
            </TN>
            <DCT>
              <En>
                <S N="Key">Name</S>
                <S N="Value">Az.Accounts</S>
              </En>
              <En>
                <S N="Key">MinimumVersion</S>
                <S N="Value">1.7.4</S>
              </En>
              <En>
                <S N="Key">CanonicalId</S>
                <S N="Value">nuget:Az.Accounts/1.7.4</S>
              </En>
            </DCT>
          </Obj>
        </LST>
      </Obj>
      <S N="RepositorySourceLocation">https://www.powershellgallery.com/api/v2</S>
      <S N="Repository">PSGallery</S>
      <S N="PackageManagementProvider">NuGet</S>
      <Obj N="AdditionalMetadata" RefId="8">
        <TN RefId="4">
          <T>System.Management.Automation.PSCustomObject</T>
          <T>System.Object</T>
        </TN>
        <MS>
          <S N="copyright">Microsoft Corporation. All rights reserved.</S>
          <S N="description">Microsoft Azure PowerShell - Azure Support cmdlets for Azure Resource Manager in Windows PowerShell and PowerShell Core.</S>
          <S N="requireLicenseAcceptance">True</S>
          <S N="releaseNotes">* General availability of 'Az.Support' module</S>
          <S N="isLatestVersion">True</S>
          <S N="isAbsoluteLatestVersion">True</S>
          <S N="versionDownloadCount">1537590</S>
          <S N="downloadCount">1537713</S>
          <S N="packageSize">133723</S>
          <S N="published">3/31/2020 7:40:32 AM -04:00</S>
          <S N="created">3/31/2020 7:40:32 AM -04:00</S>
          <S N="lastUpdated">7/8/2020 12:19:49 PM -04:00</S>
          <S N="tags">Azure ResourceManager ARM Support PSModule PSEdition_Core PSEdition_Desktop PSCmdlet_Get-AzSupportService PSCommand_Get-AzSupportService PSCmdlet_Get-AzSupportProblemClassification PSCommand_Get-AzSupportProblemClassification PSCmdlet_Get-AzSupportTicket PSCommand_Get-AzSupportTicket PSCmdlet_Get-AzSupportTicketCommunication PSCommand_Get-AzSupportTicketCommunication PSCmdlet_New-AzSupportTicketCommunication PSCommand_New-AzSupportTicketCommunication PSCmdlet_New-AzSupportTicket PSCommand_New-AzSupportTicket PSCmdlet_New-AzSupportContactProfileObject PSCommand_New-AzSupportContactProfileObject PSCmdlet_Update-AzSupportTicket PSCommand_Update-AzSupportTicket PSIncludes_Cmdlet</S>
          <S N="developmentDependency">False</S>
          <S N="updated">2020-07-08T12:19:49Z</S>
          <S N="NormalizedVersion">1.0.0</S>
          <S N="Authors">Microsoft Corporation</S>
          <S N="IsPrerelease">false</S>
          <S N="ItemType">Module</S>
          <S N="FileList">Az.Support.nuspec|Az.Support.psd1|Az.Support.psm1|Microsoft.Azure.Management.Support.dll|Microsoft.Azure.PowerShell.Cmdlets.Support.deps.json|Microsoft.Azure.PowerShell.Cmdlets.Support.dll|Microsoft.Azure.PowerShell.Cmdlets.Support.dll-Help.xml|Support.format.ps1xml</S>
          <S N="GUID">22d73af7-38c2-4bf6-b56f-4dc9db05d97a</S>
          <S N="PowerShellVersion">5.1</S>
          <S N="DotNetFrameworkVersion">4.7.2</S>
          <S N="CompanyName">Microsoft Corporation</S>
        </MS>
      </Obj>
      <S N="InstalledLocation">/Users/crenaud/git/assembly/abx/abx-powershell/Modules/Az.Support/1.0.0</S>
    </MS>
  </Obj>
</Objs>
