<Objs Version="1.1.0.1" xmlns="http://schemas.microsoft.com/powershell/2004/04">
  <Obj RefId="0">
    <TN RefId="0">
      <T>Microsoft.PowerShell.Commands.PSRepositoryItemInfo</T>
      <T>System.Management.Automation.PSCustomObject</T>
      <T>System.Object</T>
    </TN>
    <MS>
      <S N="Name">Az.DeploymentManager</S>
      <S N="Version">1.1.0</S>
      <S N="Type">Module</S>
      <S N="Description">PowerShell .Net Core Microsoft Azure PowerShell - Deployment Manager cmdlets for Azure Resource Manager._x000D__x000A_For more information, visit https://docs.microsoft.com/en-us/azure/azure-resource-manager/deployment-manager-overview</S>
      <S N="Author">Microsoft Corporation</S>
      <S N="CompanyName">azure-sdk</S>
      <S N="Copyright">Microsoft Corporation. All rights reserved.</S>
      <DT N="PublishedDate">2020-02-04T17:01:38-05:00</DT>
      <Nil N="InstalledDate" />
      <Nil N="UpdatedDate" />
      <URI N="LicenseUri">https://aka.ms/azps-license</URI>
      <URI N="ProjectUri">https://github.com/Azure/azure-powershell</URI>
      <Nil N="IconUri" />
      <Obj N="Tags" RefId="1">
        <TN RefId="1">
          <T>System.Object[]</T>
          <T>System.Array</T>
          <T>System.Object</T>
        </TN>
        <LST>
          <S>Azure</S>
          <S>ResourceManager</S>
          <S>ARM</S>
          <S>DeploymentManager</S>
          <S>PSModule</S>
          <S>PSEdition_Core</S>
          <S>PSEdition_Desktop</S>
        </LST>
      </Obj>
      <Obj N="Includes" RefId="2">
        <TN RefId="2">
          <T>System.Collections.Hashtable</T>
          <T>System.Object</T>
        </TN>
        <DCT>
          <En>
            <S N="Key">RoleCapability</S>
            <Obj N="Value" RefId="3">
              <TNRef RefId="1" />
              <LST />
            </Obj>
          </En>
          <En>
            <S N="Key">Command</S>
            <Obj N="Value" RefId="4">
              <TNRef RefId="1" />
              <LST>
                <S>Get-AzDeploymentManagerArtifactSource</S>
                <S>New-AzDeploymentManagerArtifactSource</S>
                <S>Set-AzDeploymentManagerArtifactSource</S>
                <S>Remove-AzDeploymentManagerArtifactSource</S>
                <S>Get-AzDeploymentManagerRollout</S>
                <S>Stop-AzDeploymentManagerRollout</S>
                <S>Restart-AzDeploymentManagerRollout</S>
                <S>Remove-AzDeploymentManagerRollout</S>
                <S>New-AzDeploymentManagerServiceTopology</S>
                <S>Get-AzDeploymentManagerServiceTopology</S>
                <S>Set-AzDeploymentManagerServiceTopology</S>
                <S>Remove-AzDeploymentManagerServiceTopology</S>
                <S>Get-AzDeploymentManagerService</S>
                <S>New-AzDeploymentManagerService</S>
                <S>Set-AzDeploymentManagerService</S>
                <S>Remove-AzDeploymentManagerService</S>
                <S>Get-AzDeploymentManagerServiceUnit</S>
                <S>New-AzDeploymentManagerServiceUnit</S>
                <S>Set-AzDeploymentManagerServiceUnit</S>
                <S>Remove-AzDeploymentManagerServiceUnit</S>
                <S>Get-AzDeploymentManagerStep</S>
                <S>New-AzDeploymentManagerStep</S>
                <S>Set-AzDeploymentManagerStep</S>
                <S>Remove-AzDeploymentManagerStep</S>
              </LST>
            </Obj>
          </En>
          <En>
            <S N="Key">Cmdlet</S>
            <Obj N="Value" RefId="5">
              <TNRef RefId="1" />
              <LST>
                <S>Get-AzDeploymentManagerArtifactSource</S>
                <S>New-AzDeploymentManagerArtifactSource</S>
                <S>Set-AzDeploymentManagerArtifactSource</S>
                <S>Remove-AzDeploymentManagerArtifactSource</S>
                <S>Get-AzDeploymentManagerRollout</S>
                <S>Stop-AzDeploymentManagerRollout</S>
                <S>Restart-AzDeploymentManagerRollout</S>
                <S>Remove-AzDeploymentManagerRollout</S>
                <S>New-AzDeploymentManagerServiceTopology</S>
                <S>Get-AzDeploymentManagerServiceTopology</S>
                <S>Set-AzDeploymentManagerServiceTopology</S>
                <S>Remove-AzDeploymentManagerServiceTopology</S>
                <S>Get-AzDeploymentManagerService</S>
                <S>New-AzDeploymentManagerService</S>
                <S>Set-AzDeploymentManagerService</S>
                <S>Remove-AzDeploymentManagerService</S>
                <S>Get-AzDeploymentManagerServiceUnit</S>
                <S>New-AzDeploymentManagerServiceUnit</S>
                <S>Set-AzDeploymentManagerServiceUnit</S>
                <S>Remove-AzDeploymentManagerServiceUnit</S>
                <S>Get-AzDeploymentManagerStep</S>
                <S>New-AzDeploymentManagerStep</S>
                <S>Set-AzDeploymentManagerStep</S>
                <S>Remove-AzDeploymentManagerStep</S>
              </LST>
            </Obj>
          </En>
          <En>
            <S N="Key">Function</S>
            <Ref N="Value" RefId="3" />
          </En>
          <En>
            <S N="Key">Workflow</S>
            <Ref N="Value" RefId="3" />
          </En>
          <En>
            <S N="Key">DscResource</S>
            <Ref N="Value" RefId="3" />
          </En>
        </DCT>
      </Obj>
      <Nil N="PowerShellGetFormatVersion" />
      <S N="ReleaseNotes">* Adds LIST operations for resources_x000D__x000A_* Adds capability for performing operations on Health Check steps</S>
      <Obj N="Dependencies" RefId="6">
        <TNRef RefId="1" />
        <LST>
          <Obj RefId="7">
            <TN RefId="3">
              <T>System.Collections.Specialized.OrderedDictionary</T>
              <T>System.Object</T>
            </TN>
            <DCT>
              <En>
                <S N="Key">Name</S>
                <S N="Value">Az.Accounts</S>
              </En>
              <En>
                <S N="Key">MinimumVersion</S>
                <S N="Value">1.7.1</S>
              </En>
              <En>
                <S N="Key">CanonicalId</S>
                <S N="Value">nuget:Az.Accounts/1.7.1</S>
              </En>
            </DCT>
          </Obj>
        </LST>
      </Obj>
      <S N="RepositorySourceLocation">https://www.powershellgallery.com/api/v2</S>
      <S N="Repository">PSGallery</S>
      <S N="PackageManagementProvider">NuGet</S>
      <Obj N="AdditionalMetadata" RefId="8">
        <TN RefId="4">
          <T>System.Management.Automation.PSCustomObject</T>
          <T>System.Object</T>
        </TN>
        <MS>
          <S N="copyright">Microsoft Corporation. All rights reserved.</S>
          <S N="description">PowerShell .Net Core Microsoft Azure PowerShell - Deployment Manager cmdlets for Azure Resource Manager._x000D__x000A_For more information, visit https://docs.microsoft.com/en-us/azure/azure-resource-manager/deployment-manager-overview</S>
          <S N="requireLicenseAcceptance">True</S>
          <S N="releaseNotes">* Adds LIST operations for resources_x000D__x000A_* Adds capability for performing operations on Health Check steps</S>
          <S N="isLatestVersion">True</S>
          <S N="isAbsoluteLatestVersion">True</S>
          <S N="versionDownloadCount">2431516</S>
          <S N="downloadCount">5666590</S>
          <S N="packageSize">159759</S>
          <S N="published">2/4/2020 5:01:38 PM -05:00</S>
          <S N="created">2/4/2020 5:01:38 PM -05:00</S>
          <S N="lastUpdated">7/8/2020 12:20:03 PM -04:00</S>
          <S N="tags">Azure ResourceManager ARM DeploymentManager PSModule PSEdition_Core PSEdition_Desktop PSCmdlet_Get-AzDeploymentManagerArtifactSource PSCommand_Get-AzDeploymentManagerArtifactSource PSCmdlet_New-AzDeploymentManagerArtifactSource PSCommand_New-AzDeploymentManagerArtifactSource PSCmdlet_Set-AzDeploymentManagerArtifactSource PSCommand_Set-AzDeploymentManagerArtifactSource PSCmdlet_Remove-AzDeploymentManagerArtifactSource PSCommand_Remove-AzDeploymentManagerArtifactSource PSCmdlet_Get-AzDeploymentManagerRollout PSCommand_Get-AzDeploymentManagerRollout PSCmdlet_Stop-AzDeploymentManagerRollout PSCommand_Stop-AzDeploymentManagerRollout PSCmdlet_Restart-AzDeploymentManagerRollout PSCommand_Restart-AzDeploymentManagerRollout PSCmdlet_Remove-AzDeploymentManagerRollout PSCommand_Remove-AzDeploymentManagerRollout PSCmdlet_New-AzDeploymentManagerServiceTopology PSCommand_New-AzDeploymentManagerServiceTopology PSCmdlet_Get-AzDeploymentManagerServiceTopology PSCommand_Get-AzDeploymentManagerServiceTopology PSCmdlet_Set-AzDeploymentManagerServiceTopology PSCommand_Set-AzDeploymentManagerServiceTopology PSCmdlet_Remove-AzDeploymentManagerServiceTopology PSCommand_Remove-AzDeploymentManagerServiceTopology PSCmdlet_Get-AzDeploymentManagerService PSCommand_Get-AzDeploymentManagerService PSCmdlet_New-AzDeploymentManagerService PSCommand_New-AzDeploymentManagerService PSCmdlet_Set-AzDeploymentManagerService PSCommand_Set-AzDeploymentManagerService PSCmdlet_Remove-AzDeploymentManagerService PSCommand_Remove-AzDeploymentManagerService PSCmdlet_Get-AzDeploymentManagerServiceUnit PSCommand_Get-AzDeploymentManagerServiceUnit PSCmdlet_New-AzDeploymentManagerServiceUnit PSCommand_New-AzDeploymentManagerServiceUnit PSCmdlet_Set-AzDeploymentManagerServiceUnit PSCommand_Set-AzDeploymentManagerServiceUnit PSCmdlet_Remove-AzDeploymentManagerServiceUnit PSCommand_Remove-AzDeploymentManagerServiceUnit PSCmdlet_Get-AzDeploymentManagerStep PSCommand_Get-AzDeploymentManagerStep PSCmdlet_New-AzDeploymentManagerStep PSCommand_New-AzDeploymentManagerStep PSCmdlet_Set-AzDeploymentManagerStep PSCommand_Set-AzDeploymentManagerStep PSCmdlet_Remove-AzDeploymentManagerStep PSCommand_Remove-AzDeploymentManagerStep PSIncludes_Cmdlet</S>
          <S N="developmentDependency">False</S>
          <S N="updated">2020-07-08T12:20:03Z</S>
          <S N="NormalizedVersion">1.1.0</S>
          <S N="Authors">Microsoft Corporation</S>
          <S N="IsPrerelease">false</S>
          <S N="ItemType">Module</S>
          <S N="FileList">Az.DeploymentManager.nuspec|Az.DeploymentManager.psd1|Az.DeploymentManager.psm1|Microsoft.Azure.Management.DeploymentManager.dll|Microsoft.Azure.PowerShell.Cmdlets.DeploymentManager.deps.json|Microsoft.Azure.PowerShell.Cmdlets.DeploymentManager.dll|Microsoft.Azure.PowerShell.Cmdlets.DeploymentManager.dll-Help.xml</S>
          <S N="GUID">caac1590-e859-444f-a9e0-62091c0f5929</S>
          <S N="PowerShellVersion">5.1</S>
          <S N="DotNetFrameworkVersion">4.7.2</S>
          <S N="CompanyName">Microsoft Corporation</S>
        </MS>
      </Obj>
      <S N="InstalledLocation">/Users/crenaud/git/assembly/abx/abx-powershell/Modules/Az.DeploymentManager/1.1.0</S>
    </MS>
  </Obj>
</Objs>
