<Objs Version="1.1.0.1" xmlns="http://schemas.microsoft.com/powershell/2004/04">
  <Obj RefId="0">
    <TN RefId="0">
      <T>Microsoft.PowerShell.Commands.PSRepositoryItemInfo</T>
      <T>System.Management.Automation.PSCustomObject</T>
      <T>System.Object</T>
    </TN>
    <MS>
      <S N="Name">Az.Billing</S>
      <S N="Version">1.0.3</S>
      <S N="Type">Module</S>
      <S N="Description">Microsoft Azure PowerShell - Billing service cmdlets for Azure Resource Manager in Windows PowerShell and PowerShell Core._x000D__x000A__x000D__x000A_For information on Billing, please visit the following: https://docs.microsoft.com/azure/billing/</S>
      <S N="Author">Microsoft Corporation</S>
      <S N="CompanyName">azure-sdk</S>
      <S N="Copyright">Microsoft Corporation. All rights reserved.</S>
      <DT N="PublishedDate">2020-06-02T04:13:32-04:00</DT>
      <Nil N="InstalledDate" />
      <Nil N="UpdatedDate" />
      <URI N="LicenseUri">https://aka.ms/azps-license</URI>
      <URI N="ProjectUri">https://github.com/Azure/azure-powershell</URI>
      <Nil N="IconUri" />
      <Obj N="Tags" RefId="1">
        <TN RefId="1">
          <T>System.Object[]</T>
          <T>System.Array</T>
          <T>System.Object</T>
        </TN>
        <LST>
          <S>Azure</S>
          <S>ResourceManager</S>
          <S>ARM</S>
          <S>Billing</S>
          <S>Consumption</S>
          <S>UsageAggregates</S>
          <S>PSModule</S>
          <S>PSEdition_Core</S>
          <S>PSEdition_Desktop</S>
        </LST>
      </Obj>
      <Obj N="Includes" RefId="2">
        <TN RefId="2">
          <T>System.Collections.Hashtable</T>
          <T>System.Object</T>
        </TN>
        <DCT>
          <En>
            <S N="Key">RoleCapability</S>
            <Obj N="Value" RefId="3">
              <TNRef RefId="1" />
              <LST />
            </Obj>
          </En>
          <En>
            <S N="Key">Command</S>
            <Obj N="Value" RefId="4">
              <TNRef RefId="1" />
              <LST>
                <S>Get-AzBillingInvoice</S>
                <S>Get-AzBillingPeriod</S>
                <S>Get-AzEnrollmentAccount</S>
                <S>Get-AzConsumptionBudget</S>
                <S>Get-AzConsumptionMarketplace</S>
                <S>Get-AzConsumptionPriceSheet</S>
                <S>Get-AzConsumptionReservationDetail</S>
                <S>Get-AzConsumptionReservationSummary</S>
                <S>Get-AzConsumptionUsageDetail</S>
                <S>New-AzConsumptionBudget</S>
                <S>Remove-AzConsumptionBudget</S>
                <S>Set-AzConsumptionBudget</S>
                <S>Get-UsageAggregates</S>
              </LST>
            </Obj>
          </En>
          <En>
            <S N="Key">Cmdlet</S>
            <Obj N="Value" RefId="5">
              <TNRef RefId="1" />
              <LST>
                <S>Get-AzBillingInvoice</S>
                <S>Get-AzBillingPeriod</S>
                <S>Get-AzEnrollmentAccount</S>
                <S>Get-AzConsumptionBudget</S>
                <S>Get-AzConsumptionMarketplace</S>
                <S>Get-AzConsumptionPriceSheet</S>
                <S>Get-AzConsumptionReservationDetail</S>
                <S>Get-AzConsumptionReservationSummary</S>
                <S>Get-AzConsumptionUsageDetail</S>
                <S>New-AzConsumptionBudget</S>
                <S>Remove-AzConsumptionBudget</S>
                <S>Set-AzConsumptionBudget</S>
                <S>Get-UsageAggregates</S>
              </LST>
            </Obj>
          </En>
          <En>
            <S N="Key">Function</S>
            <Ref N="Value" RefId="3" />
          </En>
          <En>
            <S N="Key">Workflow</S>
            <Ref N="Value" RefId="3" />
          </En>
          <En>
            <S N="Key">DscResource</S>
            <Ref N="Value" RefId="3" />
          </En>
        </DCT>
      </Obj>
      <Nil N="PowerShellGetFormatVersion" />
      <S N="ReleaseNotes">* Updated assembly version of consumption cmdlets</S>
      <Obj N="Dependencies" RefId="6">
        <TNRef RefId="1" />
        <LST>
          <Obj RefId="7">
            <TN RefId="3">
              <T>System.Collections.Specialized.OrderedDictionary</T>
              <T>System.Object</T>
            </TN>
            <DCT>
              <En>
                <S N="Key">Name</S>
                <S N="Value">Az.Accounts</S>
              </En>
              <En>
                <S N="Key">MinimumVersion</S>
                <S N="Value">1.8.1</S>
              </En>
              <En>
                <S N="Key">CanonicalId</S>
                <S N="Value">nuget:Az.Accounts/1.8.1</S>
              </En>
            </DCT>
          </Obj>
        </LST>
      </Obj>
      <S N="RepositorySourceLocation">https://www.powershellgallery.com/api/v2</S>
      <S N="Repository">PSGallery</S>
      <S N="PackageManagementProvider">NuGet</S>
      <Obj N="AdditionalMetadata" RefId="8">
        <TN RefId="4">
          <T>System.Management.Automation.PSCustomObject</T>
          <T>System.Object</T>
        </TN>
        <MS>
          <S N="copyright">Microsoft Corporation. All rights reserved.</S>
          <S N="description">Microsoft Azure PowerShell - Billing service cmdlets for Azure Resource Manager in Windows PowerShell and PowerShell Core._x000D__x000A__x000D__x000A_For information on Billing, please visit the following: https://docs.microsoft.com/azure/billing/</S>
          <S N="requireLicenseAcceptance">True</S>
          <S N="releaseNotes">* Updated assembly version of consumption cmdlets</S>
          <S N="isLatestVersion">True</S>
          <S N="isAbsoluteLatestVersion">False</S>
          <S N="versionDownloadCount">590189</S>
          <S N="downloadCount">6404162</S>
          <S N="packageSize">241857</S>
          <S N="published">6/2/2020 4:13:32 AM -04:00</S>
          <S N="created">6/2/2020 4:13:32 AM -04:00</S>
          <S N="lastUpdated">7/8/2020 12:19:49 PM -04:00</S>
          <S N="tags">Azure ResourceManager ARM Billing Consumption UsageAggregates PSModule PSEdition_Core PSEdition_Desktop PSCmdlet_Get-AzBillingInvoice PSCommand_Get-AzBillingInvoice PSCmdlet_Get-AzBillingPeriod PSCommand_Get-AzBillingPeriod PSCmdlet_Get-AzEnrollmentAccount PSCommand_Get-AzEnrollmentAccount PSCmdlet_Get-AzConsumptionBudget PSCommand_Get-AzConsumptionBudget PSCmdlet_Get-AzConsumptionMarketplace PSCommand_Get-AzConsumptionMarketplace PSCmdlet_Get-AzConsumptionPriceSheet PSCommand_Get-AzConsumptionPriceSheet PSCmdlet_Get-AzConsumptionReservationDetail PSCommand_Get-AzConsumptionReservationDetail PSCmdlet_Get-AzConsumptionReservationSummary PSCommand_Get-AzConsumptionReservationSummary PSCmdlet_Get-AzConsumptionUsageDetail PSCommand_Get-AzConsumptionUsageDetail PSCmdlet_New-AzConsumptionBudget PSCommand_New-AzConsumptionBudget PSCmdlet_Remove-AzConsumptionBudget PSCommand_Remove-AzConsumptionBudget PSCmdlet_Set-AzConsumptionBudget PSCommand_Set-AzConsumptionBudget PSCmdlet_Get-UsageAggregates PSCommand_Get-UsageAggregates PSIncludes_Cmdlet</S>
          <S N="developmentDependency">False</S>
          <S N="updated">2020-07-08T12:19:49Z</S>
          <S N="NormalizedVersion">1.0.3</S>
          <S N="Authors">Microsoft Corporation</S>
          <S N="IsPrerelease">false</S>
          <S N="ItemType">Module</S>
          <S N="FileList">Az.Billing.nuspec|Az.Billing.psd1|Az.Billing.psm1|Billing.format.ps1xml|Consumption.format.ps1xml|Microsoft.Azure.Commerce.UsageAggregates.dll|Microsoft.Azure.Management.Billing.dll|Microsoft.Azure.Management.Consumption.dll|Microsoft.Azure.PowerShell.Cmdlets.Billing.deps.json|Microsoft.Azure.PowerShell.Cmdlets.Billing.dll|Microsoft.Azure.PowerShell.Cmdlets.Billing.dll-Help.xml|Microsoft.Azure.PowerShell.Cmdlets.Consumption.deps.json|Microsoft.Azure.PowerShell.Cmdlets.Consumption.dll|Microsoft.Azure.PowerShell.Cmdlets.Consumption.dll-Help.xml|Microsoft.Azure.PowerShell.Cmdlets.UsageAggregates.deps.json|Microsoft.Azure.PowerShell.Cmdlets.UsageAggregates.dll|Microsoft.Azure.PowerShell.Cmdlets.UsageAggregates.dll-Help.xml|UsageAggregates.format.ps1xml</S>
          <S N="GUID">c59978aa-69f9-401a-bbdc-5c9f8286aa4f</S>
          <S N="PowerShellVersion">5.1</S>
          <S N="DotNetFrameworkVersion">4.7.2</S>
          <S N="CompanyName">Microsoft Corporation</S>
        </MS>
      </Obj>
      <S N="InstalledLocation">/Users/crenaud/git/assembly/abx/abx-powershell/Modules/Az.Billing/1.0.3</S>
    </MS>
  </Obj>
</Objs>
